"address","lat","lon","city","state","zip","type","status","owner","assessment","link","source","notes","human_confirmed"
"1709 N King St, Hampton, VA 23669","37.064732","-76.3481006","Hampton","VA","23669","RETAIL","ABANDONED","BURTON JULIAN T","$104,000","https://www.google.com/maps/place/King+Street+B+%26+T+Trailer/@37.064732,-76.3481006,3a,75y,276.11h,85.43t/data=!3m7!1e1!3m5!1s1y15Yp3Klkoq98VRIug5-A!2e0!6shttps:%2F%2Fstreetviewpixels-pa.googleapis.com%2Fv1%2Fthumbnail%3Fcb_client%3Dmaps_sv.tactile%26w%3D900%26h%3D600%26pitch%3D4.568575276472799%26panoid%3D1y15Yp3Klkoq98VRIug5-A%26yaw%3D276.10677757245287!7i16384!8i8192!4m6!3m5!1s0x89ba846465314e91:0x96ad085850d16052!8m2!3d37.0646306!4d-76.3485441!16s%2Fg%2F1ttdnww3?entry=ttu&g_ep=EgoyMDI1MDcxMy4wIKXMDSoASAFQAw%3D%3D","https://www.hampton.gov/235/Assessor-of-Real-Estate","",""
"1333 N King St, Hampton, VA 23669","37.0551007","-76.3472714","Hampton","VA","23669","RETAIL","ABANDONED","SWEENEY EMERY L JR & SONYA A","$164,900","https://www.google.com/maps/place/King+St+NFL+Store/@37.0551007,-76.3472714,3a,90y,290.9h,80.25t/data=!3m7!1e1!3m5!1sstyXu-iorohO1N38SzM6Ig!2e0!6shttps:%2F%2Fstreetviewpixels-pa.googleapis.com%2Fv1%2Fthumbnail%3Fcb_client%3Dmaps_sv.tactile%26w%3D900%26h%3D600%26pitch%3D9.749945819880637%26panoid%3DstyXu-iorohO1N38SzM6Ig%26yaw%3D290.9014239588865!7i16384!8i8192!4m6!3m5!1s0x89ba8489721af087:0x4a61473aa89ee2e!8m2!3d37.0552297!4d-76.3475083!16s%2Fg%2F113jxtkp5?entry=ttu&g_ep=EgoyMDI1MDcxMy4wIKXMDSoASAFQAw%3D%3D","https://www.hampton.gov/235/Assessor-of-Real-Estate","",""
"99 W Little Back River Rd, Hampton, VA 23669","37.0529083","-76.3473157","Hampton","VA","23669","RETAIL","ABANDONED","TRAN YEU","$172,300","https://www.google.com/maps/place/EZ+Shopping+Convenience/@37.0529083,-76.3473157,3a,75y,291.76h,82.4t/data=!3m7!1e1!3m5!1sc6WhQ-0D7TfYK7yoi7grjA!2e0!6shttps:%2F%2Fstreetviewpixels-pa.googleapis.com%2Fv1%2Fthumbnail%3Fcb_client%3Dmaps_sv.tactile%26w%3D900%26h%3D600%26pitch%3D7.601592527162865%26panoid%3Dc6WhQ-0D7TfYK7yoi7grjA%26yaw%3D291.76335464604233!7i16384!8i8192!4m6!3m5!1s0x89ba848eb43770ad:0x38726ea30ca2cfac!8m2!3d37.052961!4d-76.3475865!16s%2Fg%2F11f_kjzsr7?entry=ttu&g_ep=EgoyMDI1MDcxMy4wIKXMDSoASAFQAw%3D%3D","https://www.hampton.gov/235/Assessor-of-Real-Estate","",""
"227 Fox Hill Rd, Hampton, VA 23669","37.058176","-76.3301857","Hampton","VA","23669","COMMERCIAL","CHRONICALLY VACANT","WILLOW OAKS ASSOCIATES LLC","$10,993,700","https://www.google.com/maps/place/227+Fox+Hill+Rd+A2,+Hampton,+VA+23669/@37.058176,-76.3301857,906m/data=!3m2!1e3!4b1!4m6!3m5!1s0x89ba84579810fcf5:0xad8daeb36d131340!8m2!3d37.058176!4d-76.3276054!16s%2Fg%2F11n_ywtfrw?entry=ttu&g_ep=EgoyMDI1MDkyNC4wIKXMDSoASAFQAw%3D%3D","https://www.loopnet.com/Listing/217-237-Fox-Hill-Rd-Hampton-VA/17590799/","",""
"90 W Mercury Blvd, Hampton, VA 23669","37.0437832","-76.3556212","Hampton","VA","23669","RESIDENTIAL","ABANDONED","CARRITHERS INCORPORATED","$142,400","https://www.google.com/maps/place/90+W+Mercury+Blvd,+Hampton,+VA+23669/@37.0437832,-76.3556212,3a,60y,337.82h,84.05t/data=!3m7!1e1!3m5!1swJIz__sDxrEJdLiDr8533Q!2e0!6shttps:%2F%2Fstreetviewpixels-pa.googleapis.com%2Fv1%2Fthumbnail%3Fcb_client%3Dmaps_sv.tactile%26w%3D900%26h%3D600%26pitch%3D5.946450094647801%26panoid%3DwJIz__sDxrEJdLiDr8533Q%26yaw%3D337.822333777825!7i16384!8i8192!4m6!3m5!1s0x89ba849bd0cc250d:0xc4040f7db076957e!8m2!3d37.0439768!4d-76.3556563!16s%2Fg%2F11c1dknswk?entry=ttu&g_ep=EgoyMDI1MDcxMy4wIKXMDSoASAFQAw%3D%3D","","",""
"87 W Mercury Blvd, Hampton, VA 23669","37.0435278","-76.3556859","Hampton","VA","23669","RESIDENTIAL","ABANDONED","WARD EARL E & ELIZABETH C","$125,500","https://www.google.com/maps/place/Ward+Insurance+Services/@37.0435278,-76.3556859,3a,75y,181.79h,86.13t/data=!3m7!1e1!3m5!1srKkKCmAf3ROILgbDO8FR-A!2e0!6shttps:%2F%2Fstreetviewpixels-pa.googleapis.com%2Fv1%2Fthumbnail%3Fcb_client%3Dmaps_sv.tactile%26w%3D900%26h%3D600%26pitch%3D3.8702289069916986%26panoid%3DrKkKCmAf3ROILgbDO8FR-A%26yaw%3D181.79136143860435!7i16384!8i8192!4m6!3m5!1s0x89ba84997b934061:0x9d81aa017a893d7e!8m2!3d37.0433404!4d-76.3554769!16s%2Fg%2F1tdcbq4r?entry=ttu&g_ep=EgoyMDI1MDcxMy4wIKXMDSoASAFQAw%3D%3D","","",""
"1218 W Queen St, Hampton, VA 23669","37.0255713","-76.3661039","Hampton","VA","23669","RESIDENTIAL","ABANDONED","","","https://www.google.com/maps/place/1218+W+Queen+St,+Hampton,+VA+23669/@37.0255713,-76.3661039,107a,35y,2.96h,45.02t/data=!3m1!1e3!4m6!3m5!1s0x89ba8357ad0cb72d:0x125ef9710680d90!8m2!3d37.0265441!4d-76.3659692!16s%2Fg%2F11c22h2r7w?entry=ttu&g_ep=EgoyMDI1MDcxMy4wIKXMDSoASAFQAw%3D%3D","","",""
"1220 W Queen St, Hampton, VA 23669","37.0255856","-76.3663818","Hampton","VA","23669","RESIDENTIAL","ABANDONED","","","https://www.google.com/maps/place/1220+W+Queen+St,+Hampton,+VA+23669/@37.0255856,-76.3663818,107a,35y,2.96h,45.02t/data=!3m1!1e3!4m6!3m5!1s0x89ba8357ac8fee7f:0x4ee511c4582426b1!8m2!3d37.0265559!4d-76.3662176!16s%2Fg%2F11c4vws7xs?entry=ttu&g_ep=EgoyMDI1MDcxMy4wIKXMDSoASAFQAw%3D%3D","","",""
"1222 W Queen St, Hampton, VA 23669","37.0251143","-76.3662731","Hampton","VA","23669","RESIDENTIAL","ABANDONED","","","https://www.google.com/maps/place/1222+W+Queen+St,+Hampton,+VA+23669/@37.0251143,-76.3662731,127a,35y,343.77h,45t/data=!3m1!1e3!4m6!3m5!1s0x89ba8357aadd4eb9:0x386f4bcd43a2bbf9!8m2!3d37.0265152!4d-76.3665096!16s%2Fg%2F11cpn14tx9?entry=ttu&g_ep=EgoyMDI1MDcxMy4wIKXMDSoASAFQAw%3D%3D","","",""
"808 Childs Ave, Hampton, VA 23661","37.0097895","-76.398309","Hampton","VA","23661","WAREHOUSE","CHRONICALLY VACANT","TIDEWATER WAREHOUSE ASSOCIATES LLC","$4,246,800","https://www.google.com/maps/place/808+Childs+Ave,+Hampton,+VA+23661/@37.0097895,-76.398309,126a,35y,143.16h,45t/data=!3m1!1e3!4m6!3m5!1s0x89ba9cc4d99420af:0x3787f9fc0c404b6!8m2!3d37.0087565!4d-76.3976429!16s%2Fg%2F11c1h36fnh?entry=ttu&g_ep=EgoyMDI1MTAwNy4wIKXMDSoASAFQAw%3D%3D","https://www.loopnet.com/Listing/808-814-Childs-Ave-Hampton-VA/4068136/","",""
"905 G St., Hampton, VA 23661","37.0081512","-76.3924666","Hampton","VA","23661","INDUSTRIAL","CONDEMNED","905 G STREET LLC C/O JOHN MUNFORD","$1,344,700","https://www.google.com/maps/place/905+G+St,+Hampton,+VA+23661/@37.0081512,-76.3924666,3a,60y,300.37h,84.2t/data=!3m7!1e1!3m5!1sYKUQtaYnlzcF_OkahBD9wA!2e0!6shttps:%2F%2Fstreetviewpixels-pa.googleapis.com%2Fv1%2Fthumbnail%3Fcb_client%3Dmaps_sv.tactile%26w%3D900%26h%3D600%26pitch%3D5.800582255710907%26panoid%3DYKUQtaYnlzcF_OkahBD9wA%26yaw%3D300.36730795964564!7i16384!8i8192!4m6!3m5!1s0x89ba9cc5d3b8f87d:0x7486cff3d6ef1eb8!8m2!3d37.0087159!4d-76.3931597!16s%2Fg%2F11bw42_4cy?entry=ttu&g_ep=EgoyMDI1MDcxMy4wIKXMDSoASAFQAw%3D%3D","https://www.hampton.gov/DocumentCenter/View/100/condemned_properties","",""
"606 Beach Rd, Hampton, VA 23664","37.0810377","-76.295655","Hampton","VA","23664","COMMERCIAL","ABANDONED","DEEP WATER INVESTMENTS LLC","$42,500","https://www.google.com/maps/place/Mitchell+Co/@37.0810377,-76.295655,3a,48.9y,127.52h,78.89t/data=!3m7!1e1!3m5!1sarM_5xqOx-UeczBINgTXWw!2e0!6shttps:%2F%2Fstreetviewpixels-pa.googleapis.com%2Fv1%2Fthumbnail%3Fcb_client%3Dmaps_sv.tactile%26w%3D900%26h%3D600%26pitch%3D11.107902625781875%26panoid%3DarM_5xqOx-UeczBINgTXWw%26yaw%3D127.5233137131558!7i16384!8i8192!4m6!3m5!1s0x89ba85c266ca0f33:0xe539453aa831cebf!8m2!3d37.0809626!4d-76.2955347!16s%2Fg%2F11tbwm1zjy?entry=ttu&g_ep=EgoyMDI1MDkyNC4wIKXMDSoASAFQAw%3D%3D","https://www.hampton.gov/235/Assessor-of-Real-Estate","",""
"604 Beach Rd, Hampton, VA 23664","37.080957","-76.2958118","Hampton","VA","23664","COMMERCIAL","ABANDONED","MITCHELL LUTHER & IVY","$60,600","https://www.google.com/maps/place/604+Beach+Rd,+Hampton,+VA+23664/@37.080957,-76.2958118,135m/data=!3m1!1e3!4m6!3m5!1s0x89ba85c266fe2755:0xed5e6f457c02c9ad!8m2!3d37.0808842!4d-76.29552!16s%2Fg%2F11c232fbnk?entry=ttu&g_ep=EgoyMDI1MTAwOC4wIKXMDSoASAFQAw%3D%3D","https://www.hampton.gov/235/Assessor-of-Real-Estate","",""
"2101 Kecoughtan Rd., Hampton, VA 23661","37.0018079","-76.3804559","Hampton","VA","23661","RESIDENTIAL","CONDEMNED","A10 BAF 2021-D REO COLONIAL LANDING","$2,092,800","https://www.google.com/maps/place/2101+Kecoughtan+Rd,+Hampton,+VA+23661/@37.0018079,-76.3804559,3a,49.7y,264.13h,89.26t/data=!3m7!1e1!3m5!1skKGPwMVfgkSq-2PySxuQ2g!2e0!6shttps:%2F%2Fstreetviewpixels-pa.googleapis.com%2Fv1%2Fthumbnail%3Fcb_client%3Dmaps_sv.tactile%26w%3D900%26h%3D600%26pitch%3D0.7431743735964176%26panoid%3DkKGPwMVfgkSq-2PySxuQ2g%26yaw%3D264.12875689567386!7i16384!8i8192!4m6!3m5!1s0x89ba9cbc29b3bdd1:0xae2286cd584483d4!8m2!3d37.0017026!4d-76.3811267!16s%2Fg%2F11c5dwclpj?entry=ttu&g_ep=EgoyMDI1MDcxMy4wIKXMDSoASAFQAw%3D%3D","https://www.hampton.gov/DocumentCenter/View/100/condemned_properties","",""
"17 W Mellen St, Hampton, VA 23663","37.0195835","-76.3233032","Hampton","VA","23663","COMMERCIAL","VACANT","FRAZIER MAURICE W REVOCABLE TRUST","$208,000","https://www.google.com/maps/place/The+Upper+Room+Music+%26+Cultural+Arts+Studio/@37.0195835,-76.3233032,3a,75y,202.78h,87.46t/data=!3m7!1e1!3m5!1sf88nR47mvjntC8F5KUefoA!2e0!6shttps:%2F%2Fstreetviewpixels-pa.googleapis.com%2Fv1%2Fthumbnail%3Fcb_client%3Dmaps_sv.tactile%26w%3D900%26h%3D600%26pitch%3D2.5369566068641802%26panoid%3Df88nR47mvjntC8F5KUefoA%26yaw%3D202.7783010214321!7i16384!8i8192!4m15!1m8!3m7!1s0x89ba84d152323849:0xce7abe7e386ac9b3!2s17+W+Mellen+St,+Hampton,+VA+23663!3b1!8m2!3d37.019326!4d-76.3235129!16s%2Fg%2F11c1z34xqh!3m5!1s0x89ba8560a60fe5a1:0x7e7544a6ff5fd7a3!8m2!3d37.0193166!4d-76.3235113!16s%2Fg%2F11ghs1px0f?entry=ttu&g_ep=EgoyMDI1MDkyNC4wIKXMDSoASAFQAw%3D%3D","https://www.hampton.gov/235/Assessor-of-Real-Estate","",""
"206 S Hope St, Hampton, VA 23663","37.0172593","-76.3229892","Hampton","VA","23663","INDUSTRIAL","PROBABLY VACANT","THE TWISTED CRAB-PROPERTIES LLC","$717,300","https://www.google.com/maps/place/12+E+Howard+St,+Hampton,+VA+23663/@37.0172593,-76.3229892,3a,75y,214.92h,62.98t/data=!3m7!1e1!3m5!1suMP1rpqCLb44gl6fvszn1Q!2e0!6shttps:%2F%2Fstreetviewpixels-pa.googleapis.com%2Fv1%2Fthumbnail%3Fcb_client%3Dmaps_sv.tactile%26w%3D900%26h%3D600%26pitch%3D27.015964859577878%26panoid%3DuMP1rpqCLb44gl6fvszn1Q%26yaw%3D214.9187525225558!7i16384!8i8192!4m6!3m5!1s0x89ba84d4768bdd05:0x4873702eb585c8ba!8m2!3d37.0171279!4d-76.323108!16s%2Fg%2F11c2g2cbv3?entry=ttu&g_ep=EgoyMDI1MDkyNC4wIKXMDSoASAFQAw%3D%3D","https://www.hampton.gov/235/Assessor-of-Real-Estate","",""
"504 E Mercury Blvd, Hampton, VA 23663","37.0248638","-76.3220514","Hampton","VA","23663","COMMERCIAL","VACANT","NGUYEN MARIA NGOC DUNG","$151,300","https://www.google.com/maps/place/504+E+Mercury+Blvd,+Hampton,+VA+23663/@37.0248638,-76.3220514,29a,56.8y,263.98h,47.33t/data=!3m1!1e3!4m6!3m5!1s0x89ba84d9f02f862d:0xa0bc1eddbaa3960f!8m2!3d37.0247578!4d-76.3225344!16s%2Fg%2F11cpd4ksh4?entry=ttu&g_ep=EgoyMDI1MTAwNy4wIKXMDSoASAFQAw%3D%3D","https://www.hampton.gov/235/Assessor-of-Real-Estate","",""
"2538 W Pembroke Ave, Hampton, VA 23661","36.9987741","-76.4058432","Hampton","VA","23661","COMMERCIAL OFFICE","VACANT","JOHNSON WALTER B & SHARON W LIVING","$134,300","https://www.google.com/maps/place/2538+W+Pembroke+Ave,+Hampton,+VA+23661/@36.9987741,-76.4058432,3a,70.9y,332.54h,94.15t/data=!3m7!1e1!3m5!1sI3cd1ClKsOCQ93hO8a9ODw!2e0!6shttps:%2F%2Fstreetviewpixels-pa.googleapis.com%2Fv1%2Fthumbnail%3Fcb_client%3Dmaps_sv.tactile%26w%3D900%26h%3D600%26pitch%3D-4.153349675803426%26panoid%3DI3cd1ClKsOCQ93hO8a9ODw%26yaw%3D332.5364915383397!7i16384!8i8192!4m15!1m8!3m7!1s0x89ba9ce11be78abd:0x5639a9b69076074!2s2538+W+Pembroke+Ave,+Hampton,+VA+23661!3b1!8m2!3d36.999072!4d-76.4061508!16s%2Fg%2F11c1hyt7q0!3m5!1s0x89ba9ce11be78abd:0x5639a9b69076074!8m2!3d36.999072!4d-76.4061508!16s%2Fg%2F11c1hyt7q0?entry=ttu&g_ep=EgoyMDI1MDkyNC4wIKXMDSoASAFQAw%3D%3D","","",""
"40 W County St, Hampton, VA 23663","37.020647","-76.322993","Hampton","VA","23663","COMMERCIAL","ABANDONED","TRAN YEU","$162,100","https://www.google.com/maps/place/40+W+County+St,+Hampton,+VA+23663/@37.0203169,-76.3241604,122a,35y,62.77h,45t/data=!3m1!1e3!4m6!3m5!1s0x89ba84d6ce1a124d:0x16055809d7f917a4!8m2!3d37.0206594!4d-76.3227811!16s%2Fg%2F11b8v5gvxx?entry=ttu&g_ep=EgoyMDI1MTAwNy4wIKXMDSoASAFQAw%3D%3D","","",""
"3217 Commander Shepard Boulevard, Hampton, VA 23666","37.0908947","-76.3864093","Hampton","VA","23666","COMMERCIAL OFFICE","VACANT","EMERALD ONE HOLDINGS LLC","$1,121,300","https://www.google.com/maps/place/3217+Commander+Shepard+Boulevard,+Hampton,+VA+23666/@37.0908947,-76.3864093,3a,83.2y,221.61h,86.2t/data=!3m7!1e1!3m5!1sNKynksgwTh9lp2KYRT5GuQ!2e0!6shttps:%2F%2Fstreetviewpixels-pa.googleapis.com%2Fv1%2Fthumbnail%3Fcb_client%3Dmaps_sv.tactile%26w%3D900%26h%3D600%26pitch%3D3.8031281684377376%26panoid%3DNKynksgwTh9lp2KYRT5GuQ%26yaw%3D221.61029243400634!7i16384!8i8192!4m6!3m5!1s0x89ba83e9e1fb329d:0x68597d90285a0cc1!8m2!3d37.0904263!4d-76.3868563!16s%2Fg%2F11cncjg959?entry=ttu&g_ep=EgoyMDI1MDkyNC4wIKXMDSoASAFQAw%3D%3D","","",""
"2103 Kecoughtan Rd., Hampton, VA 23661","37.0018079","-76.3804559","Hampton","VA","23661","RESIDENTIAL","CONDEMNED","A10 BAF 2021-D REO COLONIAL LANDING","$1,642,300","https://www.google.com/maps/place/2101+Kecoughtan+Rd,+Hampton,+VA+23661/@37.0018079,-76.3804559,3a,49.7y,264.13h,89.26t/data=!3m7!1e1!3m5!1skKGPwMVfgkSq-2PySxuQ2g!2e0!6shttps:%2F%2Fstreetviewpixels-pa.googleapis.com%2Fv1%2Fthumbnail%3Fcb_client%3Dmaps_sv.tactile%26w%3D900%26h%3D600%26pitch%3D0.7431743735964176%26panoid%3DkKGPwMVfgkSq-2PySxuQ2g%26yaw%3D264.12875689567386!7i16384!8i8192!4m6!3m5!1s0x89ba9cbc29b3bdd1:0xae2286cd584483d4!8m2!3d37.0017026!4d-76.3811267!16s%2Fg%2F11c5dwclpj?entry=ttu&g_ep=EgoyMDI1MDcxMy4wIKXMDSoASAFQAw%3D%3D","","",""
"2105 Kecoughtan Rd., Hampton, VA 23661","37.0018079","-76.3804559","Hampton","VA","23661","RESIDENTIAL","CONDEMNED","A10 BAF 2021-D REO COLONIAL LANDING","$1,642,300","https://www.google.com/maps/place/2101+Kecoughtan+Rd,+Hampton,+VA+23661/@37.0018079,-76.3804559,3a,49.7y,264.13h,89.26t/data=!3m7!1e1!3m5!1skKGPwMVfgkSq-2PySxuQ2g!2e0!6shttps:%2F%2Fstreetviewpixels-pa.googleapis.com%2Fv1%2Fthumbnail%3Fcb_client%3Dmaps_sv.tactile%26w%3D900%26h%3D600%26pitch%3D0.7431743735964176%26panoid%3DkKGPwMVfgkSq-2PySxuQ2g%26yaw%3D264.12875689567386!7i16384!8i8192!4m6!3m5!1s0x89ba9cbc29b3bdd1:0xae2286cd584483d4!8m2!3d37.0017026!4d-76.3811267!16s%2Fg%2F11c5dwclpj?entry=ttu&g_ep=EgoyMDI1MDcxMy4wIKXMDSoASAFQAw%3D%3D","","",""
"2107 Kecoughtan Rd., Hampton, VA 23661","37.0018079","-76.3804559","Hampton","VA","23661","RESIDENTIAL","CONDEMNED","A10 BAF 2021-D REO COLONIAL LANDING","$1,642,300","https://www.google.com/maps/place/2101+Kecoughtan+Rd,+Hampton,+VA+23661/@37.0018079,-76.3804559,3a,49.7y,264.13h,89.26t/data=!3m7!1e1!3m5!1skKGPwMVfgkSq-2PySxuQ2g!2e0!6shttps:%2F%2Fstreetviewpixels-pa.googleapis.com%2Fv1%2Fthumbnail%3Fcb_client%3Dmaps_sv.tactile%26w%3D900%26h%3D600%26pitch%3D0.7431743735964176%26panoid%3DkKGPwMVfgkSq-2PySxuQ2g%26yaw%3D264.12875689567386!7i16384!8i8192!4m6!3m5!1s0x89ba9cbc29b3bdd1:0xae2286cd584483d4!8m2!3d37.0017026!4d-76.3811267!16s%2Fg%2F11c5dwclpj?entry=ttu&g_ep=EgoyMDI1MDcxMy4wIKXMDSoASAFQAw%3D%3D","","",""
"2109 Kecoughtan Rd., Hampton, VA 23661","37.0018079","-76.3804559","Hampton","VA","23661","RESIDENTIAL","CONDEMNED","A10 BAF 2021-D REO COLONIAL LANDING","$1,642,300","https://www.google.com/maps/place/2101+Kecoughtan+Rd,+Hampton,+VA+23661/@37.0018079,-76.3804559,3a,49.7y,264.13h,89.26t/data=!3m7!1e1!3m5!1skKGPwMVfgkSq-2PySxuQ2g!2e0!6shttps:%2F%2Fstreetviewpixels-pa.googleapis.com%2Fv1%2Fthumbnail%3Fcb_client%3Dmaps_sv.tactile%26w%3D900%26h%3D600%26pitch%3D0.7431743735964176%26panoid%3DkKGPwMVfgkSq-2PySxuQ2g%26yaw%3D264.12875689567386!7i16384!8i8192!4m6!3m5!1s0x89ba9cbc29b3bdd1:0xae2286cd584483d4!8m2!3d37.0017026!4d-76.3811267!16s%2Fg%2F11c5dwclpj?entry=ttu&g_ep=EgoyMDI1MDcxMy4wIKXMDSoASAFQAw%3D%3D","","",""
"2111 Kecoughtan Rd., Hampton, VA 23661","37.0018079","-76.3804559","Hampton","VA","23661","RESIDENTIAL","CONDEMNED","A10 BAF 2021-D REO COLONIAL LANDING","$1,642,300","https://www.google.com/maps/place/2101+Kecoughtan+Rd,+Hampton,+VA+23661/@37.0018079,-76.3804559,3a,49.7y,264.13h,89.26t/data=!3m7!1e1!3m5!1skKGPwMVfgkSq-2PySxuQ2g!2e0!6shttps:%2F%2Fstreetviewpixels-pa.googleapis.com%2Fv1%2Fthumbnail%3Fcb_client%3Dmaps_sv.tactile%26w%3D900%26h%3D600%26pitch%3D0.7431743735964176%26panoid%3DkKGPwMVfgkSq-2PySxuQ2g%26yaw%3D264.12875689567386!7i16384!8i8192!4m6!3m5!1s0x89ba9cbc29b3bdd1:0xae2286cd584483d4!8m2!3d37.0017026!4d-76.3811267!16s%2Fg%2F11c5dwclpj?entry=ttu&g_ep=EgoyMDI1MDcxMy4wIKXMDSoASAFQAw%3D%3D","","",""
"2113 Kecoughtan Rd., Hampton, VA 23661","37.0018079","-76.3804559","Hampton","VA","23661","RESIDENTIAL","CONDEMNED","A10 BAF 2021-D REO COLONIAL LANDING","$1,642,300","https://www.google.com/maps/place/2101+Kecoughtan+Rd,+Hampton,+VA+23661/@37.0018079,-76.3804559,3a,49.7y,264.13h,89.26t/data=!3m7!1e1!3m5!1skKGPwMVfgkSq-2PySxuQ2g!2e0!6shttps:%2F%2Fstreetviewpixels-pa.googleapis.com%2Fv1%2Fthumbnail%3Fcb_client%3Dmaps_sv.tactile%26w%3D900%26h%3D600%26pitch%3D0.7431743735964176%26panoid%3DkKGPwMVfgkSq-2PySxuQ2g%26yaw%3D264.12875689567386!7i16384!8i8192!4m6!3m5!1s0x89ba9cbc29b3bdd1:0xae2286cd584483d4!8m2!3d37.0017026!4d-76.3811267!16s%2Fg%2F11c5dwclpj?entry=ttu&g_ep=EgoyMDI1MDcxMy4wIKXMDSoASAFQAw%3D%3D","","",""
"2115 Kecoughtan Rd., Hampton, VA 23661","37.0018079","-76.3804559","Hampton","VA","23661","RESIDENTIAL","CONDEMNED","A10 BAF 2021-D REO COLONIAL LANDING","$1,642,300","https://www.google.com/maps/place/2101+Kecoughtan+Rd,+Hampton,+VA+23661/@37.0018079,-76.3804559,3a,49.7y,264.13h,89.26t/data=!3m7!1e1!3m5!1skKGPwMVfgkSq-2PySxuQ2g!2e0!6shttps:%2F%2Fstreetviewpixels-pa.googleapis.com%2Fv1%2Fthumbnail%3Fcb_client%3Dmaps_sv.tactile%26w%3D900%26h%3D600%26pitch%3D0.7431743735964176%26panoid%3DkKGPwMVfgkSq-2PySxuQ2g%26yaw%3D264.12875689567386!7i16384!8i8192!4m6!3m5!1s0x89ba9cbc29b3bdd1:0xae2286cd584483d4!8m2!3d37.0017026!4d-76.3811267!16s%2Fg%2F11c5dwclpj?entry=ttu&g_ep=EgoyMDI1MDcxMy4wIKXMDSoASAFQAw%3D%3D","","",""
"2117 Kecoughtan Rd., Hampton, VA 23661","37.0018079","-76.3804559","Hampton","VA","23661","RESIDENTIAL","CONDEMNED","A10 BAF 2021-D REO COLONIAL LANDING","$1,642,300","https://www.google.com/maps/place/2101+Kecoughtan+Rd,+Hampton,+VA+23661/@37.0018079,-76.3804559,3a,49.7y,264.13h,89.26t/data=!3m7!1e1!3m5!1skKGPwMVfgkSq-2PySxuQ2g!2e0!6shttps:%2F%2Fstreetviewpixels-pa.googleapis.com%2Fv1%2Fthumbnail%3Fcb_client%3Dmaps_sv.tactile%26w%3D900%26h%3D600%26pitch%3D0.7431743735964176%26panoid%3DkKGPwMVfgkSq-2PySxuQ2g%26yaw%3D264.12875689567386!7i16384!8i8192!4m6!3m5!1s0x89ba9cbc29b3bdd1:0xae2286cd584483d4!8m2!3d37.0017026!4d-76.3811267!16s%2Fg%2F11c5dwclpj?entry=ttu&g_ep=EgoyMDI1MDcxMy4wIKXMDSoASAFQAw%3D%3D","","",""
"2119 Kecoughtan Rd., Hampton, VA 23661","37.0018079","-76.3804559","Hampton","VA","23661","RESIDENTIAL","CONDEMNED","A10 BAF 2021-D REO COLONIAL LANDING","$1,642,300","https://www.google.com/maps/place/2101+Kecoughtan+Rd,+Hampton,+VA+23661/@37.0018079,-76.3804559,3a,49.7y,264.13h,89.26t/data=!3m7!1e1!3m5!1skKGPwMVfgkSq-2PySxuQ2g!2e0!6shttps:%2F%2Fstreetviewpixels-pa.googleapis.com%2Fv1%2Fthumbnail%3Fcb_client%3Dmaps_sv.tactile%26w%3D900%26h%3D600%26pitch%3D0.7431743735964176%26panoid%3DkKGPwMVfgkSq-2PySxuQ2g%26yaw%3D264.12875689567386!7i16384!8i8192!4m6!3m5!1s0x89ba9cbc29b3bdd1:0xae2286cd584483d4!8m2!3d37.0017026!4d-76.3811267!16s%2Fg%2F11c5dwclpj?entry=ttu&g_ep=EgoyMDI1MDcxMy4wIKXMDSoASAFQAw%3D%3D","","",""
"2121 Kecoughtan Rd., Hampton, VA 23661","37.0018079","-76.3804559","Hampton","VA","23661","RESIDENTIAL","CONDEMNED","A10 BAF 2021-D REO COLONIAL LANDING","$1,642,300","https://www.google.com/maps/place/2101+Kecoughtan+Rd,+Hampton,+VA+23661/@37.0018079,-76.3804559,3a,49.7y,264.13h,89.26t/data=!3m7!1e1!3m5!1skKGPwMVfgkSq-2PySxuQ2g!2e0!6shttps:%2F%2Fstreetviewpixels-pa.googleapis.com%2Fv1%2Fthumbnail%3Fcb_client%3Dmaps_sv.tactile%26w%3D900%26h%3D600%26pitch%3D0.7431743735964176%26panoid%3DkKGPwMVfgkSq-2PySxuQ2g%26yaw%3D264.12875689567386!7i16384!8i8192!4m6!3m5!1s0x89ba9cbc29b3bdd1:0xae2286cd584483d4!8m2!3d37.0017026!4d-76.3811267!16s%2Fg%2F11c5dwclpj?entry=ttu&g_ep=EgoyMDI1MDcxMy4wIKXMDSoASAFQAw%3D%3D","","",""
"720 Kecoughtan Rd., Hampton, VA 23661","36.994758","-76.3930141","Hampton","VA","23661","RETAIL","CONDEMNED","HOGGE MYRTLE E TRUSTEE & HOGGE RAYMOND L JR TRUSTEE","$113,200","https://www.google.com/maps/place/720+Kecoughtan+Rd,+Hampton,+VA+23661/@36.994758,-76.3930141,3a,75y,126.6h,80.4t/data=!3m7!1e1!3m5!1sXreVDmPN53W16qZMjaxjtA!2e0!6shttps:%2F%2Fstreetviewpixels-pa.googleapis.com%2Fv1%2Fthumbnail%3Fcb_client%3Dmaps_sv.tactile%26w%3D900%26h%3D600%26pitch%3D9.600888169663222%26panoid%3DXreVDmPN53W16qZMjaxjtA%26yaw%3D126.59677524188638!7i16384!8i8192!4m6!3m5!1s0x89ba9ceea7e221b5:0x60e4e0a7a58e934b!8m2!3d36.9946034!4d-76.3928081!16s%2Fg%2F11c11kvkrd?entry=ttu&g_ep=EgoyMDI1MDcxMy4wIKXMDSoASAFQAw%3D%3D","","",""
"607 Hannah St., Hampton, VA 23661","37.0050687","-76.388453","Hampton","VA","23661","RESIDENTIAL","CONDEMNED","SMITH MARCUS D","$45,000","https://www.google.com/maps/place/607+Hannah+St,+Hampton,+VA+23661/@37.0050687,-76.388453,3a,75y,229.5h,84.18t/data=!3m7!1e1!3m5!1s022apmRUEr_I6qX6-vQgaQ!2e0!6shttps:%2F%2Fstreetviewpixels-pa.googleapis.com%2Fv1%2Fthumbnail%3Fcb_client%3Dmaps_sv.tactile%26w%3D900%26h%3D600%26pitch%3D5.821449056839782%26panoid%3D022apmRUEr_I6qX6-vQgaQ%26yaw%3D229.4967364500793!7i16384!8i8192!4m6!3m5!1s0x89ba9cc0c95e6aa9:0xc00cacb5ffc116e0!8m2!3d37.0049753!4d-76.3886316!16s%2Fg%2F11c27sg15f?entry=ttu&g_ep=EgoyMDI1MDcxMy4wIKXMDSoASAFQAw%3D%3D","","Dropped from Hampton condemned list (updated Jan 26, 2026). May have been demolished or brought into compliance.",""
"1139 Jasmine St., Hampton, VA 23663","37.0271831","-76.3098375","Hampton","VA","23663","RESIDENTIAL","CONDEMNED","MATTOX JOHN W & ANGELA S","$60,000","https://www.google.com/maps/place/1139+Jasmine+St,+Hampton,+VA+23663/@37.0271831,-76.3098375,3a,75y,323.08h,72.54t/data=!3m7!1e1!3m5!1s8Yuu8Vr8_-P9AxPGzlQnLg!2e0!6shttps:%2F%2Fstreetviewpixels-pa.googleapis.com%2Fv1%2Fthumbnail%3Fcb_client%3Dmaps_sv.tactile%26w%3D900%26h%3D600%26pitch%3D17.459021686716667%26panoid%3D8Yuu8Vr8_-P9AxPGzlQnLg%26yaw%3D323.0819564947447!7i13312!8i6656!4m6!3m5!1s0x89ba8524730696c9:0x74bf86223279681e!8m2!3d37.0272817!4d-76.3100175!16s%2Fg%2F11c1x_96fm?entry=ttu&g_ep=EgoyMDI1MDcxMy4wIKXMDSoASAFQAw%3D%3D","","Dropped from Hampton condemned list (updated Jan 26, 2026). May have been demolished or brought into compliance.",""
"2 Monroe Dr., Hampton, VA 23669","37.0437629","-76.343111","Hampton","VA","23669","RESIDENTIAL","CONDEMNED","ALLSBROOK ROBERT V III","$150,500","https://www.google.com/maps/place/2+Monroe+Dr,+Hampton,+VA+23669/@37.0437629,-76.343111,3a,68.4y,51.12h,87.84t/data=!3m7!1e1!3m5!1sUhzQ3M_o8mpoIBDlgaZjsw!2e0!6shttps:%2F%2Fstreetviewpixels-pa.googleapis.com%2Fv1%2Fthumbnail%3Fcb_client%3Dmaps_sv.tactile%26w%3D900%26h%3D600%26pitch%3D2.1645915397777884%26panoid%3DUhzQ3M_o8mpoIBDlgaZjsw%26yaw%3D51.11812140093685!7i16384!8i8192!4m6!3m5!1s0x89ba84930e4efc71:0x5a624d5a8184e987!8m2!3d37.0439225!4d-76.3428573!16s%2Fg%2F11c144hsyl?entry=ttu&g_ep=EgoyMDI1MDcxMy4wIKXMDSoASAFQAw%3D%3D","","Dropped from Hampton condemned list (updated Jan 26, 2026). May have been demolished or brought into compliance.",""
"989 N King St, Hampton, VA 23669","37.0392936","-76.3491319","Hampton","VA","23669","COMMERCIAL","VACANT","D GARCIA PROPERTY MANAGEMENT LLC","$783,100","https://www.google.com/maps/place/989+N+King+St,+Hampton,+VA+23669/@37.0392936,-76.3491319,107m/data=!3m1!1e3!4m9!1m2!2m1!1srite+aid+hampton+va!3m5!1s0x89ba84964f6bfd05:0x9c9eb52f0d485a33!8m2!3d37.0392936!4d-76.3486007!16s%2Fg%2F11cncjf6lh?entry=ttu&g_ep=EgoyMDI1MTAwOC4wIKXMDSoASAFQAw%3D%3D","","",""
"2353 W Pembroke Ave, Hampton, VA 23661","37.0021061","-76.4017819","Hampton","VA","23661","COMMERCIAL","VACANT","KERSHAW KARLA ALLISON & KERSHAW KELL","$276,400","https://www.google.com/maps/place/K%22s+Auto+Center/@37.0021061,-76.4017819,3a,75y,149.15h,90.81t/data=!3m7!1e1!3m5!1sRv3uY-o1Q6mpzhuN_sZocQ!2e0!6shttps:%2F%2Fstreetviewpixels-pa.googleapis.com%2Fv1%2Fthumbnail%3Fcb_client%3Dmaps_sv.tactile%26w%3D900%26h%3D600%26pitch%3D-0.809997877604232%26panoid%3DRv3uY-o1Q6mpzhuN_sZocQ%26yaw%3D149.14876684634856!7i16384!8i8192!4m9!1m2!2m1!1srite+aid+hampton+va!3m5!1s0x89ba9cdd816e48d7:0xcfd628b1083edba2!8m2!3d37.0018819!4d-76.4016549!16s%2Fg%2F1tdh9bm2?entry=ttu&g_ep=EgoyMDI1MTAwOC4wIKXMDSoASAFQAw%3D%3D","","",""
"750 E. Little Back River Rd., Hampton, VA 23669","37.0646486","-76.3378502","Hampton","VA","23669","RESIDENTIAL","CONDEMNED","MCKOY KEVIN","$326,000","https://www.google.com/maps/place/750+E+Little+Back+River+Rd/@37.0646486,-76.3378502,3a,60y,152.45h,90.2t/data=!3m7!1e1!3m5!1sZP6bfYVm0qp97h--T8ngvg!2e0!6shttps:%2F%2Fstreetviewpixels-pa.googleapis.com%2Fv1%2Fthumbnail%3Fcb_client%3Dmaps_sv.tactile%26w%3D900%26h%3D600%26pitch%3D-0.20078123114835478%26panoid%3DZP6bfYVm0qp97h--T8ngvg%26yaw%3D152.44868779266417!7i16384!8i8192!4m6!3m5!1s0x89ba845b521fb55b:0x5d660f4d7056a818!4b1!8m2!3d37.067023!4d-76.3343673?entry=ttu&g_ep=EgoyMDI1MDcxMy4wIKXMDSoASAFQAw%3D%3D","","Dropped from Hampton condemned list (updated Jan 26, 2026). May have been demolished or brought into compliance.",""
"4813 W Mercury Blvd, Hampton, VA 23666","37.0245471","-76.4344211","Hampton","VA","23666","COMMERCIAL","VACANT","NORTH KENNETH C TR HARBOR REALTY TR","$1,710,000","https://www.google.com/maps/place/Rite+Aid/@37.0245471,-76.4344211,381m/data=!3m1!1e3!4m10!1m2!2m1!1srite+aid+hampton+va!3m6!1s0x89ba9d355e0ad72f:0x2586b93a5f9bd938!8m2!3d37.024547!4d-76.432526!15sChNyaXRlIGFpZCBoYW1wdG9uIHZhIgOIAQFaFSITcml0ZSBhaWQgaGFtcHRvbiB2YZIBCWRydWdzdG9yZaoBYwoNL2cvMTFiYzVneHduOQoJL20vMDVsbTd6EAEqDCIIcml0ZSBhaWQoADIeEAEiGmnL8fXytBo-2T1_xldrqFWMVCsqK1QYSlCXMhcQAiITcml0ZSBhaWQgaGFtcHRvbiB2YeABAA!16s%2Fg%2F1tfrc23f?entry=ttu&g_ep=EgoyMDI1MTAwOC4wIKXMDSoASAFQAw%3D%3D","","",""
"1940 Power Plant Pkwy., Hampton, VA 23666","37.0341806","-76.3920389","Hampton","VA","23666","RESTAURANT","VACANT","HAMPTON ROADS ASSOCIATES LLC C/O CORDISH","$2,260,200","https://www.google.com/maps/place/1940+Power+Plant+Pkwy,+Hampton,+VA+23666/@37.0341806,-76.3920389,3a,61.5y,69.83h,92.4t/data=!3m7!1e1!3m5!1smaiJLuFIuiBfpi_OVB3KCQ!2e0!6shttps:%2F%2Fstreetviewpixels-pa.googleapis.com%2Fv1%2Fthumbnail%3Fcb_client%3Dmaps_sv.tactile%26w%3D900%26h%3D600%26pitch%3D-2.402961083479937%26panoid%3DmaiJLuFIuiBfpi_OVB3KCQ%26yaw%3D69.82645340889016!7i16384!8i8192!4m6!3m5!1s0x89ba83399b966fd1:0xa921dfc80d6a270d!8m2!3d37.0342766!4d-76.3917177!16s%2Fg%2F11bw3ydk5p?entry=ttu&g_ep=EgoyMDI1MDcxMy4wIKXMDSoASAFQAw%3D%3D","","",""
"60 Towne Centre Way, Hampton, VA 23666","37.0605068","-76.4270147","Hampton","VA","23666","RESTAURANT","VACANT","NEISLOSS HAMPTON LLC","$1,303,000","https://www.google.com/maps/place/60+Towne+Centre+Wy,+Hampton,+VA+23666/@37.0605068,-76.4270147,3a,75y,93.19h,85.33t/data=!3m7!1e1!3m5!1soCfuah-wLr6VFgweJaCIAw!2e0!6shttps:%2F%2Fstreetviewpixels-pa.googleapis.com%2Fv1%2Fthumbnail%3Fcb_client%3Dmaps_sv.tactile%26w%3D900%26h%3D600%26pitch%3D4.670561086876873%26panoid%3DoCfuah-wLr6VFgweJaCIAw%26yaw%3D93.18933216368856!7i16384!8i8192!4m6!3m5!1s0x89ba82f16548b575:0x8676112933148cb4!8m2!3d37.0604743!4d-76.4266838!16s%2Fg%2F11bw41s0g5?entry=ttu&g_ep=EgoyMDI1MDcxMy4wIKXMDSoASAFQAw%3D%3D","","",""
"1930 E Pembroke Ave, Hampton, VA 23663","37.0393597","-76.3081272","Hampton","VA","23663","COMMERCIAL","ABANDONED","KELLY W LANE IV & KELLY ALLEN RAY C/O PXN PEMBROKE LLC","$2,993,600","https://www.google.com/maps/place/1930+E+Pembroke+Ave,+Hampton,+VA+23663/@37.0393597,-76.3081272,3a,60y,171.92h,87.37t/data=!3m7!1e1!3m5!1sXgzah614V3H5sGU2z1YVEQ!2e0!6shttps:%2F%2Fstreetviewpixels-pa.googleapis.com%2Fv1%2Fthumbnail%3Fcb_client%3Dmaps_sv.tactile%26w%3D900%26h%3D600%26pitch%3D2.63106621406142%26panoid%3DXgzah614V3H5sGU2z1YVEQ%26yaw%3D171.92221549866215!7i16384!8i8192!4m7!3m6!1s0x89ba9d2ee6bc4ac7:0x63f194af11293b75!4b1!8m2!3d37.0169902!4d-76.4175627!16s%2Fg%2F11c4wsbk4n?entry=ttu&g_ep=EgoyMDI1MDcxMy4wIKXMDSoASAFQAw%3D%3D","","Link corrected Apr 2026. Previously pointed to 1509 Wildwood Dr.",""
"1927 E Pembroke Ave, Hampton, VA 23663","37.0393333","-76.3082335","Hampton","VA","23663","COMMERCIAL","ABANDONED","MELTON G W LLC","$480,000","https://www.google.com/maps/place/Paradapt+Services/@37.0393333,-76.3082335,3a,90y,158.61h,86.61t/data=!3m7!1e1!3m5!1s--k0ejSW8y9sIXfoiXG5Qg!2e0!6shttps:%2F%2Fstreetviewpixels-pa.googleapis.com%2Fv1%2Fthumbnail%3Fcb_client%3Dmaps_sv.tactile%26w%3D900%26h%3D600%26pitch%3D3.388139445904301%26panoid%3D--k0ejSW8y9sIXfoiXG5Qg%26yaw%3D158.6142074257515!7i16384!8i8192!4m6!3m5!1s0x89ba851bcac2f7bf:0x63592818dd4ff5ec!8m2!3d37.0394749!4d-76.3088521!16s%2Fg%2F1tq4rzvg?entry=ttu&g_ep=EgoyMDI1MDcxMy4wIKXMDSoASAFQAw%3D%3D","","",""
"3200 Neil Armstrong Pkwy, Hampton, VA, 23666","37.0868584","-76.3941433","Hampton","VA","23666","COMMERCIAL","ABANDONED","MAGRUDER HOLDINGS LLC","$1,770,200","https://www.google.com/maps/place/37%C2%B005'13.0%22N+76%C2%B023'35.0%22W/@37.0868584,-76.3941433,19z/data=!4m5!3m4!4b1!8m2!3d37.0869444!4d-76.3930556?entry=ttu&g_ep=EgoyMDI1MDkyNC4wIKXMDSoASAFQAw%3D%3D","","",""
"28 Water St, Hampton, VA 23663","37.0140335","-76.3183387","Hampton","VA","23663","COMMERCIAL","ABANDONED","HAMPTON OPERATIONS INC","$832,400","https://www.google.com/maps/place/28+Water+St,+Hampton,+VA+23663/@37.0140335,-76.3183387,62a,35y,315.02h,45.06t/data=!3m1!1e3!4m6!3m5!1s0x89ba84d56b4688eb:0xb4501035b2b573c8!8m2!3d37.0145751!4d-76.3188228!16s%2Fg%2F11c19l0frk?entry=ttu&g_ep=EgoyMDI1MTAwNy4wIKXMDSoASAFQAw%3D%3D","","",""
"1925 Coliseum Dr, Hampton, VA 23666","37.0401461","-76.3881575","Hampton","VA","23666","COMMERCIAL","ABANDONED","ECONOMIC DEVELOPMENT AUTHORITY","$4,393,600","https://www.google.com/maps/place/1927+Coliseum+Dr,+Hampton,+VA+23666/@37.0401461,-76.3881575,18.5z/data=!4m5!3m4!1s0x89ba833f90484c0b:0x8ae40e36e60814ce!8m2!3d37.0401342!4d-76.3876221?entry=ttu&g_ep=EgoyMDI1MTAwNy4wIKXMDSoASAFQAw%3D%3D","","",""
"303 Buckroe Ave, Hampton, VA 23664","37.044153","-76.2932866","Hampton","VA","23664","COMMERCIAL","ABANDONED","EVANS & EVANS LC","$215,000","https://www.google.com/maps/place/303+Buckroe+Ave,+Hampton,+VA+23664/@37.044153,-76.2932866,126a,35y,188.12h,45t/data=!3m1!1e3!4m6!3m5!1s0x89ba8572b628686d:0xd2a2bf646a2418b6!8m2!3d37.042944!4d-76.2936951!16s%2Fg%2F11c25b7k6b?entry=ttu&g_ep=EgoyMDI1MTAwNy4wIKXMDSoASAFQAw%3D%3D","","",""
"1923 N Mallory St, Hampton, VA 23664","37.0428143","-76.2935727","Hampton","VA","23664","COMMERCIAL","ABANDONED","MY CORNERLOT LLC","$137,400","https://www.google.com/maps/place/1923+N+Mallory+St,+Hampton,+VA+23664/@37.0428143,-76.2935727,19.75z/data=!4m6!3m5!1s0x89ba8572b806287f:0x8561fe043921815d!8m2!3d37.042919!4d-76.2935041!16s%2Fg%2F11bw4ch9ly?entry=ttu&g_ep=EgoyMDI1MTAwOC4wIKXMDSoASAFQAw%3D%3D","","",""
"2034 Coliseum Dr, Hampton, VA 23666","37.0436164","-76.3902085","Hampton","VA","23666","COMMERCIAL","ABANDONED","BOSTON MARKET REAL ESTATE COMPANY","$1,336,000","https://www.google.com/maps/place/2034+Coliseum+Dr,+Hampton,+VA+23666/@37.0436164,-76.3902085,127a,35y,28.42h,45t/data=!3m1!1e3!4m6!3m5!1s0x89ba831506b671b3:0x6e20518887b58202!8m2!3d37.0445931!4d-76.3894955!16s%2Fg%2F11c24mtz9k?entry=ttu&g_ep=EgoyMDI1MTAwNy4wIKXMDSoASAFQAw%3D%3D","","",""
"104 Research Dr, Hampton, VA 23666","37.0846481","-76.3948492","Hampton","VA","23666","COMMERCIAL","ABANDONED","MAGRUDER LANDING DEVELOPMENT COMPANY","$2,170,000","https://www.google.com/maps/place/104+Research+Dr+%23200,+Hampton,+VA+23666/@37.0846481,-76.3948492,18z/data=!3m1!4b1!4m6!3m5!1s0x89ba83b898ca81d3:0xa2b9349798de7495!8m2!3d37.0846481!4d-76.3942041!16s%2Fg%2F11y2r6pn82?entry=ttu&g_ep=EgoyMDI1MDkyNC4wIKXMDSoASAFQAw%3D%3D","","",""
"9955 Warwick Blvd, Newport News, VA 23601","37.0285985","-76.4572185","Newport News","VA","23601","RESTAURANT","ABANDONED","BELLEVILLE DINERS LLC","$267,000","https://www.google.com/maps/place/Blue+Star+Diner/@37.0285985,-76.4572185,3a,75y,255.48h,71.95t/data=!3m7!1e1!3m5!1sTi84OyA93wu4KpUDxtoGhQ!2e0!6shttps:%2F%2Fstreetviewpixels-pa.googleapis.com%2Fv1%2Fthumbnail%3Fcb_client%3Dmaps_sv.tactile%26w%3D900%26h%3D600%26pitch%3D18.04961740104403%26panoid%3DTi84OyA93wu4KpUDxtoGhQ%26yaw%3D255.48118223001174!7i13312!8i6656!4m6!3m5!1s0x89b077fff1df4809:0x4f7b78f93ad1ea74!8m2!3d37.0285241!4d-76.4575174!16s%2Fg%2F113h9w7cw?entry=ttu&g_ep=EgoyMDI1MDcxMy4wIKXMDSoASAFQAw%3D%3D","","",""
"420 Export Cir, Newport News, VA 23601","37.0425319","-76.4706734","Newport News","VA","23601","COMMERCIAL","ABANDONED","CAMP MORRISON ASSOCIATES LP","$5,494,600","https://www.google.com/maps/place/420+Export+Cir,+Newport+News,+VA+23601/@37.0425319,-76.4706734,3a,87.2y,307.9h,74.33t/data=!3m7!1e1!3m5!1sOwQE6NFJpEFWDzsGnNjFfg!2e0!6shttps:%2F%2Fstreetviewpixels-pa.googleapis.com%2Fv1%2Fthumbnail%3Fcb_client%3Dmaps_sv.tactile%26w%3D900%26h%3D600%26pitch%3D15.672734568022307%26panoid%3DOwQE6NFJpEFWDzsGnNjFfg%26yaw%3D307.9032978751276!7i16384!8i8192!4m6!3m5!1s0x89b07810f4e32793:0xa0f5bd8d2c296039!8m2!3d37.0426614!4d-76.4709599!16s%2Fg%2F11c4w27xnt?entry=ttu&g_ep=EgoyMDI1MDcxMy4wIKXMDSoASAFQAw%3D%3D","","",""
"3401 Orcutt Ave, Newport News, VA 23607","36.9891548","-76.4157543","Newport News","VA","23607","INSTITUTIONAL","ABANDONED","CITY OF NEWPORT NEWS SCHOOL BOARD","$17,133,100","https://www.google.com/maps/place/3401+Orcutt+Ave,+Newport+News,+VA+23607/@36.9891548,-76.4157543,3a,60y,43.31h,82.21t/data=!3m7!1e1!3m5!1sRkCd0xpJrZQgFe_xYLZqAA!2e0!6shttps:%2F%2Fstreetviewpixels-pa.googleapis.com%2Fv1%2Fthumbnail%3Fcb_client%3Dmaps_sv.tactile%26w%3D900%26h%3D600%26pitch%3D7.78542035570878%26panoid%3DRkCd0xpJrZQgFe_xYLZqAA%26yaw%3D43.30580263542775!7i16384!8i8192!4m6!3m5!1s0x89ba9d038440a04b:0x165a81a7063cf9e3!8m2!3d36.9895537!4d-76.4150874!16s%2Fg%2F11bw49w31k?entry=ttu&g_ep=EgoyMDI1MDcxMy4wIKXMDSoASAFQAw%3D%3D","","Demolition bid issued Jan 2023. Building may have been demolished. Verify via Street View or site visit.",""
"11073 Warwick Blvd C, Newport News, VA 23601","37.0473947","-76.4737665","Newport News","VA","23601","HOSPITALITY","ABANDONED","SDW PROPERTIES LLC","$542,500","https://www.google.com/maps/place/Hair+Raisers/@37.0473947,-76.4737665,3a,89.3y,273.54h,88.39t/data=!3m7!1e1!3m5!1sRbe8G0A3mwwqvd8XGPBbdA!2e0!6shttps:%2F%2Fstreetviewpixels-pa.googleapis.com%2Fv1%2Fthumbnail%3Fcb_client%3Dmaps_sv.tactile%26w%3D900%26h%3D600%26pitch%3D1.6109979920133242%26panoid%3DRbe8G0A3mwwqvd8XGPBbdA%26yaw%3D273.53632353522465!7i16384!8i8192!4m15!1m8!3m7!1s0x89b078511a692bd3:0x2494229bcf5eaf6c!2s359+Hiden+Blvd,+Newport+News,+VA+23606!3b1!8m2!3d37.0685397!4d-76.4945449!16s%2Fg%2F11bw4blm58!3m5!1s0x89b07814109fa6c9:0x84be256011424725!8m2!3d37.0476228!4d-76.4742296!16s%2Fg%2F1tfjrl45?entry=ttu&g_ep=EgoyMDI1MDcxMy4wIKXMDSoASAFQAw%3D%3D","","",""
"10 Willow Oaks Blvd, Hampton, VA 23669","37.0575261","-76.3249311","Hampton","VA","23669","RETAIL","VACANT","AG WG I LLC","$6,837,200","https://www.google.com/maps/place/higi/@37.0575261,-76.3249311,3a,60y,341.71h,90t/data=!3m7!1e1!3m5!1sTRB7-ah_XQQVa88OoOIs_g!2e0!6shttps:%2F%2Fstreetviewpixels-pa.googleapis.com%2Fv1%2Fthumbnail%3Fcb_client%3Dmaps_sv.tactile%26w%3D900%26h%3D600%26pitch%3D0%26panoid%3DTRB7-ah_XQQVa88OoOIs_g%26yaw%3D341.7108210081872!7i16384!8i8192!4m6!3m5!1s0x89ba8456495b1afd:0x2d4546b226cb7797!8m2!3d37.0579481!4d-76.3248265!16s%2Fg%2F11f53qjbgq?entry=ttu&g_ep=EgoyMDI1MDcxMy4wIKXMDSoASAFQAw%3D%3D","","",""
"225 Fox Hill Rd, Hampton, VA 23669","37.0580694","-76.3281048","Hampton","VA","23669","COMMERCIAL","ABANDONED","WILLOW OAKS ASSOCIATES LLC","$10,993,700","https://www.google.com/maps/place/225+Fox+Hill+Rd+D8,+Hampton,+VA+23669/@37.0580694,-76.3281048,75a,35y,262.8h,45.05t/data=!3m1!1e3!4m6!3m5!1s0x89ba8458219e3629:0xc0f829b31229c852!8m2!3d37.0578224!4d-76.3292788!16s%2Fg%2F11rwm5qfcj?entry=ttu&g_ep=EgoyMDI1MTAwNy4wIKXMDSoASAFQAw%3D%3D","","",""
"223 Fox Hill Rd, Hampton, VA 23669","37.0575798","-76.3259665","Hampton","VA","23669","COMMERCIAL","ABANDONED","WILLOW OAKS ASSOCIATES LLC","$10,993,700","https://www.google.com/maps/@37.0575798,-76.3259665,3a,60y,243.69h,88.76t/data=!3m7!1e1!3m5!1sdiMYHlUOxEf2ryXZuZu9Gg!2e0!6shttps:%2F%2Fstreetviewpixels-pa.googleapis.com%2Fv1%2Fthumbnail%3Fcb_client%3Dmaps_sv.tactile%26w%3D900%26h%3D600%26pitch%3D1.24290112477388%26panoid%3DdiMYHlUOxEf2ryXZuZu9Gg%26yaw%3D243.6889716535597!7i16384!8i8192?entry=ttu&g_ep=EgoyMDI1MDcxMy4wIKXMDSoASAFQAw%3D%3D","","",""
"227 Fox Hill Rd #19, Hampton, VA 23669","37.059531","-76.3281693","Hampton","VA","23669","COMMERCIAL","ABANDONED","WILLOW OAKS ASSOCIATES LLC","$10,993,700","https://www.google.com/maps/place/Gordmans/@37.059531,-76.3281693,3a,75y,205.94h,87.99t/data=!3m7!1e1!3m5!1sTl4v6HIzxVPoyy7xFy7LJg!2e0!6shttps:%2F%2Fstreetviewpixels-pa.googleapis.com%2Fv1%2Fthumbnail%3Fcb_client%3Dmaps_sv.tactile%26w%3D900%26h%3D600%26pitch%3D2.012084383312967%26panoid%3DTl4v6HIzxVPoyy7xFy7LJg%26yaw%3D205.93506774556724!7i16384!8i8192!4m6!3m5!1s0x89ba8567d9ee9739:0x2c9d74624ccb19ca!8m2!3d37.0591735!4d-76.3283996!16s%2Fg%2F11j8wc4j97?entry=ttu&g_ep=EgoyMDI1MDcxMy4wIKXMDSoASAFQAw%3D%3D","","",""
"601 W 21st St., Norfolk, VA 23517","36.869759","-76.293580","Norfolk","VA","23517","RETAIL","VACANT","Qaza Family Llc","$849,200","https://www.google.com/maps/place/601+W+21st+St,+Norfolk,+VA+23517/@36.869759,-76.293580,17z","https://www.norfolk.gov/4545/Property-Search","",""
"1001 Tidewater Dr., Norfolk, VA 23503","36.853880","-76.274943","Norfolk","VA","23503","COMMERCIAL OFFICE","CONDEMNED","CITY OF NORFOLK","$1,386,600","https://www.google.com/maps/place/1001+Tidewater+Dr.%2C+Norfolk%2C+VA+23503/@36.94582,-76.25219,17z","https://www.norfolk.gov/4545/Property-Search","",""
"132-134 W 27th St., Norfolk, VA 23507","36.871911","-76.283732","Norfolk","VA","23507","RESIDENTIAL","CONDEMNED","","","https://www.google.com/maps/place/132-134+W+27th+St.%2C+Norfolk%2C+VA+23507/@36.85417,-76.28444,17z","","Boarded-up brick buildings with chain-link fence visible in SV (Nov 2025). Coords geocoded - was 1970m off.",""
"1151 US Hwy 17 S, Elizabeth City, NC 27909","36.281647","-76.277142","Elizabeth City","NC","27909","HOSPITALITY","CONDEMNED","PATEL, AAKASH S & CHANDI, TEJWANTS","$212,500","https://www.google.com/maps/place/1151+US+Hwy+17+S,+Elizabeth+City,+NC+27909/@36.281647,-76.277142,17z","https://www.ncdps.gov/news/press-releases/2026/02/26/temporary-restraining-order-issued-elizabeth-city-nuisance-case","",""
"1417 W Ehringhaus St, Elizabeth City, NC 27909","36.294363","-76.241189","Elizabeth City","NC","27909","COMMERCIAL","VACANT","","","https://www.google.com/maps/place/1417+W+Ehringhaus+St,+Elizabeth+City,+NC+27909/@36.294363,-76.241189,17z","https://www.dailyadvance.com/news/local/rce-theater-announces-plans-to-close-for-good/article_9c5b909e-5bfc-4a5e-b4ca-9e4945b94457.html","",""
"11076 Warwick Blvd, Newport News, VA 23601","37.047966","-76.473759","Newport News","VA","23601","COMMERCIAL","VACANT","LIDL US OPERATIONS LLC","$3,251,300","https://www.google.com/maps/place/11076+Warwick+Blvd,+Newport+News,+VA+23601/@37.047966,-76.473759,17z","https://assessment.nnva.gov/PT/search/commonsearch.aspx?mode=address","",""
"11069 Warwick Blvd, Newport News, VA 23601","37.047551","-76.473856","Newport News","VA","23601","COMMERCIAL","VACANT","TELE HOMES LLC","$860,100","https://www.google.com/maps/place/11069+Warwick+Blvd,+Newport+News,+VA+23601/@37.047551,-76.473856,17z","https://assessment.nnva.gov/PT/search/commonsearch.aspx?mode=address","",""
"6050 Jefferson Ave, Newport News, VA 23605","37.018117","-76.443311","Newport News","VA","23605","COMMERCIAL","VACANT","ECONOMIC DEVELOPMENT AUTHORITY OF THE CITY OF NEWPORT NEWS","$0","https://www.google.com/maps/place/6050+Jefferson+Ave,+Newport+News,+VA+23605/@37.018117,-76.443311,17z","https://assessment.nnva.gov/PT/search/commonsearch.aspx?mode=address","",""
"11134 Warwick Blvd, Newport News, VA 23601","37.049284","-76.475012","Newport News","VA","23601","COMMERCIAL","VACANT","11134 WARWICK PROPERTIES LLC","$990,200","https://www.google.com/maps/@37.0492838,-76.4750123,3a,73.7y,76.7h,81.53t/data=!3m7!1e1!3m5!1sfJqdYf-872b98Jghk82OsQ!2e0!6shttps:%2F%2Fstreetviewpixels-pa.googleapis.com%2Fv1%2Fthumbnail%3Fcb_client%3Dmaps_sv.tactile%26w%3D900%26h%3D600%26pitch%3D8.469999999999999%26panoid%3DfJqdYf-872b98Jghk82OsQ%26yaw%3D76.7!7i16384!8i8192","https://assessment.nnva.gov/PT/search/commonsearch.aspx?mode=address","Former bank or drive-through commercial building. Empty parking lot, no signage, dark windows. Assessor lists as 11134 not 11136.",""
"880 N Military Hwy, Norfolk, VA 23502","36.852141","-76.209800","Norfolk","VA","23502","COMMERCIAL","ABANDONED","NORFOLK ECONOMIC DEVELOPMENT AUTHORITY","$14,647,200","https://www.google.com/maps/place/880+N+Military+Hwy,+Norfolk,+VA+23502/@36.8509,-76.2053,17z","https://www.norfolk.gov/6268","Military Circle Mall. ~1.1M sqft. Closed Jan 2023. Last anchor (Regal) closed Jan 2026. Demolition planned.",""
"1244 E Princess Anne Rd, Norfolk, VA 23504","36.855252","-76.269053","Norfolk","VA","23504","COMMERCIAL","VACANT","CITY OF NORFOLK","$142,300","https://www.google.com/maps/place/1244+E+Princess+Anne+Rd,+Norfolk,+VA+23504/@36.8554,-76.2683,17z","https://www.norfolk.gov/6383/1244-Princess-Anne-Road","City-owned. 18782 sqft. Zoned C-C commercial. RFP issued Feb 2026. SV shows small commercial building and church nearby. Coords geocoded.",""
"3020 E Princess Anne Rd, Norfolk, VA 23504","36.859550","-76.250473","Norfolk","VA","23504","RETAIL","VACANT","CITY OF NORFOLK","$127,000","https://www.google.com/maps/place/3020+E+Princess+Anne+Rd,+Norfolk,+VA+23504/@36.8558,-76.2533,17z","https://www.norfolk.gov/6389/Former-Spartan-Market-Site","Former Spartan Market. Built 1937. City purchased for redevelopment. SV shows large low-rise building (Mar 2025). Coords geocoded.",""
"1539 E Virginia Beach Blvd, Norfolk, VA 23504","36.852000","-76.266600","Norfolk","VA","23504","COMMERCIAL","PROBABLY VACANT","MILITARY PRECISION REAL ESTATE INVESTMENT GROUP LLC","$196,000","https://www.google.com/maps/place/1539+E+Virginia+Beach+Blvd,+Norfolk,+VA+23504/@36.8520,-76.2666,17z","https://data.norfolk.gov/Government/Neighborhood-Quality-Code-Enforcement-Cases/mxtv-99gh","Board-up case in Norfolk code enforcement data. SV shows brick commercial building (Oct 2025).",""
"828 A Ave, Norfolk, VA 23504","36.863900","-76.275700","Norfolk","VA","23504","RESIDENTIAL","PROBABLY VACANT","CLEARVIEW HOMES VA, LLC","$127,300","https://www.google.com/maps/place/828+A+Ave,+Norfolk,+VA+23504/@36.8639,-76.2757,17z","https://data.norfolk.gov/Government/Neighborhood-Quality-Code-Enforcement-Cases/mxtv-99gh","Board-up case. Park Place neighborhood. SV shows neighboring houses, one appears neglected (May 2024).",""
"1701 Hunter St, Norfolk, VA 23504","36.864800","-76.275500","Norfolk","VA","23504","RESIDENTIAL","PROBABLY VACANT","HOLMES, LAREECIA & PATE ROBERT","$198,100","https://www.google.com/maps/place/1701+Hunter+St,+Norfolk,+VA+23504/@36.8648,-76.2755,17z","https://data.norfolk.gov/Government/Neighborhood-Quality-Code-Enforcement-Cases/mxtv-99gh","Board-up case. Multiple code enforcement entries suggest ongoing vacancy. SV at correct address (May 2023).",""
"611 W 26th St, Norfolk, VA 23507","36.873600","-76.292400","Norfolk","VA","23507","RESIDENTIAL","PROBABLY VACANT","COLEY, MABLE G","$157,500","https://www.google.com/maps/place/611+W+26th+St,+Norfolk,+VA+23507/@36.8736,-76.2924,17z","https://data.norfolk.gov/Government/Neighborhood-Quality-Code-Enforcement-Cases/mxtv-99gh","Board-up case. SV at nearby address 410 W 26th (Nov 2025). Residential area.",""
"313 W 30th St, Norfolk, VA 23504","36.875000","-76.286400","Norfolk","VA","23504","RESIDENTIAL","PROBABLY VACANT","MOSS, CHRISTOPHER","$257,500","https://www.google.com/maps/place/313+W+30th+St,+Norfolk,+VA+23504/@36.8750,-76.2864,17z","https://data.norfolk.gov/Government/Neighborhood-Quality-Code-Enforcement-Cases/mxtv-99gh","Board-up case. SV shows run-down house at 312 W 30th (Jan 2025).",""
"1146 W Ocean View Ave, Norfolk, VA 23503","36.967262","-76.282750","Norfolk","VA","23503","RESIDENTIAL","PROBABLY VACANT","ODU822 LLC","$346,300","https://www.google.com/maps/place/1146+W+Ocean+View+Ave,+Norfolk,+VA+23503/@36.9672,-76.2834,17z","https://data.norfolk.gov/Government/Neighborhood-Quality-Code-Enforcement-Cases/mxtv-99gh","Board-up case. Multiple entries. Ocean View corridor. No official SV available - only 2021 photosphere. Area appears residential.",""
"731 W Ocean View Ave, Norfolk, VA 23503","36.964300","-76.269600","Norfolk","VA","23503","RESIDENTIAL","PROBABLY VACANT","LASSITER, RENARDA","$216,400","https://www.google.com/maps/place/731+W+Ocean+View+Ave,+Norfolk,+VA+23503/@36.9643,-76.2696,17z","https://data.norfolk.gov/Government/Neighborhood-Quality-Code-Enforcement-Cases/mxtv-99gh","Board-up case. Ocean View corridor. No official SV available - only 2021 photosphere. Area appears residential.",""
"1243 Maltby Ave, Norfolk, VA 23504","36.855787","-76.267987","Norfolk","VA","23504","RESIDENTIAL","PROBABLY VACANT","3016 WILLIAMS VA LLC","$125,800","https://www.google.com/maps/place/1243+Maltby+Ave,+Norfolk,+VA+23504/@36.8564,-76.2676,17z","https://data.norfolk.gov/Government/Neighborhood-Quality-Code-Enforcement-Cases/mxtv-99gh","Board-up case. Broad Creek neighborhood. SV at 1228 Maltby (Apr 2023). Residential area.",""
"1200 Sheppard Ave, Norfolk, VA 23518","36.924100","-76.240500","Norfolk","VA","23518","RESIDENTIAL","PROBABLY VACANT","OWENS FAMILY REVOCABLE LIVING TRUST","$266,500","https://www.google.com/maps/place/1200+Sheppard+Ave,+Norfolk,+VA+23518/@36.9241,-76.2405,17z","https://data.norfolk.gov/Government/Neighborhood-Quality-Code-Enforcement-Cases/mxtv-99gh","Board-up case. Structure fire Oct 2025. Near Chesapeake Blvd. Only Sep 2007 SV available - too old to verify current state.",""
"1310 Hull St, Richmond, VA 23224","37.520315","-77.444966","Richmond","VA","23224","RETAIL","VACANT","ANDREW MANAGEMENT LLC","$209,000","https://www.google.com/maps/place/1310+Hull+St%2C+Richmond%2C+VA+23224/@37.520315276379,-77.444966215194,17z","https://www.actdatascout.com/RealProperty/Virginia/Richmond","Former 1 Hour Cleaners/Laundry. Faded signage, empty storefront windows. On City of Richmond Vacant Building List Oct 2025. Link corrected Apr 2026.",""
"1407 Hull St, Richmond, VA 23224","37.519891","-77.445861","Richmond","VA","23224","COMMERCIAL","ABANDONED","1401 1407 HULL STREET OWNER LLC","$534,000","https://www.google.com/maps/place/1407+Hull+St%2C+Richmond%2C+VA+23224/@37.519890743945,-77.445860629762,17z","https://www.actdatascout.com/RealProperty/Virginia/Richmond","Heavy graffiti on walls, dark windows. Corner building clearly abandoned. On City of Richmond Vacant Building List Oct 2025. Link corrected Apr 2026.",""
"1431 Hull St, Richmond, VA 23224","37.519729","-77.446116","Richmond","VA","23224","RETAIL","VACANT","MACK REAL ESTATE PROPERTIES","$134,000","https://www.google.com/maps/place/1431+Hull+St%2C+Richmond%2C+VA+23224/@37.519729079839,-77.446116200352,17z","https://www.actdatascout.com/RealProperty/Virginia/Richmond","Boarded windows with red panels, old painting/lead abatement signage. On City of Richmond Vacant Building List Oct 2025. Link corrected Apr 2026.",""
"1600 Hull St, Richmond, VA 23224","37.518662","-77.447576","Richmond","VA","23224","COMMERCIAL","VACANT","BARBARA AND PORTIA INC","$297,000","https://www.google.com/maps/place/1600+Hull+St%2C+Richmond%2C+VA+23224/@37.518662198374,-77.447576198944,17z","https://www.actdatascout.com/RealProperty/Virginia/Richmond","Two vacant commercial buildings with dark windows and boarded windows. On City of Richmond Vacant Building List Oct 2025. Link corrected Apr 2026.",""
"1605 Hull St, Richmond, VA 23224","37.518687","-77.447773","Richmond","VA","23224","RETAIL","VACANT","RALSTON DEVELOPMENT LC","$138,000","https://www.google.com/maps/place/1605+Hull+St%2C+Richmond%2C+VA+23224/@37.518686582541,-77.447772958256,17z","https://www.actdatascout.com/RealProperty/Virginia/Richmond","FOR LEASE / BUILD-TO-SUIT signage. Security grates on windows, graffiti. Row of vacant storefronts. On City of Richmond Vacant Building List Oct 2025. Link corrected Apr 2026.",""
"2906 Hull St, Richmond, VA 23224","37.510462","-77.460457","Richmond","VA","23224","COMMERCIAL","VACANT","2906 HULL STREET LAND TRUST","$173,000","https://www.google.com/maps/place/2906+Hull+St%2C+Richmond%2C+VA+23224/@37.510461689724,-77.460456627347,17z","https://www.actdatascout.com/RealProperty/Virginia/Richmond","Brick commercial building with old/faded signage. No visible business activity. On City of Richmond Vacant Building List Oct 2025. Link corrected Apr 2026.",""
"3088 Hull St, Richmond, VA 23224","37.508749","-77.463110","Richmond","VA","23224","RETAIL","VACANT","DIEMOND HEAD INVESTMENTS","$214,000","https://www.google.com/maps/place/3088+Hull+St%2C+Richmond%2C+VA+23224/@37.508748829315,-77.463110009838,17z","https://www.actdatascout.com/RealProperty/Virginia/Richmond","Commercial storefronts with boarded-up windows. On City of Richmond Vacant Building List Oct 2025. Link corrected Apr 2026.",""
"2 E Broad St, Richmond, VA 23219","37.545691","-77.441787","Richmond","VA","23219","COMMERCIAL","VACANT","JEMALS STANDARD DRUG STORE LLC","$921,000","https://www.google.com/maps/place/2+E+Broad+St%2C+Richmond%2C+VA+23219/@37.545690880514,-77.441786975187,17z","https://www.actdatascout.com/RealProperty/Virginia/Richmond","Multi-story downtown commercial building. Dark storefronts, no visible business activity. Owned by Douglas Development Corp. On City of Richmond Vacant Building List Oct 2025. Link corrected Apr 2026.",""
"206 E Broad St, Richmond, VA 23219","37.544600","-77.439952","Richmond","VA","23219","COMMERCIAL","VACANT","HULAIQA SADDAM & PADY","$650,000","https://www.google.com/maps/place/206+E+Broad+St%2C+Richmond%2C+VA+23219/@37.544600149734,-77.439951927776,17z","https://www.actdatascout.com/RealProperty/Virginia/Richmond","Large red brick commercial building at corner. Empty ground floor, dark windows on upper floors. On City of Richmond Vacant Building List Oct 2025. Link corrected Apr 2026.",""
"208 E Broad St, Richmond, VA 23219","37.544591","-77.439936","Richmond","VA","23219","COMMERCIAL","VACANT","JEMALS HARPERS LLC","$536,000","https://www.google.com/maps/place/208+E+Broad+St%2C+Richmond%2C+VA+23219/@37.544590531578,-77.439935737216,17z","https://www.actdatascout.com/RealProperty/Virginia/Richmond","Adjacent to 206 E Broad. Multi-story commercial building, vacant. Owned by Douglas Development Corp. On City of Richmond Vacant Building List Oct 2025. Link corrected Apr 2026.",""
"602 Virginia St E, Charleston, WV 25301","38.350562","-81.637491","Charleston","WV","25301","COMMERCIAL","VACANT","WOODRUMS BUILDING LIMITED PARTNERSHIP","$2,502,755","https://www.google.com/maps/place/The+Woodrums+Building/@38.350562,-81.637491,17z","https://kanawha.wvassessor.com/apps/search.aspx","Historic 6-story Woodrums department store. Listed Closed on Google Maps. Failed auction. On Charleston Vacant Structure Registry.",""
"301 N 1st St, Richmond, VA 23219","37.545160","-77.440896","Richmond","VA","23219","COMMERCIAL","ABANDONED","","$1,961,000","https://www.google.com/maps/@37.5452542,-77.4409521,3a,60y,332.4h,86.02t/data=!3m7!1e1!3m5!1sYAqgMNoFBIgwZhkQAQGYng!2e0!7i16384!8i8192","","Boarded-up storefront with plywood on all windows, heavy graffiti. Downtown Richmond, Jackson Ward area.",""
"4 E Broad St, Richmond, VA 23219","37.545681","-77.441771","Richmond","VA","23219","COMMERCIAL","ABANDONED","4 EAST BROAD ST LLC","$921,000","https://www.google.com/maps/@37.5456171,-77.4417767,3a,75y,3.61h,89.54t/data=!3m7!1e1!3m5!1szM8TGL706qZUmVGDB2L9Pg!2e0!7i16384!8i8192","https://www.rva.gov/planning-development-review/vacant-building-information","Boarded storefronts with wheat-paste posters, plywood on windows. Adjacent to 2 E Broad. Downtown Richmond.",""
"112 E Broad St, Richmond, VA 23219","37.545103","-77.440801","Richmond","VA","23219","COMMERCIAL","ABANDONED","JEMALS STANDARD DRUG STORE LLC","$499,000","https://www.google.com/maps/@37.5448938,-77.4405845,3a,75y,40.99h,92.1t/data=!3m7!1e1!3m5!1shrWeaknb_D8hZqf8EugnNg!2e0!7i16384!8i8192","https://www.rva.gov/planning-development-review/vacant-building-information","Boarded windows, graffiti, security gates. Row of vacant storefronts. On City of Richmond Vacant Building List Oct 2025.",""
"102 E Broad St, Richmond, VA 23219","37.545151","-77.440880","Richmond","VA","23219","COMMERCIAL","VACANT","JEMALS STANDARD DRUG STORE LLC","$589,000","https://www.google.com/maps/place/102+E+Broad+St%2C+Richmond%2C+VA+23219/@37.545150638679,-77.440880097771,17z","https://www.rva.gov/planning-development-review/vacant-building-information","On City of Richmond Vacant Building List Oct 2025. E Broad St commercial corridor. Richmond assessor (actDataScout) blocks automated access. Link corrected Apr 2026.",""
"108 E Broad St, Richmond, VA 23219","37.545122","-77.440832","Richmond","VA","23219","COMMERCIAL","VACANT","JEMALS STANDARD DRUG STORE LLC","$1,961,000","https://www.google.com/maps/place/108+E+Broad+St%2C+Richmond%2C+VA+23219/@37.545122330281,-77.440832357345,17z","https://www.rva.gov/planning-development-review/vacant-building-information","On City of Richmond Vacant Building List Oct 2025. E Broad St commercial corridor. Richmond assessor (actDataScout) blocks automated access. Link corrected Apr 2026.",""
"110 E Broad St, Richmond, VA 23219","37.545113","-77.440816","Richmond","VA","23219","COMMERCIAL","VACANT","JEMALS STANDARD DRUG STORE LLC","$1,961,000","https://www.google.com/maps/place/110+E+Broad+St%2C+Richmond%2C+VA+23219/@37.545112894148,-77.44081644387,17z","https://www.rva.gov/planning-development-review/vacant-building-information","On City of Richmond Vacant Building List Oct 2025. E Broad St commercial corridor. Richmond assessor (actDataScout) blocks automated access. Link corrected Apr 2026.",""
"114 E Broad St, Richmond, VA 23219","37.545094","-77.440785","Richmond","VA","23219","COMMERCIAL","VACANT","JEMALS STANDARD DRUG LLC","$696,000","https://www.google.com/maps/place/114+E+Broad+St%2C+Richmond%2C+VA+23219/@37.545094021882,-77.440784616919,17z","https://www.rva.gov/planning-development-review/vacant-building-information","On City of Richmond Vacant Building List Oct 2025. E Broad St commercial corridor. Richmond assessor (actDataScout) blocks automated access. Link corrected Apr 2026.",""
"116 E Broad St, Richmond, VA 23219","37.545085","-77.440769","Richmond","VA","23219","COMMERCIAL","VACANT","116 E BROAD LLC","$578,000","https://www.google.com/maps/place/116+E+Broad+St%2C+Richmond%2C+VA+23219/@37.545084585749,-77.440768703444,17z","https://www.rva.gov/planning-development-review/vacant-building-information","On City of Richmond Vacant Building List Oct 2025. E Broad St commercial corridor. Richmond assessor (actDataScout) blocks automated access. Link corrected Apr 2026.",""
"118 E Broad St, Richmond, VA 23219","37.545075","-77.440753","Richmond","VA","23219","COMMERCIAL","VACANT","JEMALS STANDARD DRUG STORE LLC","$800,000","https://www.google.com/maps/place/118+E+Broad+St%2C+Richmond%2C+VA+23219/@37.545075149616,-77.440752789969,17z","https://www.rva.gov/planning-development-review/vacant-building-information","On City of Richmond Vacant Building List Oct 2025. E Broad St commercial corridor. Richmond assessor (actDataScout) blocks automated access. Link corrected Apr 2026.",""
"120 E Broad St, Richmond, VA 23219","37.545066","-77.440737","Richmond","VA","23219","COMMERCIAL","VACANT","JEMALS STANDARD DRUG STORE LLC","$1,376,000","https://www.google.com/maps/place/120+E+Broad+St%2C+Richmond%2C+VA+23219/@37.545065713483,-77.440736876494,17z","https://www.rva.gov/planning-development-review/vacant-building-information","On City of Richmond Vacant Building List Oct 2025. E Broad St commercial corridor. Richmond assessor (actDataScout) blocks automated access. Link corrected Apr 2026.",""
"122 E Broad St, Richmond, VA 23219","37.545056","-77.440721","Richmond","VA","23219","COMMERCIAL","VACANT","JEMALS STANDARD DRUG STORE LLC","$1,376,000","https://www.google.com/maps/place/122+E+Broad+St%2C+Richmond%2C+VA+23219/@37.54505627735,-77.440720963019,17z","https://www.rva.gov/planning-development-review/vacant-building-information","On City of Richmond Vacant Building List Oct 2025. E Broad St commercial corridor. Richmond assessor (actDataScout) blocks automated access. Link corrected Apr 2026.",""
"124 E Broad St, Richmond, VA 23219","37.545047","-77.440705","Richmond","VA","23219","COMMERCIAL","VACANT","JEMALS STANDARD DRUG STORE LLC","$1,376,000","https://www.google.com/maps/place/124+E+Broad+St%2C+Richmond%2C+VA+23219/@37.545046841218,-77.440705049543,17z","https://www.rva.gov/planning-development-review/vacant-building-information","On City of Richmond Vacant Building List Oct 2025. E Broad St commercial corridor. Richmond assessor (actDataScout) blocks automated access. Link corrected Apr 2026.",""
"212 E Broad St, Richmond, VA 23219","37.544571","-77.439903","Richmond","VA","23219","COMMERCIAL","VACANT","JEMALS HARPERS LLC","$1,127,000","https://www.google.com/maps/place/212+E+Broad+St%2C+Richmond%2C+VA+23219/@37.544571295265,-77.439903356096,17z","https://www.rva.gov/planning-development-review/vacant-building-information","On City of Richmond Vacant Building List Oct 2025. E Broad St commercial corridor. Richmond assessor (actDataScout) blocks automated access. Link corrected Apr 2026.",""
"214 E Broad St, Richmond, VA 23219","37.544562","-77.439887","Richmond","VA","23219","COMMERCIAL","VACANT","HULAIQA SADDAM & PADY","$524,000","https://www.google.com/maps/place/214+E+Broad+St%2C+Richmond%2C+VA+23219/@37.544561677109,-77.439887165536,17z","https://www.rva.gov/planning-development-review/vacant-building-information","On City of Richmond Vacant Building List Oct 2025. E Broad St commercial corridor. Richmond assessor (actDataScout) blocks automated access. Link corrected Apr 2026.",""
"216 E Broad St, Richmond, VA 23219","37.544552","-77.439871","Richmond","VA","23219","COMMERCIAL","VACANT","HULAIQA SADDAM & PADY","$545,000","https://www.google.com/maps/place/216+E+Broad+St%2C+Richmond%2C+VA+23219/@37.544552058952,-77.439870974976,17z","https://www.rva.gov/planning-development-review/vacant-building-information","On City of Richmond Vacant Building List Oct 2025. E Broad St commercial corridor. Richmond assessor (actDataScout) blocks automated access. Link corrected Apr 2026.",""
"319 E Broad St, Richmond, VA 23219","37.543803","-77.439140","Richmond","VA","23219","COMMERCIAL","VACANT","4TH & BROAD ASSOCIATES LLC","$1,226,000","https://www.google.com/maps/place/319+E+Broad+St%2C+Richmond%2C+VA+23219/@37.543803160267,-77.439139608388,17z","https://www.rva.gov/planning-development-review/vacant-building-information","On City of Richmond Vacant Building List Oct 2025. E Broad St commercial corridor. Richmond assessor (actDataScout) blocks automated access. Link corrected Apr 2026.",""
"401 W Broad St, Richmond, VA 23220","37.547674","-77.445580","Richmond","VA","23220","COMMERCIAL","VACANT","VENTURE DEVELOPMENT LLC","$1,249,000","https://www.google.com/maps/place/401+W+Broad+St%2C+Richmond%2C+VA+23220/@37.547674022186,-77.445580137494,17z","https://www.rva.gov/planning-development-review/vacant-building-information","Closed garage doors, graffiti on walls, boarded window. On City of Richmond Vacant Building List Oct 2025. Link corrected Apr 2026.",""
"409 W Broad St, Richmond, VA 23220","37.547709","-77.445640","Richmond","VA","23220","COMMERCIAL","VACANT","VIRGINIA COMMONWEALTH UNIVERSITY","$724,000","https://www.google.com/maps/place/409+W+Broad+St%2C+Richmond%2C+VA+23220/@37.547708898141,-77.445640377768,17z","https://www.rva.gov/planning-development-review/vacant-building-information","White commercial building with arched windows, no business activity. VCU-owned. On City of Richmond Vacant Building List Oct 2025. Link corrected Apr 2026.",""
"2724 W Broad St, Richmond, VA 23220","37.562221","-77.469447","Richmond","VA","23220","COMMERCIAL","ABANDONED","JIBME REALTY LLC AND ELINOR B MARSHALL TRUSTEE","$1,250,000","https://www.google.com/maps/place/2724+W+Broad+St%2C+Richmond%2C+VA+23220/@37.56222141534,-77.469447387611,17z","https://www.rva.gov/planning-development-review/vacant-building-information","Deteriorating commercial building with barred windows, overgrown weeds. Near Childrens Museum of Richmond. On City of Richmond Vacant Building List Oct 2025. Link corrected Apr 2026.",""
"2033 W Broad St, Richmond, VA 23220","37.556893","-77.461026","Richmond","VA","23220","RESTAURANT","PROBABLY VACANT","2033 W BROAD LLC","$1,377,000","https://www.google.com/maps/place/2033+W+Broad+St%2C+Richmond%2C+VA+23220/@37.556892622931,-77.461026067181,17z","https://www.rva.gov/planning-development-review/vacant-building-information","Former Pies And Pints restaurant appears closed. Rear shows overgrown vegetation and graffiti. Aug 2025 SV shows no restaurant signage. On City of Richmond Vacant Building List Oct 2025. Link corrected Apr 2026. Update Apr 2026: Property under active renovation, apartments being delivered. May no longer be PROBABLY VACANT.",""
"2610 Midlothian Tpke, Richmond, VA 23224","37.513353","-77.456259","Richmond","VA","23224","COMMERCIAL","ABANDONED","ALAM MOHAMMED","$113,000","https://www.google.com/maps/place/2610+Midlothian+Tpke%2C+Richmond%2C+VA+23224/@37.513353358243,-77.456258806613,17z","https://www.rva.gov/planning-development-review/vacant-building-information","Two-story brick commercial building. Boarded windows, overgrown vegetation, deteriorating facade. Apr 2025 SV imagery. On City of Richmond Vacant Building List Oct 2025. Link corrected Apr 2026.",""
"400 E Main St, Richmond, VA 23219","37.540912","-77.440698","Richmond","VA","23219","COMMERCIAL OFFICE","VACANT","JEMALS 4TH & MAIN LLC","$1,222,000","https://www.google.com/maps/place/400+E+Main+St%2C+Richmond%2C+VA+23219/@37.540911623307,-77.440697936467,17z","https://www.rva.gov/planning-development-review/vacant-building-information","Multi-story commercial office building at corner of 4th and Main. Dark/empty windows, no visible business activity. Douglas Development Corp entity. On City of Richmond Vacant Building List Oct 2025. Link corrected Apr 2026.",""
"408 E Main St, Richmond, VA 23219","37.540873","-77.440634","Richmond","VA","23219","COMMERCIAL OFFICE","VACANT","JEMALS 4TH & MAIN LLC","$851,000","https://www.google.com/maps/place/408+E+Main+St%2C+Richmond%2C+VA+23219/@37.540873045585,-77.440633640276,17z","https://www.rva.gov/planning-development-review/vacant-building-information","Adjacent to 400 E Main. Multi-story commercial building with large blank windows. Douglas Development Corp entity. On City of Richmond Vacant Building List Oct 2025. Link corrected Apr 2026.",""
"204 N Graham Hopedale Rd, Burlington, NC 27217","36.097310","-79.406078","Burlington","NC","27217","INDUSTRIAL","ABANDONED","","","https://www.google.com/maps/place/204+N+Graham+Hopedale+Rd%2C+Burlington%2C+NC+27217/@36.097310187012,-79.406078185681,17z","https://burlingtonnc.gov/WesternElectric","Former Western Electric / Tarheel Army Missile Plant. 22 abandoned buildings on 22 acres. Vacant since early 1990s. PFAS superfund site. National Register of Historic Places. Link corrected Apr 2026.",""
"325 N Gay St, Baltimore, MD 21202","39.293757","-76.607311","Baltimore","MD","21202","RETAIL","ABANDONED","GOWHER ARA BANU","$142,800","https://www.google.com/maps/place/325+N+Gay+St%2C+Baltimore%2C+MD+21202/@39.293757360814,-76.607311093814,17z","https://data.baltimorecity.gov/datasets/baltimore::vacant-building-notices","Old Town Mall. Boarded storefronts, graffiti. Baltimore Vacant Building Notice. Link corrected Apr 2026.",""
"327 N Gay St, Baltimore, MD 21202","39.293794","-76.607261","Baltimore","MD","21202","RETAIL","ABANDONED","GOWHER ARA BANU","$143,300","https://www.google.com/maps/place/327+N+Gay+St%2C+Baltimore%2C+MD+21202/@39.293793555589,-76.607260938197,17z","https://data.baltimorecity.gov/datasets/baltimore::vacant-building-notices","Old Town Mall. Boarded storefront. Baltimore Vacant Building Notice. Link corrected Apr 2026.",""
"331 N Gay St, Baltimore, MD 21202","39.293866","-76.607161","Baltimore","MD","21202","RETAIL","ABANDONED","GAY-HIGH STREET LLC","$22,400","https://www.google.com/maps/place/331+N+Gay+St%2C+Baltimore%2C+MD+21202/@39.293865945139,-76.607160626965,17z","https://data.baltimorecity.gov/datasets/baltimore::vacant-building-notices","Old Town Mall. Boarded storefront. Baltimore Vacant Building Notice. Link corrected Apr 2026.",""
"335 N Gay St, Baltimore, MD 21202","39.293982","-76.607002","Baltimore","MD","21202","RETAIL","ABANDONED","GAY-HIGH STREET LLC","$30,700","https://www.google.com/maps/place/335+N+Gay+St%2C+Baltimore%2C+MD+21202/@39.293981847923,-76.607002127222,17z","https://data.baltimorecity.gov/datasets/baltimore::vacant-building-notices","Old Town Mall. Boarded storefronts with heavy graffiti. Aug 2022 SV. Baltimore Vacant Building Notice. Link corrected Apr 2026.",""
"337 N Gay St, Baltimore, MD 21202","39.293997","-76.606982","Baltimore","MD","21202","RETAIL","ABANDONED","GAY-HIGH STREET LLC","$32,400","https://www.google.com/maps/place/337+N+Gay+St%2C+Baltimore%2C+MD+21202/@39.293997074558,-76.606981825042,17z","https://data.baltimorecity.gov/datasets/baltimore::vacant-building-notices","Old Town Mall. Boarded storefront. Baltimore Vacant Building Notice. Link corrected Apr 2026.",""
"343 N Gay St, Baltimore, MD 21202","39.294043","-76.606921","Baltimore","MD","21202","RETAIL","ABANDONED","AM SUITES BALTIMORE PAN & INNER HARBOR LLC","$244,300","https://www.google.com/maps/place/343+N+Gay+St%2C+Baltimore%2C+MD+21202/@39.294042754463,-76.606920918503,17z","https://data.baltimorecity.gov/datasets/baltimore::vacant-building-notices","Old Town Mall. Baltimore Vacant Building Notice. Link corrected Apr 2026.",""
"347 N Gay St, Baltimore, MD 21202","39.294073","-76.606880","Baltimore","MD","21202","RETAIL","ABANDONED","GAY STREET PROPERTIES LLC","$36,600","https://www.google.com/maps/place/347+N+Gay+St%2C+Baltimore%2C+MD+21202/@39.294073207733,-76.606880314143,17z","https://data.baltimorecity.gov/datasets/baltimore::vacant-building-notices","Old Town Mall. Baltimore Vacant Building Notice. Link corrected Apr 2026.",""
"351 N Gay St, Baltimore, MD 21202","39.294104","-76.606840","Baltimore","MD","21202","RETAIL","ABANDONED","GAY STREET PROPERTIES LLC","$64,400","https://www.google.com/maps/place/351+N+Gay+St%2C+Baltimore%2C+MD+21202/@39.294103661003,-76.606839709784,17z","https://data.baltimorecity.gov/datasets/baltimore::vacant-building-notices","Old Town Mall. Baltimore Vacant Building Notice. Link corrected Apr 2026.",""
"353 N Gay St, Baltimore, MD 21202","39.294119","-76.606819","Baltimore","MD","21202","RETAIL","ABANDONED","GAY STREET PROPERTIES LLC","$46,300","https://www.google.com/maps/place/353+N+Gay+St%2C+Baltimore%2C+MD+21202/@39.294118887638,-76.606819407604,17z","https://data.baltimorecity.gov/datasets/baltimore::vacant-building-notices","Old Town Mall. Multi-story building fully boarded with plywood and graffiti. Nov 2020 SV. Baltimore Vacant Building Notice. Link corrected Apr 2026.",""
"312 N High St, Baltimore, MD 21202","39.293307","-76.606404","Baltimore","MD","21202","COMMERCIAL","ABANDONED","BCP HIGH LOW LLC & GT LLC","$728,100","https://www.google.com/maps/place/312+N+High+St%2C+Baltimore%2C+MD+21202/@39.293306907516,-76.606404368774,17z","https://data.baltimorecity.gov/datasets/baltimore::vacant-building-notices","Jonestown / Old Town area. Baltimore Vacant Building Notice. Link corrected Apr 2026.",""
"323 N High St, Baltimore, MD 21202","39.293856","-76.606864","Baltimore","MD","21202","COMMERCIAL","ABANDONED","GAY-HIGH STREET LLC","$22,100","https://www.google.com/maps/place/323+N+High+St%2C+Baltimore%2C+MD+21202/@39.293855697717,-76.60686371592,17z","https://data.baltimorecity.gov/datasets/baltimore::vacant-building-notices","Jonestown / Old Town area. Baltimore Vacant Building Notice. Link corrected Apr 2026.",""
"327 N High St, Baltimore, MD 21202","39.293862","-76.606871","Baltimore","MD","21202","COMMERCIAL","ABANDONED","BALTIMORE HIGH VENTURES LLC","$17,000","https://www.google.com/maps/place/327+N+High+St%2C+Baltimore%2C+MD+21202/@39.29386212785,-76.606871011646,17z","https://data.baltimorecity.gov/datasets/baltimore::vacant-building-notices","Jonestown / Old Town area. Baltimore Vacant Building Notice. Link corrected Apr 2026.",""
"808 Low St, Baltimore, MD 21202","39.292754","-76.607008","Baltimore","MD","21202","COMMERCIAL","ABANDONED","BCP HIGH LOW LLC & GT LLC","$741,200","https://www.google.com/maps/place/808+Low+St%2C+Baltimore%2C+MD+21202/@39.292754280769,-76.607008147615,17z","https://data.baltimorecity.gov/datasets/baltimore::vacant-building-notices","Jonestown / Old Town area. Baltimore Vacant Building Notice. Link corrected Apr 2026.",""
"2120 W Lafayette Ave, Baltimore, MD 21217","39.298680","-76.651565","Baltimore","MD","21217","INDUSTRIAL","ABANDONED","P. DAVID BRAMBLE","$486,000","https://www.google.com/maps/place/2120+W+Lafayette+Ave%2C+Baltimore%2C+MD+21217/@39.298679763579,-76.651564940461,17z","https://data.baltimorecity.gov/datasets/baltimore::vacant-building-notices","Former Acme Business Center. Massive multi-story industrial building with overgrown vegetation. Jul 2019 SV. Bridgeview/Greenlawn. Baltimore Vacant Building Notice. Link corrected Apr 2026.",""
"313 N Howard St, Baltimore, MD 21201","39.293071","-76.619643","Baltimore","MD","21201","COMMERCIAL","ABANDONED","325-327 N HOWARD STREET LLC","$502,400","https://www.google.com/maps/place/313+N+Howard+St%2C+Baltimore%2C+MD+21201/@39.293071087433,-76.619643111052,17z","https://data.baltimorecity.gov/datasets/baltimore::vacant-building-notices","Howard St Superblock. Multi-story commercial building with extensive graffiti, boarded at street level. Oct 2023 SV. Baltimore Vacant Building Notice. Link corrected Apr 2026.",""
"315 N Howard St, Baltimore, MD 21201","39.293091","-76.619644","Baltimore","MD","21201","COMMERCIAL","ABANDONED","INTERNATIONAL MANAGEMENT SIERRA & LLC","$371,800","https://www.google.com/maps/place/315+N+Howard+St%2C+Baltimore%2C+MD+21201/@39.293090608392,-76.619644259342,17z","https://data.baltimorecity.gov/datasets/baltimore::vacant-building-notices","Howard St Superblock. Adjacent to 313, same block of vacant commercial storefronts. Baltimore Vacant Building Notice. Link corrected Apr 2026.",""
"317 N Howard St, Baltimore, MD 21201","39.293110","-76.619645","Baltimore","MD","21201","COMMERCIAL","ABANDONED","INTERNATIONAL MANAGEMENT SIERRA & LLC","$408,900","https://www.google.com/maps/place/317+N+Howard+St%2C+Baltimore%2C+MD+21201/@39.29311012935,-76.619645407633,17z","https://data.baltimorecity.gov/datasets/baltimore::vacant-building-notices","Howard St Superblock. Same block as 313-315. Baltimore Vacant Building Notice. Link corrected Apr 2026.",""
"321 N Howard St, Baltimore, MD 21201","39.293149","-76.619648","Baltimore","MD","21201","COMMERCIAL","ABANDONED","321 N HOWARD STREET- & 314 TYSON STREET LLC","$96,200","https://www.google.com/maps/place/321+N+Howard+St%2C+Baltimore%2C+MD+21201/@39.293149171268,-76.619647704213,17z","https://data.baltimorecity.gov/datasets/baltimore::vacant-building-notices","Howard St Superblock. Former commercial venue with boarded/darkened windows. Oct 2023 SV. Baltimore Vacant Building Notice. Link corrected Apr 2026.",""
"323 N Howard St, Baltimore, MD 21201","39.293169","-76.619649","Baltimore","MD","21201","COMMERCIAL","ABANDONED","325-327 N HOWARD STREET LLC","$401,500","https://www.google.com/maps/place/323+N+Howard+St%2C+Baltimore%2C+MD+21201/@39.293168692226,-76.619648852504,17z","https://data.baltimorecity.gov/datasets/baltimore::vacant-building-notices","Howard St Superblock. Adjacent to 321. Baltimore Vacant Building Notice. Link corrected Apr 2026.",""
"329 N Howard St, Baltimore, MD 21201","39.293227","-76.619652","Baltimore","MD","21201","COMMERCIAL","ABANDONED","JOHN (TR) GOERTLER & KAREN (TR) GOERTLER","$476,300","https://www.google.com/maps/place/329+N+Howard+St%2C+Baltimore%2C+MD+21201/@39.293227255102,-76.619652297375,17z","https://data.baltimorecity.gov/datasets/baltimore::vacant-building-notices","Howard St Superblock. Graffiti-covered multi-story commercial buildings visible in corridor. Oct 2023 SV. Baltimore Vacant Building Notice. Link corrected Apr 2026.",""
"400 N Howard St, Baltimore, MD 21201","39.294020","-76.619850","Baltimore","MD","21201","COMMERCIAL","ABANDONED","N & A KITCHEN LLC","$186,500","https://www.google.com/maps/place/400+N+Howard+St%2C+Baltimore%2C+MD+21201/@39.294019944786,-76.619850149191,17z","https://data.baltimorecity.gov/datasets/baltimore::vacant-building-notices","Howard St Superblock. Large multi-story vacant commercial building. Aug 2022 SV. Baltimore Vacant Building Notice. Link corrected Apr 2026.",""
"410 N Howard St, Baltimore, MD 21201","39.294107","-76.619854","Baltimore","MD","21201","COMMERCIAL","ABANDONED","MAYOR AND CITY COUNCIL","$171,000","https://www.google.com/maps/place/410+N+Howard+St%2C+Baltimore%2C+MD+21201/@39.2941065578,-76.619854273615,17z","https://data.baltimorecity.gov/datasets/baltimore::vacant-building-notices","Howard St Superblock. Adjacent to 400 N Howard. Baltimore Vacant Building Notice. Link corrected Apr 2026.",""
"412 N Howard St, Baltimore, MD 21201","39.294124","-76.619855","Baltimore","MD","21201","COMMERCIAL","ABANDONED","MAYOR AND CITY COUNCIL","$122,600","https://www.google.com/maps/place/412+N+Howard+St%2C+Baltimore%2C+MD+21201/@39.294123880403,-76.619855098499,17z","https://data.baltimorecity.gov/datasets/baltimore::vacant-building-notices","Howard St Superblock. Adjacent to 410 N Howard. Baltimore Vacant Building Notice. Link corrected Apr 2026.",""
"200 E Pratt St, Baltimore, MD 21202","39.286659","-76.612053","Baltimore","MD","21202","RETAIL","CHRONICALLY VACANT","BALTIMORE CENTER ASSOCIATES LIMITED PARTNERSHIP","$4,751,500","https://www.google.com/maps/place/200+E+Pratt+St%2C+Baltimore%2C+MD+21202/@39.286658709886,-76.612052646406,17z","https://www.yelp.com/biz/the-gallery-baltimore","The Gallery at Harborplace. 100,769 sq ft five-story shopping mall. Fully vacant since Jan 2022. Scheduled for demolition fall 2026 as part of $900M Harborplace redevelopment by MCB Real Estate. Link corrected Apr 2026.",""
"27 S Sycamore St, Petersburg, VA 23803","37.227004","-77.402955","Petersburg","VA","23803","RETAIL","VACANT","","","https://www.google.com/maps/place/27+S+Sycamore+St%2C+Petersburg%2C+VA+23803/@37.22700427508,-77.402955142036,17z","https://onesouthcommercial.com/properties/27-31-s-sycamore-st-petersburg-va-23803/","Three buildings (27-31 S Sycamore + 8 Rose Alley) on one parcel. Former retail shops and restaurant space. Currently vacant and in need of renovation. Jul 2024 SV shows empty/papered storefront windows. One South Commercial listing confirms vacancy. Link corrected Apr 2026.",""
"31 W Washington St, Petersburg, VA 23803","37.227665","-77.404298","Petersburg","VA","23803","RETAIL","VACANT","","","https://www.google.com/maps/place/31+W+Washington+St%2C+Petersburg%2C+VA+23803/@37.227665375486,-77.404297684077,17z","","W Washington commercial corridor. Aug 2024 SV shows boarded/papered storefronts at street level. Shaw-Hard Furniture sign on upper floors. Multi-story commercial building. Link corrected Apr 2026.",""
"33 W Washington St, Petersburg, VA 23803","37.227663","-77.404310","Petersburg","VA","23803","RETAIL","PROBABLY VACANT","","","https://www.google.com/maps/place/33+W+Washington+St%2C+Petersburg%2C+VA+23803/@37.22766312641,-77.40431042884,17z","","W Washington commercial corridor. Sep 2022 SV shows CLOSING ALL MUST GO and WE MUST VACATE BUILDING signs in storefront windows. Part of row of vacant storefronts on same block as 31 W Washington. Link corrected Apr 2026.",""
"35 W Washington St, Petersburg, VA 23803","37.227661","-77.404323","Petersburg","VA","23803","COMMERCIAL","PROBABLY VACANT","","","https://www.google.com/maps/place/35+W+Washington+St%2C+Petersburg%2C+VA+23803/@37.227660877335,-77.404323173603,17z","","W Washington commercial corridor. Sep 2022 SV shows boarded/vacant storefront between closing stores and SWAGGER. Same block of blight as 31-37 W Washington. Link corrected Apr 2026.",""
"37 W Washington St, Petersburg, VA 23803","37.227659","-77.404336","Petersburg","VA","23803","COMMERCIAL","PROBABLY VACANT","","","https://www.google.com/maps/place/37+W+Washington+St%2C+Petersburg%2C+VA+23803/@37.227658628259,-77.404335918366,17z","","W Washington commercial corridor. SWAGGER sign visible, boarded/dark windows in Sep 2022 SV. Same block of blight as 31-35 W Washington. Link corrected Apr 2026.",""
"112 N Sycamore St, Petersburg, VA 23803","37.229659","-77.404084","Petersburg","VA","23803","COMMERCIAL","PROBABLY VACANT","","","https://www.google.com/maps/place/112+N+Sycamore+St%2C+Petersburg%2C+VA+23803/@37.229659463839,-77.404084324168,17z","https://www.loopnet.com/Listing/112-N-Sycamore-St-Petersburg-VA/21017645/","Four-story commercial building on Petersburgs main commercial street. Listed for sale on LoopNet, One South Commercial, and Long & Foster. Sep 2022 SV shows curtained/covered windows. Old Towne Historic District. Link corrected Apr 2026.",""
"62 Cherry St, Bridgeport, CT 06605","41.166777","-73.209413","Bridgeport","CT","06605","INDUSTRIAL","ABANDONED","HANCOCK AVENUE PARTNERS","","https://www.google.com/maps/place/62+Cherry+St,+Bridgeport,+CT+06605/@41.166777,-73.209413,17z","","Cherry St factory complex. Massive multi-story brick factory building, iron gates, no activity. Part of cluster of abandoned industrial buildings on Cherry St. Coordinates corrected Apr 2026.",""
"72 Cherry St, Bridgeport, CT 06605","41.167181","-73.209971","Bridgeport","CT","06605","INDUSTRIAL","ABANDONED","HANCOCK AVENUE PARTNERS","","https://www.google.com/maps/place/72+Cherry+St,+Bridgeport,+CT+06605/@41.1666717,-73.209842,3a,75y,320.62h,94.88t/data=!3m7!1e1!3m5!1sYuSAi1e5KKb3QXdi-FkZew!2e0!6shttps:%2F%2Fstreetviewpixels-pa.googleapis.com%2Fv1%2Fthumbnail%3Fcb_client%3Dmaps_sv.tactile%26w%3D900%26h%3D600%26pitch%3D-4.876309357418506%26panoid%3DYuSAi1e5KKb3QXdi-FkZew%26yaw%3D320.6164221764025!7i16384!8i8192!4m15!1m8!3m7!1s0x89e80e3c3f621737:0x2ea747998404943b!2s72+Cherry+St,+Bridgeport,+CT+06605!3b1!8m2!3d41.1671813!4d-73.2099708!16s%2Fg%2F11c4vnp5tw!3m5!1s0x89e80e3c3f621737:0x2ea747998404943b!8m2!3d41.1671813!4d-73.2099708!16s%2Fg%2F11c4vnp5tw","","Cherry St factory complex. Massive brick industrial building, all windows boarded/covered with plywood, overgrown weeds at base. Coordinates/link corrected Apr 2026.",""
"80 Cherry St, Bridgeport, CT 06605","41.166751","-73.209737","Bridgeport","CT","06605","INDUSTRIAL","ABANDONED","HANCOCK AVENUE PARTNERS","","https://www.google.com/maps/place/80+Cherry+St,+Bridgeport,+CT+06605/@41.166751,-73.209737,17z","","Cherry St factory complex. Industrial building with all windows boarded with metal/plywood panels. Same complex as 62-72 Cherry St. Coordinates corrected Apr 2026.",""
"1325 Railroad Ave, Bridgeport, CT 06605","41.167771","-73.211084","Bridgeport","CT","06605","INDUSTRIAL","ABANDONED","HANCOCK AVENUE PARTNERS","","https://www.google.com/maps/place/1325+Railroad+Ave,+Bridgeport,+CT+06605/@41.167771,-73.211084,17z","","Dense overgrown vegetation covering lot/building adjacent to Cherry St factory complex. Near Remington Arms site. Coordinates corrected Apr 2026.",""
"227 Middle St, Bridgeport, CT 06604","41.181521","-73.189276","Bridgeport","CT","06604","INDUSTRIAL","ABANDONED","CITY OF BRIDGEPORT","","https://www.google.com/maps/place/227+Middle+St,+Bridgeport,+CT+06604/@41.181521,-73.189276,17z","","Former Davidson Fabric Factory. Large deteriorating multi-story brick industrial building with peeling paint and green shuttered windows. Long-vacant manufacturing facility. Coordinates corrected Apr 2026.",""
"510 Grand Ave, New Haven, CT 06513","41.308718","-72.907688","New Haven","CT","06513","INDUSTRIAL","ABANDONED","PARAMOUNT VIEW MILLENNIUM LLC","","https://www.google.com/maps/place/510+Grand+Ave,+New+Haven,+CT+06513/@41.308718,-72.907688,17z","","English Station power plant. Former United Illuminating coal-fired power plant, decommissioned 1992. Smokestacks visible behind graffiti-covered concrete perimeter wall. Fenced off, no activity. Environmental contamination site. One of New Havens most prominent abandoned industrial landmarks. Coordinates corrected Apr 2026.",""
"1400 N Royal St, Alexandria, VA 22314","38.817979","-77.040873","Alexandria","VA","22314","INDUSTRIAL","ABANDONED","HRP GROUP","","https://www.google.com/maps/place/1400+N+Royal+St%2C+Alexandria%2C+VA+22314/@38.817978950666,-77.040873496751,17z","https://www.alexandriava.gov/neighborhood-development/potomac-river-generating-station-prgs-power-plant-redevelopment-old-town","Potomac River Generating Station. Former coal-fired power plant built 1948, decommissioned 2012. 20-acre waterfront site. Purchased by HRP Group 2020. Demolition planned 2027, mixed-use redevelopment with 2000 residential units by 2029-2030. Environmental remediation ongoing. No street-level SV coverage (fenced site). Old Town North. Link corrected Apr 2026.",""
"50 Virginia Ave, Welch, WV 24801","37.431104","-81.584064","Welch","WV","24801","COMMERCIAL","ABANDONED","","","https://www.google.com/maps/place/50+Virginia+Ave%2C+Welch%2C+WV+24801/@37.431103561058,-81.584064473113,17z","","Downtown Welch commercial block. Mar 2025 SV shows multiple boarded storefronts with deteriorating aluminum siding and cardboard/plywood over windows. McDowell County seat, population declined from 6600 (1950) to under 2000. Coal economy collapse. Link corrected Apr 2026.",""
"75 McDowell St, Welch, WV 24801","37.432155","-81.585715","Welch","WV","24801","RETAIL","VACANT","","","https://www.google.com/maps/place/75+McDowell+St%2C+Welch%2C+WV+24801/@37.432155171458,-81.585715319329,17z","","Downtown Welch. Mar 2025 SV shows large empty storefront with glass windows revealing completely vacant interior. Deteriorating brick building on main commercial street. Link corrected Apr 2026.",""
"56 McDowell St, Welch, WV 24801","37.432974","-81.585585","Welch","WV","24801","COMMERCIAL","PROBABLY VACANT","","","https://www.google.com/maps/place/56+McDowell+St%2C+Welch%2C+WV+24801/@37.432973605694,-81.585584951298,17z","","Downtown Welch. Mar 2025 SV shows multiple multi-story brick commercial buildings with deteriorating exteriors, debris in parking area. Adjacent to active WIC office at 28 McDowell, but most commercial buildings on block appear underused or vacant. Link corrected Apr 2026.",""
"1200 Market St, Wheeling, WV 26003","40.067222","-80.722434","Wheeling","WV","26003","HOSPITALITY","CONDEMNED","","","https://www.google.com/maps/place/1200+Market+St%2C+Wheeling%2C+WV+26003/@40.067222111141,-80.722434191976,17z","https://www.theintelligencer.net/news/top-headlines/2024/11/city-of-wheeling-condemns-mclure-hotel/","McLure Hotel. Historic hotel built 1852, operated as Ramada/OYO. Condemned Nov 2024 by City of Wheeling. Code violations: mold, fire safety, sewage, electrical. Tenants evicted. Health dept permits suspended indefinitely. Prospective buyer from Arkansas in negotiations as of Dec 2024. 9-story landmark building on Market St. Link corrected Apr 2026.",""
"1134 Market St, Wheeling, WV 26003","40.068207","-80.722582","Wheeling","WV","26003","COMMERCIAL OFFICE","VACANT","COON RESTORATION LLC","","https://www.google.com/maps/place/1134+Market+St%2C+Wheeling%2C+WV+26003/@40.068207486604,-80.722581562814,17z","https://www.wheelingwv.gov/news/post/11147/","Former Wheeling-Pittsburgh Steel headquarters. 12-story office building vacant since RG Steel bankruptcy in 2012. Sep 2025 SV shows building behind iron fencing. Announced conversion to 128 market-rate apartments but renovation timeline uncertain. Downtown Wheeling landmark. Link corrected Apr 2026.","HUMAN CONFIRMED"
"116 Bland St, Bluefield, WV 24701","37.269500","-81.222500","Bluefield","WV","24701","RETAIL","VACANT","","","https://www.google.com/maps/place/116+Bland+St%2C+Bluefield%2C+WV+24701/@37.2695,-81.2225,17z","","Downtown Bluefield. Dec 2025 SV shows vacant storefront with missing/broken windows and exposed interior. Checkered tile base, deteriorating multi-story brick building. Part of Bland St commercial corridor blight. Bland Ferri Building (210) and CWA Building (200) nearby are slated for demolition. Link corrected Apr 2026.",""
"210 Federal St, Bluefield, WV 24701","37.269277","-81.222496","Bluefield","WV","24701","COMMERCIAL","PROBABLY VACANT","","","https://www.google.com/maps/place/210+Federal+St%2C+Bluefield%2C+WV+24701/@37.269277190454,-81.22249625945,17z","","Downtown Bluefield commercial corridor. Jun 2024 SV shows closed storefronts with green roll-down gate and darkened windows facing Scott St. American flag and flower basket on light post but no signs of active business. Adjacent brick building also appears vacant. Link corrected Apr 2026.",""
"622 Commercial Ave, Cairo, IL 62914","37.000340","-89.165115","Cairo","IL","62914","COMMERCIAL","ABANDONED","","","https://www.google.com/maps/place/622+Commercial+Ave%2C+Cairo%2C+IL+62914/@37.000339513994,-89.165114944729,17z","","Downtown Cairo, Commercial Ave. Multi-story brick commercial building, most prominent surviving structure on Commercial Ave. Dark windows, deteriorating facade, green-painted ground floor storefront. Surrounded by empty lots where entire commercial district once stood. Nov 2025 SV. Cairo population declined 89% from 15,203 (1920) to 1,733 (2020). Link corrected Apr 2026.",""
"700 Commercial Ave, Cairo, IL 62914","37.000622","-89.165458","Cairo","IL","62914","RETAIL","VACANT","","","https://www.google.com/maps/place/700+Commercial+Ave%2C+Cairo%2C+IL+62914/@37.00062197675,-89.165458338421,17z","","Downtown Cairo, Commercial Ave. Row of closed storefronts with dark/shuttered windows. No signs of active business. Nov 2025 SV. Empty demolished lots across the street where other Commercial Ave businesses once stood. Link corrected Apr 2026.",""
"282 N Main St, Jellico, TN 37762","36.589361","-84.126546","Jellico","TN","37762","COMMERCIAL","PROBABLY VACANT","","","https://www.google.com/maps/place/282+N+Main+St%2C+Jellico%2C+TN+37762/@36.589361129786,-84.126546052185,17z","","Jellico Commercial Historic District (National Register 1999). Multi-story brick building with roll-down security gate over ground-floor storefront and ghost signage. Adjacent to Appalachian Health clinic. Jun 2024 SV. Part of Main St corridor decline in former coal town. Jellico selected for Tennessee Main Street revitalization program 2024. Link corrected Apr 2026.",""
"307 Large Ave, Clairton, PA 15025","40.294060","-79.881440","Clairton","PA","15025","COMMERCIAL","PROBABLY VACANT","","$30,900","https://www.google.com/maps/place/307+Large+Ave%2C+Clairton%2C+PA+15025/@40.294059607148,-79.881439857455,17z","","Clairton commercial corridor, Large Ave. Deteriorating commercial/industrial building with closed garage doors and peeling exterior. May 2025 SV. Adjacent to cleared lots. Clairton population peaked at ~20,000 in 1950s, collapsed with domestic steel industry. Quarter of city reportedly boarded up. Link corrected Apr 2026.",""
"1101 N Bentalou St, Baltimore, MD 21216","39.300757","-76.653521","Baltimore","MD","21216","RESIDENTIAL","ABANDONED","HARCUM, BETTY M & HARCUM, CYNTHIA","$50,100","https://www.google.com/maps/@39.3007976,-76.6535907,3a,75y,298h,90t/data=!3m6!1e1!3m4!1s9fgmbD5l3I2z4CNiN0LRwg!2e0!7i16384!8i8192","","West Baltimore, Bridgeview/Greenlawn neighborhood. Nov 2020 SV shows deteriorating two-story building with damaged porch and overgrown yard. Adjacent empty lot where building was demolished. Residential area with significant vacancy.",""
"932 N Payson St, Baltimore, MD 21217","39.299579","-76.649395","Baltimore","MD","21217","RESIDENTIAL","ABANDONED","WILLIAMS, JERRI MARIE","$5,000","https://www.google.com/maps/@39.2997082,-76.64929,3a,75y,249h,90t/data=!3m6!1e1!3m4!1sfZyfCiSavhGwQ5JzBSwVzQ!2e0!7i16384!8i8192","","West Baltimore, Bridgeview/Greenlawn. Nov 2020 SV shows corner rowhouse with boarded windows on both floors. Deteriorating brick exterior. Adjacent to other vacant rowhouses on the block.","HUMAN CONFIRMED"
"2020 Mosher St, Baltimore, MD 21217","39.299700","-76.650350","Baltimore","MD","21217","WAREHOUSE","ABANDONED","NATIONAL RAILROAD PASSENGER CORPORATION","$747,400","https://www.google.com/maps/@39.2997044,-76.6503496,3a,75y,9h,94t/data=!3m6!1e1!3m4!1swheH62r61qT4gk6AouxlBg!2e0!7i16384!8i8192","","West Baltimore, Bridgeview/Greenlawn. Jun 2019 SV shows large single-story brick warehouse/industrial building. Entrance boarded with plywood, bricked-in archway, no windows. Address 2020 painted on wall. Clearly abandoned.","HUMAN CONFIRMED"
"200 Federal St, Bluefield, WV 24701","37.269296","-81.222506","Bluefield","WV","24701","RETAIL","VACANT","","","https://www.google.com/maps/@37.2692943,-81.2224069,3a,90y,253h,98t/data=!3m6!1e1!3m4!1sbE9Esm4c_Z8l4MtuOw6pzQ!2e0!7i16384!8i8192","https://www.yelp.com/biz/landmark-antique-mall-bluefield","Former Landmark Antique Mall. 20,000 sq ft three-floor antique mall permanently closed Sep 2020. Dec 2025 SV shows empty storefront windows with teal/green trim and Landmark Antiques sign still displayed. Downtown Bluefield Federal St commercial corridor.",""
"624 Raleigh St, Bluefield, WV 24701","37.269444","-81.220522","Bluefield","WV","24701","COMMERCIAL","VACANT","","","https://www.google.com/maps/place/624+Raleigh+St%2C+Bluefield%2C+WV+24701/@37.26944423227,-81.220521593295,17z","","Downtown Bluefield, Raleigh St. Jun 2024 SV shows multi-story brick commercial building with darkened/painted-over storefront windows and deteriorating cornice. No signs of active business. Adjacent buildings also appear vacant. Link corrected Apr 2026.",""
"702 Raleigh St, Bluefield, WV 24701","37.269545","-81.220130","Bluefield","WV","24701","COMMERCIAL","VACANT","","","https://www.google.com/maps/place/702+Raleigh+St%2C+Bluefield%2C+WV+24701/@37.269544956728,-81.220130486271,17z","","Downtown Bluefield, Raleigh St. Jun 2024 SV shows two-story brick building numbered 702 with empty white-painted ground-floor storefront, dark upper windows, no signage or activity. Chain-link fencing visible on adjacent lot. Link corrected Apr 2026.",""
"560 Raleigh St, Bluefield, WV 24701","37.269236","-81.221340","Bluefield","WV","24701","COMMERCIAL","ABANDONED","","","https://www.google.com/maps/place/560+Raleigh+St%2C+Bluefield%2C+WV+24701/@37.269236313423,-81.22133964669,17z","","Downtown Bluefield, Raleigh St. Jun 2024 SV shows large four-story brick commercial building with boarded/papered-over ground-floor windows and dark upper windows. Deteriorating gray-painted brick facade. Fire escape visible. One of largest abandoned structures on Raleigh St corridor. Link corrected Apr 2026.",""
"1806 W Lafayette Ave, Baltimore, MD 21217","39.298796","-76.646610","Baltimore","MD","21217","RESIDENTIAL","ABANDONED","PRIDE INVESTMENT AND DEVELOPMENT, LLC","$1,000","https://www.google.com/maps/@39.2987959,-76.6466099,3a,90y,18.53h,95.56t/data=!3m7!1e1!3m5!1smAyyPK2SIWbhlR4jUB74dg!2e0!6shttps:%2F%2Fstreetviewpixels-pa.googleapis.com%2Fv1%2Fthumbnail%3Fcb_client%3Dmaps_sv.tactile%26w%3D900%26h%3D600%26pitch%3D-5.555373778574591%26panoid%3DmAyyPK2SIWbhlR4jUB74dg%26yaw%3D18.5262719062828!7i16384!8i8192","","West Baltimore. Jun 2019 SV shows row of abandoned stone/brick rowhouses with boarded windows and graffiti murals on facade. Multiple adjacent vacant rowhouses. Part of extensive West Baltimore residential blight corridor near Mosher St/Payson St properties already in database.","HUMAN CONFIRMED"
"71 WV-16, Welch, WV 24801","37.429334","-81.585316","Welch","WV","24801","RESIDENTIAL","ABANDONED","","","https://www.google.com/maps/@37.4293341,-81.585316,3a,90y,54h,106t/data=!3m6!1e1!3m4!1sboXqYk1bmoo030JUZxVDng!2e0!7i16384!8i8192","","Welch, WV-16 hillside. Mar 2025 SV shows large multi-story brick residential building with deteriorating facade, ivy overgrowth, broken/dark windows, crumbling decorative brickwork. Concrete pillar carport underneath. McDowell County coal town decline.",""
"83 WV-16, Welch, WV 24801","37.429084","-81.585186","Welch","WV","24801","RESIDENTIAL","ABANDONED","","","https://www.google.com/maps/@37.4290844,-81.5851862,3a,75y,18h,104t/data=!3m6!1e1!3m4!1sv7Hkl9CsaaSLLTvfZog5sA!2e0!7i16384!8i8192","","Welch, WV-16 hillside. Mar 2025 SV shows multi-story brick residential building with deteriorating exterior, dark windows, same hillside cluster as 71 WV-16. McDowell County coal town decline.",""
"18 N Sycamore St, Petersburg, VA 23803","37.228321","-77.403504","Petersburg","VA","23803","COMMERCIAL","PROBABLY VACANT","","","https://www.google.com/maps/@37.2283205,-77.4035035,3a,90y,241h,111t/data=!3m6!1e1!3m4!1sZfwMvCIYK5Y5hQkCIyVyDg!2e0!7i16384!8i8192","","Downtown Petersburg, N Sycamore St. Jul 2024 SV shows multi-story brick commercial building with severely deteriorating facade, exposed/peeling plaster, dark upper windows. Ground floor storefronts appear vacant. Adjacent to active businesses.",""
"110 N Sycamore St, Petersburg, VA 23803","37.228921","-77.403754","Petersburg","VA","23803","COMMERCIAL","VACANT","","","https://www.google.com/maps/@37.2289213,-77.4037544,3a,75y,70h,108t/data=!3m6!1e1!3m4!1sQaojd2m8LztDm2OVT3aVQg!2e0!7i16384!8i8192","","Downtown Petersburg, N Sycamore St. Jul 2024 SV shows large commercial building with blank white-painted upper wall and darkened ground-floor storefronts. No signage, blue tarp visible. Adjacent to 112 N Sycamore (also in database).",""
"113 N Sycamore St, Petersburg, VA 23803","37.229011","-77.403789","Petersburg","VA","23803","COMMERCIAL","PROBABLY VACANT","","","https://www.google.com/maps/@37.2290113,-77.4037889,3a,75y,324h,82t/data=!3m6!1e1!3m4!1swaQh9euQaifh22sfn-Bc-w!2e0!7i16384!8i8192","","Downtown Petersburg, N Sycamore St. Jun 2022 autori shows Core Educational Institute signage. Jul 2024 Google SV shows dark storefronts. Former Google Maps listing for Cosmos at this address. West side of Sycamore near W Tabb St.",""
"117 N Sycamore St, Petersburg, VA 23803","37.229187","-77.403862","Petersburg","VA","23803","COMMERCIAL","PROBABLY VACANT","","","https://www.google.com/maps/@37.2291867,-77.4038618,3a,75y,56h,102t/data=!3m6!1e1!3m4!1sNQz-i3Nh8ulBX60qsZUr5g!2e0!7i16384!8i8192","","Downtown Petersburg, N Sycamore St. Jul 2024 SV shows building with AURO signage and rusted metal facade panels. Empty lot visible on north side. Adjacent building to south has deteriorating upper floors. Former Google Maps listing for Cosmos nearby.",""
"140 WV-16, Welch, WV 24801","37.433500","-81.585500","Welch","WV","24801","RETAIL","VACANT","","","https://www.google.com/maps/place/140+WV-16%2C+Welch%2C+WV+24801/@37.4335,-81.5855,17z","","Downtown Welch, WV-16 commercial strip. Mar 2025 SV shows two-story brick building with sealed blue wooden doors and shuttered storefronts. No signage or business activity. Part of Welch Commercial Historic District (NRHP 1992). Link corrected Apr 2026.",""
"60 WV-16, Welch, WV 24801","37.431500","-81.585700","Welch","WV","24801","COMMERCIAL","PROBABLY VACANT","","","https://www.google.com/maps/place/60+WV-16%2C+Welch%2C+WV+24801/@37.4315,-81.5857,17z","","Downtown Welch, WV-16. Mar 2025 SV shows row of multi-story brick commercial buildings with deteriorating facades and dark windows. Part of Welch Commercial Historic District. Adjacent to Elkhorn Creek. McDowell County coal economy collapse. Link corrected Apr 2026.",""
"2629 N 12th St, Philadelphia, PA 19133","39.992464","-75.150956","Philadelphia","PA","19133","RESIDENTIAL","ABANDONED","BOM MANAGEMENT LLC","$40,600","https://www.google.com/maps/search/2629+N+12th+St+Philadelphia+PA+19133","https://property.phila.gov/","OPA exterior condition 5. Row 2 sty masonry. Sold 2010 for $5,091. Source: abandonedphiladelphia.com.",""
"307 N 54th St, Philadelphia, PA 19139","39.965161","-75.227618","Philadelphia","PA","19139","RESIDENTIAL","ABANDONED","MANIRUZZAMAN MD","$50,200","https://www.google.com/maps/search/307+N+54th+St+Philadelphia+PA+19139","https://property.phila.gov/","OPA exterior condition 7 (worst). Row 2 sty masonry. Source: abandonedphiladelphia.com.",""
"5511 Haverford Ave, Philadelphia, PA 19139","39.967047","-75.230148","Philadelphia","PA","19139","RESIDENTIAL","ABANDONED","PESHKEPIA ERION","$98,400","https://www.google.com/maps/search/5511+Haverford+Ave+Philadelphia+PA+19139","https://property.phila.gov/","OPA exterior condition 7 (worst). Row 2 sty masonry. Source: abandonedphiladelphia.com.",""
"2615 N 13th St, Philadelphia, PA 19133","39.992657","-75.152526","Philadelphia","PA","19133","MIXED USE","ABANDONED","NEMBHARD KENISHA","$62,900","https://www.google.com/maps/search/2615+N+13th+St+Philadelphia+PA+19133","https://property.phila.gov/","OPA exterior condition 6. Store/office+apt 3 sty masonry. Source: abandonedphiladelphia.com.",""
"3861 Brandywine St, Philadelphia, PA 19104","39.962767","-75.198670","Philadelphia","PA","19104","RESIDENTIAL","ABANDONED","POWELL BLANCHE INC","$92,400","https://www.google.com/maps/search/3861+Brandywine+St+Philadelphia+PA+19104","https://property.phila.gov/","OPA exterior condition 7 (worst). Row 2 sty masonry. Sold 2012 for $1.","HUMAN CONFIRMED"
"3810 Haverford Ave, Philadelphia, PA 19104","39.963324","-75.197679","Philadelphia","PA","19104","COMMERCIAL","ABANDONED","REDEVELOPMENT AUTHORITY OF THE CITY OF PHILADELPHIA","$300,900","https://www.google.com/maps/search/3810+Haverford+Ave+Philadelphia+PA+19104","https://property.phila.gov/","OPA exterior condition 7 (worst). Row w/office store 2 sty masonry. City redevelopment authority owned.",""
"3801 Haverford Ave, Philadelphia, PA 19104","39.963461","-75.197486","Philadelphia","PA","19104","COMMERCIAL","ABANDONED","WRIGHT KEVIN J","$109,800","https://www.google.com/maps/search/3801+Haverford+Ave+Philadelphia+PA+19104","https://property.phila.gov/","OPA exterior condition 6. Row w/office store 3 sty masonry. Sold 1980 for $500.",""
"2429 W Lehigh Ave, Philadelphia, PA 19132","39.996239","-75.171860","Philadelphia","PA","19132","RESIDENTIAL","ABANDONED","TWENTY TWENTY INC","$97,400","https://www.google.com/maps/search/2429+W+Lehigh+Ave+Philadelphia+PA+19132","https://property.phila.gov/","OPA exterior condition 5. Row 2 sty masonry. Sold 2015 for $7,000.",""
"2534 W Lehigh Ave, Philadelphia, PA 19132","39.996256","-75.172941","Philadelphia","PA","19132","MIXED USE","ABANDONED","BROASTER CASSIUS","$52,100","https://www.google.com/maps/search/2534+W+Lehigh+Ave+Philadelphia+PA+19132","https://property.phila.gov/","OPA exterior condition 7 (worst). Store/office+apt 3 sty masonry. Sold 2019 for $1.",""
"265 W Berks St, Philadelphia, PA 19122","39.979478","-75.139549","Philadelphia","PA","19122","WAREHOUSE","ABANDONED","BERKS NORTH AMERICAN OZ LLC","$9,388,100","https://www.google.com/maps/search/265+W+Berks+St+Philadelphia+PA+19122","https://property.phila.gov/","OPA exterior condition 7 (worst). Industrial warehouse masonry. 111,264 sq ft. Verified via SV Jul 2025 - boarded windows, fencing.",""
"2700 N Broad St, Philadelphia, PA 19132","39.994006","-75.154650","Philadelphia","PA","19132","WAREHOUSE","ABANDONED","2700 NORTH BROAD CORP","$5,154,800","https://www.google.com/maps/search/2700+N+Broad+St+Philadelphia+PA+19132","https://property.phila.gov/","OPA exterior condition 6. Industrial warehouse masonry. 52,070 sq ft. Major N Broad St warehouse at Lehigh Ave.","HUMAN CONFIRMED"
"2100 W Allegheny Ave, Philadelphia, PA 19132","40.003027","-75.164371","Philadelphia","PA","19132","WAREHOUSE","ABANDONED","STEEL HEDDLE QOZB LLC","$3,743,200","https://www.google.com/maps/search/2100+W+Allegheny+Ave+Philadelphia+PA+19132","https://property.phila.gov/","OPA exterior condition 7 (worst). Industrial warehouse masonry+other. 75,600 sq ft.","HUMAN CONFIRMED"
"1826 W Lehigh Ave, Philadelphia, PA 19132","39.994722","-75.161168","Philadelphia","PA","19132","WAREHOUSE","ABANDONED","1826 W LEHIGH LLC","$3,633,500","https://www.google.com/maps/search/1826+W+Lehigh+Ave+Philadelphia+PA+19132","https://property.phila.gov/","OPA exterior condition 7 (worst). Industrial warehouse masonry. 90,651 sq ft.",""
"459 W Glenwood Ave, Philadelphia, PA 19140","40.003231","-75.136850","Philadelphia","PA","19140","INDUSTRIAL","ABANDONED","FLEXIBLE FLYER STUDIOS LP","$3,081,700","https://www.google.com/maps/search/459+W+Glenwood+Ave+Philadelphia+PA+19140","https://property.phila.gov/","OPA exterior condition 7 (worst). Industrial factory masonry. 125,866 sq ft. Verified via SV May 2025 - boarded entrances, graffiti.",""
"2400 Washington Ave, Philadelphia, PA 19146","39.939846","-75.183225","Philadelphia","PA","19146","INDUSTRIAL","ABANDONED","24TH STREET PROPERTIES LLC","$3,570,600","https://www.google.com/maps/search/2400+Washington+Ave+Philadelphia+PA+19146","https://property.phila.gov/","OPA exterior condition 6. Industrial factory masonry+other. 126,232 sq ft.",""
"2230 Island Ave, Philadelphia, PA 19153","39.916343","-75.245727","Philadelphia","PA","19153","INDUSTRIAL","ABANDONED","C C C ASSOC L P","$3,149,600","https://www.google.com/maps/search/2230+Island+Ave+Philadelphia+PA+19153","https://property.phila.gov/","OPA exterior condition 7 (worst). Industrial factory masonry+other. 74,048 sq ft.",""
"5000 Ridge Ave, Philadelphia, PA 19128","40.015403","-75.208657","Philadelphia","PA","19128","WAREHOUSE","ABANDONED","M BUTEN + SONS INC","$5,239,400","https://www.google.com/maps/search/5000+Ridge+Ave+Philadelphia+PA+19128","https://property.phila.gov/","OPA exterior condition 7 (worst). Industrial mini warehouse masonry+other. 135,907 sq ft.",""
"2764 Judson St, Philadelphia, PA 19132","39.996985","-75.170045","Philadelphia","PA","19132","RESIDENTIAL","ABANDONED","YOUSEF MORHAF","$30,300","https://www.google.com/maps/search/2764+Judson+St+Philadelphia+PA+19132","https://property.phila.gov/","OPA exterior condition 7 (worst). Row 2 sty masonry.","HUMAN CONFIRMED"
"632 W Cumberland St, Philadelphia, PA 19133","39.989330","-75.143849","Philadelphia","PA","19133","RESIDENTIAL","ABANDONED","TEX PROPERTIES LLC","$132,200","https://www.google.com/maps/search/632+W+Cumberland+St+Philadelphia+PA+19133","https://property.phila.gov/","OPA exterior condition 7 (worst). Row 3 sty masonry.",""
"3050 N 16th St, Philadelphia, PA 19132","40.000073","-75.156630","Philadelphia","PA","19132","RESIDENTIAL","ABANDONED","HMB INVESTMENT PROPERTIES LLC","$60,600","https://www.google.com/maps/search/3050+N+16th+St+Philadelphia+PA+19132","https://property.phila.gov/","OPA exterior condition 7 (worst). Row 2 sty masonry.",""
"417 Missouri Ave, East St Louis, IL 62201","38.626398","-90.159032","East St. Louis","IL","62201","COMMERCIAL OFFICE","ABANDONED","ST. CLAIR COUNTY TRUSTEES","","https://www.google.com/maps/place/417+Missouri+Ave%2C+East+St+Louis%2C+IL+62201/@38.626398089684,-90.159031707253,17z","https://www.landmarks.org/preservation-programs/most-endangered-historic-places-in-illinois/spivey-building-2025/","Spivey Building. Only skyscraper ever built in East St. Louis. 12-story Commercial-style building constructed 1927 by newspaper owner Allen Spivey, designed by Albert B. Frankel. Abandoned since ~1980. May 2021 SV shows ""SPIVEY"" engraved entrance, chain-link fencing, severely deteriorating brick facade, missing/broken windows. No roof, gutted interior. National Register of Historic Places. Named 2025 Most Endangered Historic Place in Illinois by Landmarks Illinois. Part of Downtown East St. Louis Historic District. Link corrected Apr 2026.",""
"240 Collinsville Ave, East St Louis, IL 62201","38.627230","-90.158817","East St. Louis","IL","62201","COMMERCIAL","ABANDONED","CITY OF EAST ST. LOUIS","","https://www.google.com/maps/place/240+Collinsville+Ave%2C+East+St+Louis%2C+IL+62201/@38.627229979029,-90.158817161815,17z","https://en.wikipedia.org/wiki/Downtown_East_St._Louis_Historic_District","Majestic Theater. Grand theater opened Feb 26, 1928, featuring Pewabic tile mosaics and Wurlitzer organ (organ later moved to Fox Theatre in St. Louis). Closed 1960. Apr 2025 SV shows ornate facade still standing amid downtown blight. Adjacent Murphy Building (234 Collinsville) being demolished 2024-2025. Part of Downtown East St. Louis Historic District (National Register). Link corrected Apr 2026.",""
"611 Olive St, St Louis, MO 63101","38.628073","-90.190334","St. Louis","MO","63101","COMMERCIAL OFFICE","ABANDONED","HUDSON HOLDINGS","$7,300,000","https://www.google.com/maps/place/611+Olive+St%2C+St+Louis%2C+MO+63101/@38.62807286334,-90.190334304986,17z","https://www.stlpr.org/government-politics-issues/2025-10-29/st-louis-78000-security-railway-exchange-downtown","Railway Exchange Building. Historic 22-story Beaux-Arts office building built 1914. Former flagship Famous-Barr department store. Vacant since 2014. City acquired via eminent domain, appraised at $4.75M. City approved $78K for security in Oct 2025 as redevelopment plans stalled. Oct 2020 SV shows ornate terra cotta facade intact. Full city block bounded by Olive, Locust, 6th, 7th streets. Link corrected Apr 2026.",""
"777 Olive St, St Louis, MO 63101","38.628517","-90.192078","St. Louis","MO","63101","COMMERCIAL OFFICE","VACANT","777 OLIVE ST HTC LLC","$3,840,012","https://www.google.com/maps/place/777+Olive+St%2C+St+Louis%2C+MO+63101/@38.628516958821,-90.19207827869,17z","https://www.loopnet.com/Listing/721-777-Olive-St-Saint-Louis-MO/36171878/","Chemical Building. 17-story historic office building, National Register of Historic Places. Long vacant with missing windows, moisture damage, deteriorating brick. May 2025 SV shows upper floors boarded/covered. Listed for sale at $12M after purchase for $5M. Proposed $82M hotel conversion (240-room dual-branded Marriott) fell through. Ground floor may have retail tenant but upper floors empty. Link corrected Apr 2026.",""
"614 W Superior Ave, Cleveland, OH 44113","41.497926","-81.697175","Cleveland","OH","44113","COMMERCIAL OFFICE","ABANDONED","BRIDGEINVEST","","https://www.google.com/maps/place/614+W+Superior+Ave%2C+Cleveland%2C+OH+44113/@41.497926150755,-81.697174557227,17z","https://www.freshwatercleveland.com/breaking-ground/The-Rockefeller-Building-The-Rise-Fall-And-Uncertain-Future-Of-An-Architectural-Gem_011526.aspx","Rockefeller Building. Historic 15-story Gilded Age office building completed 1905. Abandoned, boarded, extensively vandalized. Marble walls spray-painted, ornate brass furnishings stolen, pipes stripped causing basement flooding, windows broken. Prior owner defaulted; BridgeInvest (Miami) took over Jul 2025. K&D Group under contract to acquire as of Mar 2026. Listed as permanently closed on Google Maps. Limited street-level SV coverage due to downtown construction. Link corrected Apr 2026.",""
"8 N B.B. King Blvd, Memphis, TN 38103","35.145578","-90.049814","Memphis","TN","38103","COMMERCIAL OFFICE","ABANDONED","CONSTELLATION PROPERTIES","","https://www.google.com/maps/place/8+N+B.B.+King+Blvd%2C+Memphis%2C+TN+38103/@35.145578,-90.049814,17z","https://en.wikipedia.org/wiki/Sterick_Building","Sterick Building. 31-story Gothic Revival office tower, 365 ft tall. Built 1929, formerly the tallest building in the South. Vacant since 1986 — nearly 40 years. Sep 2025 SV shows darkened windows, no activity. Purchased by Constellation Properties Mar 2023 with plans for housing conversion. Received $300K TN Historic Development Grant Apr 2024 but no construction started. Named after original owners Sterling and Hedrick. Link corrected Apr 2026.",""
"21 W Church St, Jacksonville, FL 32202","30.330110","-81.657186","Jacksonville","FL","32202","COMMERCIAL OFFICE","VACANT","LIVE OAK CONTRACTING LLC","","https://www.google.com/maps/place/21+W+Church+St%2C+Jacksonville%2C+FL+32202/@30.330110069922,-81.657186020596,17z","https://hoodline.com/2026/03/ghost-jea-tower-poised-for-mixed-income-comeback-in-downtown-jacksonville/","JEA Tower (former Independent Life Building). 19-story, 347,811 sq ft office building built 1955. Tallest abandoned building in downtown Jacksonville for almost 20 years. Vacant since JEA relocated Apr 2023. Jun 2024 SV shows intact white tower with palm trees. Sold Feb 2026 to Live Oak Contracting for $1M. Plans for 180 mixed-income apartments (""The Jewel at 21 West"") but renovation not started. Link corrected Apr 2026.",""
"4101 N Delaware Ave, Philadelphia, PA 19137","39.985145","-75.078498","Philadelphia","PA","19137","INDUSTRIAL","ABANDONED","CHERNOW DEVELOPMENT LLC","$10,734,700","https://www.google.com/maps/place/4101+N+Delaware+Ave%2C+Philadelphia%2C+PA+19137/@39.985145192445,-75.078498127799,17z","https://www.loc.gov/item/pa3815/","Richmond Generating Station (Philadelphia Electric Company). Massive coal-fired power plant on the Delaware River, designed by architect John T. Windrim. Built 1903-1928, abandoned since 1985. 839,556 sq ft. Jul 2025 SV shows fenced industrial complex with smokestacks, electrical substation in front, no activity. Chernow Development received $1M state grant for asbestos abatement but no construction started. Listed on National Register of Historic Places. Library of Congress HABS documentation. Link corrected Apr 2026.",""
"3701 N Broad St, Philadelphia, PA 19140","40.010078","-75.150983","Philadelphia","PA","19140","COMMERCIAL OFFICE","VACANT","3701 NORTH BROAD LLC","$1,725,000","https://www.google.com/maps/place/3701+N+Broad+St%2C+Philadelphia%2C+PA+19140/@40.010078392683,-75.150982565348,17z","https://hiddencityphila.org/2024/08/revival-of-north-philly-landmark-slams-to-a-halt/","Beury Building (formerly National Bank of North Philadelphia). 14-story Art Deco office tower at Broad St, Erie Ave, and Germantown Ave intersection. Built 1926, vacant approximately 50 years. Apr 2025 SV shows severely deteriorated facade, broken windows, boarded storefronts, graffiti. Developer Shift Capital (3701 North Broad LLC) completed $6M environmental remediation for planned Hotel Beury (Marriott), but key lender withdrew $23M loan Aug 2024. Redevelopment stalled indefinitely. Link corrected Apr 2026.",""
"5928 Germantown Ave, Philadelphia, PA 19144","40.038455","-75.177073","Philadelphia","PA","19144","INSTITUTIONAL","VACANT","CITY OF PHILADELPHIA","$932,700","https://www.google.com/maps/place/5928+Germantown+Ave%2C+Philadelphia%2C+PA+19144/@40.03845521959,-75.177073074688,17z","https://www.bisnow.com/philadelphia/news/construction-development/germantown-historic-properties-120357","Germantown Town Hall. Historic city-owned civic building, approximately 28,000 rentable sq ft plus front rotunda. Vacant since 1998 — over 25 years. 34,400 sq ft total. Jun 2025 SV shows location at Germantown Ave intersection. Building partially obscured by mature trees and park. City has been unable to find developer willing to take on renovation. On Germantown Ave commercial corridor with multiple other blighted properties. Link corrected Apr 2026.",""
"5820 Germantown Ave, Philadelphia, PA 19144","40.037163","-75.176020","Philadelphia","PA","19144","INSTITUTIONAL","ABANDONED","PHILADELPHIA REDEVELOPMENT AUTHORITY","$1,451,500","https://www.google.com/maps/place/5820+Germantown+Ave%2C+Philadelphia%2C+PA+19144/@40.037163341396,-75.176019898849,17z","https://whyy.org/articles/germantown-ywca-developer-struggling-for-funding/","Germantown YWCA. Georgian Revival red-brick building designed by Louis H. Rush, built 1914. One of first racially integrated YWCAs in the country. Vacant since 1999 — over 25 years. Survived fires, demolition threats, and multiple failed redevelopment attempts. PRA sold to Germantown Settlement in 2006 (went bankrupt), then KBK Enterprises in 2016 (rights revoked after 5 years of no progress). Nov 2019 photosphere shows 3-story brick building with classical entrance, dark windows. Less than 1,000 ft from also-vacant Germantown Town Hall. Link corrected Apr 2026.",""
"1580 E Grand Blvd, Detroit, MI 48211","42.378252","-83.027913","Detroit","MI","48211","INDUSTRIAL","VACANT","CITY OF DETROIT","$30,100","https://www.google.com/maps/place/1580+E+Grand+Blvd%2C+Detroit%2C+MI+48211/@42.378251649676,-83.027912755447,17z","https://detroitmi.gov/news/city-begins-demolition-second-portion-packard-plant-ramps-efforts-remove-remaining-sections","Packard Automotive Plant — former administration building. 112,000 sq ft, one of only two structures remaining after city-funded demolition of the 3.5M sq ft complex completed Dec 2024. The Packard Plant, built 1903 by Albert Kahn, was the world's largest abandoned factory. City unveiled ""Packard Park"" redevelopment plan Dec 2025 but Letter of Intent expired Mar 2026, future uncertain. Aug 2024 SV shows water tower and remaining industrial structures. Adjacent structure at 1539 E Grand Blvd (116,000 sq ft) also remains standing. Link corrected Apr 2026.",""
"1001 Howard Ave, New Orleans, LA 70113","29.945846","-90.076101","New Orleans","LA","70113","COMMERCIAL OFFICE","VACANT","JAEGER HOSPITALITY LLC","","https://www.google.com/maps/place/1001+Howard+Ave%2C+New+Orleans%2C+LA+70113/@29.945846327576,-90.076101498409,17z","https://en.wikipedia.org/wiki/Plaza_Tower_(New_Orleans)","Plaza Tower. 45-story, 531-ft Brutalist office skyscraper, third tallest building in Louisiana. Built 1969. Vacant since 2002 due to mold and asbestos. Oct 2024 SV shows massive concrete tower standing at Howard and Loyola, across from Union Passenger Terminal. Sold Jun 2025 to Brian Gibbs and Lincoln Avenue Capital. Proposed $250M conversion to 300-unit senior assisted living, but city judge also cleared path for demolition Jan 2025. Future uncertain. One of tallest abandoned skyscrapers in the United States. Link corrected Apr 2026.",""
"1532 Tulane Ave, New Orleans, LA 70112","29.955923","-90.078001","New Orleans","LA","70112","INSTITUTIONAL","ABANDONED","LSU REAL ESTATE AND FACILITIES FOUNDATION","","https://www.google.com/maps/place/1532+Tulane+Ave%2C+New+Orleans%2C+LA+70112/@29.955923277378,-90.078000562182,17z","https://prcno.org/untapped-potential/","Charity Hospital (Big Charity). Massive Art Deco hospital building, approximately 1 million sq ft. Built 1939, one of largest hospitals in the South. Abandoned since Hurricane Katrina Aug 2005 — 20 years vacant. Tulane University plans $500M conversion to research center but project stalled. City pledged $20M Jul 2025, mayor vetoed, City Council overrode veto. Estimated redevelopment cost has more than doubled. Remains a defining New Orleans eyesore and preservation battleground. Link corrected Apr 2026.",""
"1101 S Flower St, Los Angeles, CA 90015","34.042935","-118.264216","Los Angeles","CA","90015","MIXED USE","VACANT","OCEANWIDE HOLDINGS CO","","https://www.google.com/maps/place/1101+S+Flower+St%2C+Los+Angeles%2C+CA+90015/@34.042934751768,-118.2642157892,17z","https://en.wikipedia.org/wiki/Oceanwide_Plaza","Oceanwide Plaza (""Graffiti Towers""). Three unfinished mixed-use towers (residential + retail) across from Crypto.com Arena. Construction halted 2019 at 60% completion after Beijing-based Oceanwide Holdings cut funding. $1.2B already invested. Became infamous after massive graffiti tagging early 2024. Sep 2024 SV shows glass towers standing in downtown LA. Sale to KPC Group for $470M pending bankruptcy court approval as of Feb 2026. Tallest tower reaches 677 ft. Link corrected Apr 2026.",""
"1131 E Venango St, Philadelphia, PA 19134","40.002012","-75.107488","Philadelphia","PA","19134","WAREHOUSE","ABANDONED","MELIND CORP","$2,786,900","https://www.google.com/maps/@40.0019519,-75.1075254,3a,75y,90h,90t","https://phl.carto.com/api/v2/sql?q=SELECT+*+FROM+opa_properties_public+WHERE+location+LIKE+%271131%20E%20VENANGO%25%27","OPA exterior condition 7 (sealed/worst). Massive industrial warehouse with broken windows, peeling paint, AVAILABLE sign. Jul 2025 Street View.",""
"5250 Unruh Ave, Philadelphia, PA 19135","40.018339","-75.041531","Philadelphia","PA","19135","WAREHOUSE","ABANDONED","5250 UNRUH AVENUE ASSO","$1,988,200","https://www.google.com/maps/@40.0183446,-75.0414542,3a,75y,90h,90t","https://phl.carto.com/api/v2/sql?q=SELECT+*+FROM+opa_properties_public+WHERE+location+LIKE+%275250%20UNRUH%25%27","OPA exterior condition 7. Massive deteriorating red brick industrial warehouse. May 2025 Street View.",""
"3000 C St, Philadelphia, PA 19134","39.994744","-75.123929","Philadelphia","PA","19134","INDUSTRIAL","ABANDONED","WHEN OPPORTUNITY KNOCKS, LP","$1,191,300","https://www.google.com/maps/@39.994716,-75.1239495,3a,75y,90h,90t","https://phl.carto.com/api/v2/sql?q=SELECT+*+FROM+opa_properties_public+WHERE+location+LIKE+%273000%25%20C%20ST%25%27","OPA exterior condition 7. Large red brick industrial mill. Sep 2014 Street View (old imagery but building clearly derelict).",""
"5440 Lansdowne Ave, Philadelphia, PA 19131","39.976892","-75.230935","Philadelphia","PA","19131","RETAIL","ABANDONED","5440 PARTNERS","$1,449,400","https://www.google.com/maps/@39.9768494,-75.2308738,3a,75y,200h,90t","https://phl.carto.com/api/v2/sql?q=SELECT+*+FROM+opa_properties_public+WHERE+location+LIKE+%275440%20LANSDOWNE%25%27","OPA exterior condition 7. Vacant 1-story commercial store with empty parking lot, overgrown edges. Aug 2024 Street View.",""
"3019 Kensington Ave, Philadelphia, PA 19134","39.994062","-75.11766","Philadelphia","PA","19134","RETAIL","ABANDONED","AMERICAN HWA YEN BUDDHIST","$287,000","https://www.google.com/maps/@39.99415,-75.1177115,3a,75y,315h,90t","https://phl.carto.com/api/v2/sql?q=SELECT+*+FROM+opa_properties_public+WHERE+location+LIKE+%273019%25%20KENSINGTON%25%27","OPA exterior condition 7. 2-story masonry store completely sealed with metal security shutters. No business activity. Jul 2025 Street View.",""
"3537 Kensington Ave, Philadelphia, PA 19134","40.00079","-75.105444","Philadelphia","PA","19134","RETAIL","ABANDONED","5812 JACKSON ST LLC","$150,000","https://www.google.com/maps/@40.0008472,-75.1055142,3a,75y,90h,90t","https://phl.carto.com/api/v2/sql?q=SELECT+*+FROM+opa_properties_public+WHERE+location+LIKE+%273537%20KENSINGTON%25%27","OPA exterior condition 7. 2-story masonry store with sealed/bricked windows, adjacent vacant lot. Jul 2025 Street View.",""
"2250 E Ontario St, Philadelphia, PA 19134","39.992492","-75.103024","Philadelphia","PA","19134","INDUSTRIAL","ABANDONED","RISING INVESTMENT LLC","$1,166,200","https://www.google.com/maps/@39.9925312,-75.1029413,3a,75y,180h,90t","https://phl.carto.com/api/v2/sql?q=SELECT+*+FROM+opa_properties_public+WHERE+location+LIKE+%272250%25%20E%20ONTARIO%25%27","OPA exterior condition 7. Light manufacturing building. Deteriorating brick, graffiti, overgrown vegetation. Jul 2025 Street View.",""
"2947 Kensington Ave, Philadelphia, PA 19134","39.993265","-75.119115","Philadelphia","PA","19134","MIXED USE","PROBABLY VACANT","JK HI POINT LLC","$152,000","https://www.google.com/maps/@39.9933274,-75.1192017,3a,75y,315h,90t","https://phl.carto.com/api/v2/sql?q=SELECT+*+FROM+opa_properties_public+WHERE+location+LIKE+%272947%25%20KENSINGTON%25%27","OPA exterior condition 7. 3-story masonry store/office/apartment in blighted Kensington corridor. Area shows widespread vacancy. Jul 2025.",""
"401 E Allegheny Ave, Philadelphia, PA 19134","39.997732","-75.122621","Philadelphia","PA","19134","INDUSTRIAL","PROBABLY VACANT","C STREET HOLDINGS LLC","$1,760,900","https://www.google.com/maps/@39.9976722,-75.1226707,3a,75y,90h,90t","https://phl.carto.com/api/v2/sql?q=SELECT+*+FROM+opa_properties_public+WHERE+location+LIKE+%27401%25%20E%20ALLEGHENY%25%27","OPA exterior condition 7. Industrial mill building. Blighted corridor with shuttered storefronts and vacant lots nearby. May 2025.",""
"6562 Haverford Ave, Philadelphia, PA 19151","39.97212","-75.250478","Philadelphia","PA","19151","RETAIL","PROBABLY VACANT","STATKIEWICZ & PAGANO LIMI","$2,126,300","https://www.google.com/maps/place/6562+Haverford+Ave,+Philadelphia,+PA+19151","https://phl.carto.com/api/v2/sql?q=SELECT+*+FROM+opa_properties_public+WHERE+location+LIKE+%276562%25%20HAVERFORD%25%27","OPA exterior condition 7. 1-story masonry store.",""
"6731 Woodland Ave, Philadelphia, PA 19142","39.92338","-75.238468","Philadelphia","PA","19142","RETAIL","PROBABLY VACANT","PHILADELPHIA WOODLAND LLC","$2,227,000","https://www.google.com/maps/@39.9235156,-75.2386446,3a,75y,135h,90t/data=!3m6!1e1!3m4!1s9Faq3byYFqy2tupBDxz23g!2e0!7i16384!8i8192","https://phl.carto.com/api/v2/sql?q=SELECT+*+FROM+opa_properties_public+WHERE+location+LIKE+%276731%25%20WOODLAND%25%27","OPA exterior condition 7. 1-story masonry store. SV link re-aimed 2026-05 (was pointed 180 deg away).",""
"3301 Maiden Ln, Philadelphia, PA 19145","39.92996","-75.199788","Philadelphia","PA","19145","INDUSTRIAL","PROBABLY VACANT","M & M DISPLAYS INC","$2,602,000","https://www.google.com/maps/place/3301+Maiden+Ln,+Philadelphia,+PA+19145","https://phl.carto.com/api/v2/sql?q=SELECT+*+FROM+opa_properties_public+WHERE+location+LIKE+%273301%20MAIDEN%25%27","OPA exterior condition 6. Light manufacturing building.",""
"5800 Lindbergh Blvd, Philadelphia, PA 19143","39.927938","-75.219277","Philadelphia","PA","19143","WAREHOUSE","PROBABLY VACANT","OPEN DOOR MISSION TRUE","$1,459,200","https://www.google.com/maps/place/5800+Lindbergh+Blvd,+Philadelphia,+PA+19143","https://phl.carto.com/api/v2/sql?q=SELECT+*+FROM+opa_properties_public+WHERE+location+LIKE+%275800%20LINDBERGH%25%27","OPA exterior condition 7. Industrial warehouse.",""
"2500 Snyder Ave, Philadelphia, PA 19145","39.926663","-75.187984","Philadelphia","PA","19145","WAREHOUSE","PROBABLY VACANT","MARK ENTERPSES LLC-SERIES","$1,871,000","https://www.google.com/maps/place/2500+Snyder+Ave,+Philadelphia,+PA+19145","https://phl.carto.com/api/v2/sql?q=SELECT+*+FROM+opa_properties_public+WHERE+location+LIKE+%272500%20SNYDER%25%27","OPA exterior condition 6. Industrial warehouse.",""
"1602 Chancellor St, Philadelphia, PA 19103","39.94919","-75.167746","Philadelphia","PA","19103","COMMERCIAL","PROBABLY VACANT","CASA PHILADELPHIA CHANCEL","$5,304,500","https://www.google.com/maps/place/1602+Chancellor+St,+Philadelphia,+PA+19103","https://phl.carto.com/api/v2/sql?q=SELECT+*+FROM+opa_properties_public+WHERE+location+LIKE+%271602%25%20CHANCELLOR%25%27","OPA exterior condition 7. Garage with commercial area. Center City.",""
"147 Berkley St, Philadelphia, PA 19144","40.022955","-75.161183","Philadelphia","PA","19144","INSTITUTIONAL","PROBABLY VACANT","WAYNE JUNCTION PROPERTIES LLC","$1,283,800","https://www.google.com/maps/place/147+Berkley+St,+Philadelphia,+PA+19144","https://phl.carto.com/api/v2/sql?q=SELECT+*+FROM+opa_properties_public+WHERE+location+LIKE+%27147%25%20BERKLEY%25%27","OPA exterior condition 7. 3-story masonry former house of worship.",""
"4001 Edgley Ave, Philadelphia, PA 19131","39.997225","-75.212477","Philadelphia","PA","19131","COMMERCIAL","PROBABLY VACANT","EVERGREEN MEDIA CORPORATI","$1,263,000","https://www.google.com/maps/place/4001+Edgley+Ave,+Philadelphia,+PA+19131","https://phl.carto.com/api/v2/sql?q=SELECT+*+FROM+opa_properties_public+WHERE+location+LIKE+%274001%20EDGLEY%25%27","OPA exterior condition 6. 1-story masonry store/office.",""
"1926 E Venango St, Philadelphia, PA 19134","39.999631","-75.102599","Philadelphia","PA","19134","INDUSTRIAL","PROBABLY VACANT","TR-PHILADELPHIA L P","$248,200","https://www.google.com/maps/@39.9996941,-75.102555,3a,75y,90h,90t","https://phl.carto.com/api/v2/sql?q=SELECT+*+FROM+opa_properties_public+WHERE+location+LIKE+%271926%25%20E%20VENANGO%25%27","OPA exterior condition 7. Industrial factory, masonry. Harrowgate industrial area.",""
"3061 Ruth St, Philadelphia, PA 19134","39.994161","-75.116383","Philadelphia","PA","19134","WAREHOUSE","PROBABLY VACANT","DESIGN DECORATORS","$438,400","https://www.google.com/maps/place/3061+Ruth+St,+Philadelphia,+PA+19134","https://phl.carto.com/api/v2/sql?q=SELECT+*+FROM+opa_properties_public+WHERE+location+LIKE+%273061%25%20RUTH%25%27","OPA exterior condition 7. Industrial warehouse, masonry. Kensington industrial area.",""
"2101 E Venango St, Philadelphia, PA 19134","39.997191","-75.100264","Philadelphia","PA","19134","INDUSTRIAL","PROBABLY VACANT","NEWELL MARTIN P JR","$1,553,100","https://www.google.com/maps/place/2101+E+Venango+St,+Philadelphia,+PA+19134","https://phl.carto.com/api/v2/sql?q=SELECT+*+FROM+opa_properties_public+WHERE+location+LIKE+%272101%20E%20VENANGO%25%27","OPA exterior condition 6. Industrial factory, masonry.",""
"46 N B.B. King Blvd, Memphis, TN 38103","35.145801","-90.049666","Memphis","TN","38103","COMMERCIAL OFFICE","VACANT","DERMON BUILDING OZ LLC","","https://www.google.com/maps/place/46+N+B.B.+King+Blvd%2C+Memphis%2C+TN+38103/@35.145801,-90.049666,17z","https://en.wikipedia.org/wiki/Dermon_Building","Dermon Building. 10-story office building with distinctive glazed terra cotta facade (brown, yellow, green, white). Built 1925 by Dave Dermon, listed on National Register of Historic Places. Vacant since approximately 2010. 99,960 sq ft. Purchased Sep 2022 by Dermon Building OZ LLC for $1.5M. Downtown Memphis Commission approved plans Feb 2024 for 150-room Holiday Inn Express hotel conversion ($22.3M project) but construction never started — stalled post-COVID. Sep 2025 SV shows boarded ground-floor storefronts, no construction activity. Adjacent to Hotel Indigo on BB King Blvd. Link corrected Apr 2026.",""
"147 Jefferson Ave, Memphis, TN 38103","35.146680","-90.050352","Memphis","TN","38103","COMMERCIAL OFFICE","VACANT","TCH KNOXVILLE LLC","$853,480","https://www.google.com/maps/place/147+Jefferson+Ave%2C+Memphis%2C+TN+38103/@35.146679618441,-90.050352280535,17z","https://downtownmemphis.com/post/whats-happening-with-some-of-downtown-memphis-most-prominent-blighted-buildings","Jefferson Plaza. 12-story mid-century office tower at Jefferson Ave and 2nd St, built 1954. 101,600 sq ft. Vacant 10+ years. Sold Dec 2025 for $3.1M to TCH Knoxville LLC (previously Trident Capital of America LLC for $2.8M). New roof installation underway but no construction or renovation of interior. May 2025 SV shows ""Jefferson Plaza"" signage, large murals painted on boarded ground-floor storefronts, dark empty upper-floor windows. Listed on Downtown Memphis Commission blighted buildings watchlist. Link corrected Apr 2026.",""
"909 Chestnut St, St. Louis, MO 63101","38.627401","-90.194228","St. Louis","MO","63101","COMMERCIAL OFFICE","VACANT","GOLDMAN GROUP","$9,200,000","https://www.google.com/maps/place/909+Chestnut+St%2C+St.+Louis%2C+MO+63101/@38.62740088167,-90.194227564692,17z","https://en.wikipedia.org/wiki/909_Chestnut_Street","One AT&T Center (909 Chestnut). 44-story, 588-ft office tower on the Gateway Mall. 1,400,000 sq ft — Missouri's largest building by area. Built 1985. Vacant since 2017 when AT&T did not renew lease after employee count fell from 4,800 to 2,000. Sold Apr 2024 to Boston-based Goldman Group for $3.6M (previously valued at $205M). $350M mixed-use plan announced for 600+ apartments, observation deck, automated parking. Renovation put on hold May 2025 when state tax credit bill was tabled. Jan 2026 SV shows black barriers at ground level, no construction activity. One of tallest vacant buildings in the world. Link corrected Apr 2026.",""
"161 Maiden Ln, New York, NY 10038","40.705639","-74.005202","New York","NY","10038","RESIDENTIAL","VACANT","FORTIS PROPERTY GROUP","","https://www.google.com/maps/place/161+Maiden+Ln%2C+New+York%2C+NY+10038/@40.705639476767,-74.005201834032,17z","https://en.wikipedia.org/wiki/161_Maiden_Lane","1 Seaport / Seaport Residences / ""Leaning Tower of FiDi."" 60-story, 670-ft unfinished residential skyscraper in Financial District. 200,000 sq ft, 80 planned condo units. Construction stalled ~2020 after 3-inch northward lean detected, caused by soil improvement foundation method instead of deep pilings. Only half of windows installed. $250M invested. Developer Fortis Property Group (Jonathan Landau) subject to lawsuits; court-appointed receiver since 2021. Nov 2024 SV shows scaffolding and construction barriers, no active work. Standing incomplete for 5+ years. Link corrected Apr 2026.",""
"120 Church St, Buffalo, NY 14202","42.884238","-78.881898","Buffalo","NY","14202","HOSPITALITY","VACANT","HARRY STINSON","","https://www.google.com/maps/place/120+Church+St%2C+Buffalo%2C+NY+14202/@42.884237676174,-78.881897896546,17z","https://www.wgrz.com/article/money/business/buffalo-moves-to-seize-vacant-buffalo-grand-hotel/71-3f149497-5f1e-4e5b-ad8a-888012005643","Buffalo Grand Hotel (formerly Adams Mark, formerly Hilton). 486-room hotel, downtown Buffalo's largest. Opened late 1970s. Vacant since 2022 after 2021 arson fire gutted the ballroom area. Owner Harry Stinson has 18 code violations, $89K unpaid taxes/sewer fees. City of Buffalo filed legal action Jun 2025 to seize property due to neglect. Stinson received insurance payout Dec 2024 but no repairs made. Sep 2025 SV shows large multi-story hotel building standing vacant, no activity. Absence of hotel hampering city's convention business. Link corrected Apr 2026.",""
"800 Bell St, Houston, TX 77002","29.754194","-95.369601","Houston","TX","77002","COMMERCIAL OFFICE","VACANT","BELL BUSINESS INVESTMENTS","","https://www.google.com/maps/place/800+Bell+St%2C+Houston%2C+TX+77002/@29.754194076239,-95.369601343327,17z","https://en.wikipedia.org/wiki/ExxonMobil_Building","ExxonMobil Building (Humble Oil Building). 44-story, 1,200,000 sq ft International Style office tower designed by Welton Becket. Built 1962-63. Vacant since 2015 when ExxonMobil moved to Spring TX campus. Acquired 2023 by Bell Business Investments (Isaac Jacobowitz/Carnegie Management) for apartment conversion. Filed Chapter 11 bankruptcy Oct 2025 after conversion plans collapsed. Avoided foreclosure Dec 2025 with $16.1M payoff. Court filings describe water damage, broken windows, moldy drywall. Listed on National Register of Historic Places 2025. Interior photosphere shows gutted floors. Mar 2026 SV shows tower standing in downtown Houston. One of largest vacant buildings in Texas. Link corrected Apr 2026.",""
"55 E 5th St, St. Paul, MN 55101","44.946628","-93.092606","St. Paul","MN","55101","COMMERCIAL OFFICE","VACANT","MADISON EQUITIES","","https://www.google.com/maps/place/55+E+5th+St%2C+St.+Paul%2C+MN+55101/@44.946627905441,-93.092605883493,17z","https://www.axios.com/local/twin-cities/2025/04/11/alliance-bank-tower-st-paul-vacancy","Alliance Bank Center. 16-story, 300,000 sq ft office tower at E 5th St and Cedar St in downtown St. Paul. Abruptly vacated Mar 2025 when owner Madison Equities sent tenants 2-day notice to evacuate, declaring inability to pay utilities. Subsequently vandalized — intruders broke in, emptied fire extinguishers, trashed floors. City limited downtown skyway access through building. St. Paul Downtown Development Corp purchased bank note Oct 2025. Building valued at less than a third of 2019 purchase price. Closed for the foreseeable future for safety. Aug 2024 SV shows tower from Cedar St side. Link corrected Apr 2026.",""
"532 Pennsylvania St, Gary, IN 46402","41.601119","-87.333453","Gary","IN","46402","RESIDENTIAL","ABANDONED","MITCHELL MICHAEL RICHARD & SHARON DENISE","$60,300","https://www.google.com/maps/@41.6012632,-87.3334161,3a,75y,93.53h,95.92t/data=!3m7!1e1!3m5!1srLkZ5UDnsdSI3R-Wd9IMKA!2e0!6shttps:%2F%2Fstreetviewpixels-pa.googleapis.com%2Fv1%2Fthumbnail%3Fcb_client%3Dmaps_sv.tactile%26w%3D900%26h%3D600%26pitch%3D-5.923379579934149%26panoid%3DrLkZ5UDnsdSI3R-Wd9IMKA%26yaw%3D93.53295770474634!7i16384!8i8192","","Abandoned multi-story brick apartment building with deteriorating ornate stone entrance, broken/missing windows. Apr 2024 SV. Near Buffington Park in downtown Gary.",""
"304 E 6th Ave, Gary, IN 46402","41.600281","-87.333264","Gary","IN","46402","RESIDENTIAL","ABANDONED","ARMAND INVESTMENT GROUP LLC","$14,100","https://www.google.com/maps/@41.6002513,-87.3331555,3a,75y,347.84h,88.94t/data=!3m7!1e1!3m5!1sTI3_TgW9SejVGLI6ebGxnA!2e0!6shttps:%2F%2Fstreetviewpixels-pa.googleapis.com%2Fv1%2Fthumbnail%3Fcb_client%3Dmaps_sv.tactile%26w%3D900%26h%3D600%26pitch%3D1.0607468081163773%26panoid%3DTI3_TgW9SejVGLI6ebGxnA%26yaw%3D347.84028707383993!7i16384!8i8192","","Two-story brick building with broken/boarded windows, heavily deteriorated facade. Apr 2024 SV. One block south of 532 Pennsylvania.",""
"701 Maryland St, Gary, IN 46402","41.598368","-87.330858","Gary","IN","46402","RESIDENTIAL","ABANDONED","CITY OF GARY","$4,600","https://www.google.com/maps/@41.5982589,-87.3309509,3a,75y,98.33h,88.73t/data=!3m7!1e1!3m5!1spZSF1VyQ1yWEzgPLsWoE2w!2e0!6shttps:%2F%2Fstreetviewpixels-pa.googleapis.com%2Fv1%2Fthumbnail%3Fcb_client%3Dmaps_sv.tactile%26w%3D900%26h%3D600%26pitch%3D1.2675116838018994%26panoid%3DpZSF1VyQ1yWEzgPLsWoE2w%26yaw%3D98.3270494099276!7i16384!8i8192","","Abandoned two-story wood-frame house, heavily overgrown with trees/brush, no signs of occupancy. Apr 2024 SV.",""
"716 E 7th Ave, Gary, IN 46402","41.598517","-87.328082","Gary","IN","46402","INSTITUTIONAL","ABANDONED","GARY HOUSING AUTHORITY","","https://www.google.com/maps/@41.5984561,-87.3277454,3a,75y,354.85h,98.85t/data=!3m7!1e1!3m5!1s2ceTsk4Cg1wmlp0lF3zOxg!2e0!6shttps:%2F%2Fstreetviewpixels-pa.googleapis.com%2Fv1%2Fthumbnail%3Fcb_client%3Dmaps_sv.tactile%26w%3D900%26h%3D600%26pitch%3D-8.848159206729875%26panoid%3D2ceTsk4Cg1wmlp0lF3zOxg%26yaw%3D354.85324789250683!7i16384!8i8192","","Large abandoned institutional building (possibly former school or parish hall) near St Monica & Luke Church. Partially collapsed roof, severe deterioration, broken windows throughout. Apr 2024 SV.",""
"2137 Broadway, Gary, IN 46407","41.579668","-87.336793","Gary","IN","46407","COMMERCIAL","PROBABLY VACANT","SOUL SENSATIONZ CORP","$32,200","https://www.google.com/maps/@41.5797069,-87.3368848,3a,75y,90h,90t/data=!3m7!1e1!3m5!1sFwRhe3Heqw2jan1C34UTSw!2e0!6shttps:%2F%2Fstreetviewpixels-pa.googleapis.com%2Fv1%2Fthumbnail%3Fcb_client%3Dmaps_sv.tactile%26w%3D900%26h%3D600%26pitch%3D0%26panoid%3DFwRhe3Heqw2jan1C34UTSw%26yaw%3D90!7i16384!8i8192","","Low-rise commercial building on Broadway corridor. Area heavily blighted with overgrown vacant lots. Apr 2024 SV. Broadway is Gary's historic main commercial corridor.",""
"200 E 21st Ave, Gary, IN 46407","41.580400","-87.334226","Gary","IN","46407","COMMERCIAL","ABANDONED","FRONT STREET LLC","$34,600","https://www.google.com/maps/place/200+E+21st+Ave%2C+Gary%2C+IN+46407/@41.580400477109,-87.334225770638,17z","","2-story brick commercial/industrial building at E 21st Ave near Front St. Boarded and broken windows, heavy graffiti on side wall, overgrown lot. Clearly abandoned. Apr 2024 SV. In Gary's Midtown area near the Indiana Main Street-designated corridor (Broadway to Harrison, 21st to 27th Ave). Link corrected Apr 2026.",""
"109 W 21st Ave, Gary, IN 46407","41.580283","-87.338048","Gary","IN","46407","COMMERCIAL","ABANDONED","","","https://www.google.com/maps/place/109+W+21st+Ave%2C+Gary%2C+IN+46407/@41.580282817588,-87.338048203153,17z","","3-story brick commercial/industrial building on W 21st Ave. All windows boarded or bricked up, no signs of activity. Clearly abandoned. Apr 2024 SV. Larger building than nearby 200 E 21st. In Gary's Midtown area. Link corrected Apr 2026.",""
"2100 Adams St, Gary, IN 46407","41.580294","-87.339108","Gary","IN","46407","RESIDENTIAL","ABANDONED","CLEMONS LARRY","$7,200","https://www.google.com/maps/place/2100+Adams+St%2C+Gary%2C+IN+46407/@41.580294352792,-87.339107741492,17z","","Deteriorated 2-story frame building at Adams St and W 21st Ave. Severely weathered wood siding, no signs of occupancy. Adjacent abandoned brick building to the south also vacant. Apr 2024 SV. In Gary's heavily blighted Midtown area. Link corrected Apr 2026.",""
"12323 Kelly Rd, Detroit, MI 48224","42.421357","-82.963647","Detroit","MI","48224","COMMERCIAL","ABANDONED","JDK INVESTMENTS LLC","$187,300","https://www.google.com/maps/@42.4209538,-82.9633999,3a,75y,270h,90t/data=!3m7!1e1!3m5!1sksg09X-kZgONtpNzeyfNmw!2e0!6shttps:%2F%2Fstreetviewpixels-pa.googleapis.com%2Fv1%2Fthumbnail%3Fcb_client%3Dmaps_sv.tactile%26w%3D900%26h%3D600%26pitch%3D0%26panoid%3Dksg09X-kZgONtpNzeyfNmw%26yaw%3D270!7i16384!8i8192","https://www.crainsdetroit.com/real-estate/detroit-compiles-top-100-commercial-blight-properties-demolition","Civic Theater, former movie theater built 1940s. On Mayor Duggan's M100 commercial blight list. Owner Dennis Kefallinos lost to tax foreclosure, daughter Dionysia bought back at auction 2024. City pursuing nuisance abatement. Oct 2023 SV shows large gray/brick building, no activity. Houston-Whittier Strategic Neighborhood Fund area.",""
"5435 W Fort St, Detroit, MI 48209","42.309447","-83.095227","Detroit","MI","48209","INDUSTRIAL","ABANDONED","SOUTHEND VILLAGE CENTER LLC","$71,700","https://www.google.com/maps/@42.3093032,-83.0957202,3a,75y,90t/data=!3m7!1e1!3m5!1sIyEFFUxi77JbJ1uc_s2jxQ!2e0!6shttps:%2F%2Fstreetviewpixels-pa.googleapis.com%2Fv1%2Fthumbnail%3Fcb_client%3Dmaps_sv.tactile%26w%3D900%26h%3D600%26pitch%3D0%26panoid%3DIyEFFUxi77JbJ1uc_s2jxQ%26yaw%3D0!7i16384!8i8192","https://www.crainsdetroit.com/real-estate/detroit-compiles-top-100-commercial-blight-properties-demolition","Roberts Brass Manufacturing Company. On M100 list. Large abandoned industrial building with all windows boarded with red panels. Purchased 2006 for $392K by Southend Village Center LLC. Sporadic work observed but no OSHA compliance. Sep 2023 SV shows massive deteriorating factory from Junction Ave side.",""
"8430 E Jefferson Ave, Detroit, MI 48214","42.353997","-82.990742","Detroit","MI","48214","RESIDENTIAL","ABANDONED","SHELBORNE DEVELOPMENT","$1,061,400","https://www.google.com/maps/@42.3540688,-82.9908695,3a,75y,180h,90t/data=!3m7!1e1!3m5!1sNTXpyoq9jzYS6Qz7vTI-YQ!2e0!6shttps:%2F%2Fstreetviewpixels-pa.googleapis.com%2Fv1%2Fthumbnail%3Fcb_client%3Dmaps_sv.tactile%26w%3D900%26h%3D600%26pitch%3D0%26panoid%3DNTXpyoq9jzYS6Qz7vTI-YQ%26yaw%3D180!7i16384!8i8192","https://www.crainsdetroit.com/real-estate/detroit-compiles-top-100-commercial-blight-properties-demolition","Former River Plaza Apartments. On M100 list. Multi-story brick apartment building, went into foreclosure 2022. City targeted for demolition. Sep 2023 SV shows building still standing, construction activity on adjacent parcels.",""
"6138 Michigan Ave, Detroit, MI 48210","42.331187","-83.117618","Detroit","MI","48210","INSTITUTIONAL","PROBABLY VACANT","CARDIFF PROPERTIES LLC","$11,900","https://www.google.com/maps/@42.3311023,-83.1176607,3a,75y,0h,90t/data=!3m7!1e1!3m5!1skspClplCNJO4SDNU5eJnww!2e0!6shttps:%2F%2Fstreetviewpixels-pa.googleapis.com%2Fv1%2Fthumbnail%3Fcb_client%3Dmaps_sv.tactile%26w%3D900%26h%3D600%26pitch%3D0%26panoid%3DkspClplCNJO4SDNU5eJnww%26yaw%3D0!7i16384!8i8192","https://www.crainsdetroit.com/real-estate/detroit-compiles-top-100-commercial-blight-properties-demolition","Engine House #22, former firehouse built 1896. On M100 list. 119-year-old structure, only surviving firehouse of three designed in 1895. Later operated as Casa de Espana restaurant until closing. Sep 2025 SV partially obscured by truck.",""
"2646 Erskine St, Detroit, MI 48207","42.354152","-83.032512","Detroit","MI","48207","INDUSTRIAL","PROBABLY VACANT","DENNIS KEFALLINOS","$29,200","https://www.google.com/maps/place/2646+Erskine+St%2C+Detroit%2C+MI+48207/@42.354152409001,-83.032512115098,17z","https://www.crainsdetroit.com/real-estate/detroit-compiles-top-100-commercial-blight-properties-demolition","Former Coverall Supply Co. On M100 commercial blight list. Kefallinos-owned property. City sued over blight conditions. Link corrected Apr 2026.",""
"3100 Hubbard St, Detroit, MI 48210","42.330752","-83.098237","Detroit","MI","48210","INDUSTRIAL","PROBABLY VACANT","FAIRMOUNT FOUNDRY LLC","$130,300","https://www.google.com/maps/place/3100+Hubbard+St%2C+Detroit%2C+MI+48210/@42.330751957176,-83.098237022296,17z","https://www.crainsdetroit.com/real-estate/detroit-compiles-top-100-commercial-blight-properties-demolition","On M100 commercial blight list. Listed on LoopNet as flex property for sale. Kefallinos-associated. Southwest Detroit industrial area. Link corrected Apr 2026.",""
"3005 Elmwood St, Detroit, MI 48207","42.355707","-83.025169","Detroit","MI","48207","COMMERCIAL","PROBABLY VACANT","CITY OF DETROIT","$0","https://www.google.com/maps/place/3005+Elmwood+St%2C+Detroit%2C+MI+48207/@42.355707467389,-83.025168968441,17z","https://www.crainsdetroit.com/real-estate/detroit-compiles-top-100-commercial-blight-properties-demolition","Former German social club. On M100 commercial blight list. Near Elmwood Cemetery in east side Detroit. Link corrected Apr 2026.",""
"345 Railroad Ave, Bridgeport, CT 06604","41.169392","-73.192538","Bridgeport","CT","06604","INDUSTRIAL","ABANDONED","","","https://www.google.com/maps/@41.1693713,-73.1933832,3a,90y,171.9h,103.75t/data=!3m7!1e1!3m5!1s66MT2XOU05Vk46af-5IwuA!2e0!6shttps:%2F%2Fstreetviewpixels-pa.googleapis.com%2Fv1%2Fthumbnail%3Fcb_client%3Dmaps_sv.tactile%26w%3D900%26h%3D600%26pitch%3D-13.75%26panoid%3D66MT2XOU05Vk46af-5IwuA%26yaw%3D171.9!7i16384!8i8192","","Large multi-story brick industrial/warehouse buildings flanking Railroad Ave. Overgrown vegetation between structures, no signage or activity. Jul 2024 SV. Near I-95 interchange in Bridgeport's industrial corridor.",""
"491 Myrtle Ave, Bridgeport, CT 06604","41.168522","-73.191636","Bridgeport","CT","06604","WAREHOUSE","PROBABLY VACANT","","","https://www.google.com/maps/@41.1694166,-73.1919724,3a,90y,119.33h,101.13t/data=!3m7!1e1!3m5!1sKrSS3HzT7uYISSqHRs-NMw!2e0!6shttps:%2F%2Fstreetviewpixels-pa.googleapis.com%2Fv1%2Fthumbnail%3Fcb_client%3Dmaps_sv.tactile%26w%3D900%26h%3D600%26pitch%3D-11.129999999999995%26panoid%3DKrSS3HzT7uYISSqHRs-NMw%26yaw%3D119.33!7i16384!8i8192","","Large multi-story industrial/warehouse building with sealed windows, loading dock area unused. Jul 2024 SV. Adjacent to 345 Railroad Ave complex, same industrial corridor near I-95.",""
"176 Clarence St, Bridgeport, CT 06608","41.184475","-73.181384","Bridgeport","CT","06608","RESIDENTIAL","ABANDONED","","","https://www.google.com/maps/@41.1845421,-73.1813639,3a,73.7y,184.87h,95.72t/data=!3m4!1e1!3m2!1s5EczeiZ7FxfMc8cwO8SfNQ!2e0","","Abandoned residential structure visible from Street View. Bridgeport east side neighborhood.",""
"577 Washington St, Gary, IN 46402","41.600392","-87.338341","Gary","IN","46402","INSTITUTIONAL","ABANDONED","CITY OF GARY","$119,300","https://www.google.com/maps/place/577+Washington+St%2C+Gary%2C+IN+46402/@41.600392412941,-87.338341011446,17z","https://www.preserveindiana.com/pixpages/nw_ind/garypix.html","City Methodist Church. 9-story English Gothic church completed 1926, cost over $1M. Congregation peaked at 3,000. Closed 1975 due to declining attendance. Badly damaged by fire 1997. National Register of Historic Places. Also included Seaman Hall (community center), 1,000-seat theater, offices, dining hall, gymnasium. Google Maps interior photosphere shows spectacular ruin — collapsed roof, exposed Gothic arches, debris-filled nave. Gary's most iconic abandoned building. Proposed ""ruin garden park"" concept discussed but no construction. Apr 2024 SV. Link corrected Apr 2026.",""
"601 Massachusetts St, Gary, IN 46402","41.600158","-87.335719","Gary","IN","46402","INSTITUTIONAL","ABANDONED","NIMOM & NIKOMU LLC","$69,800","https://www.google.com/maps/place/601+Massachusetts+St%2C+Gary%2C+IN+46402/@41.600158420417,-87.335719031881,17z","https://livingnewdeal.org/sites/old-post-office-gary-in/","United States Post Office. Massive Art Moderne style building at E 6th Ave and Massachusetts St. Built 1936 with federal Treasury Department funds as a New Deal project. Designed by architect Howard Lovewell Cheney. Closed 1970s. Added to National Register of Historic Places 1994 as part of Gary City Center Historic District. Apr 2024 SV shows large concrete/stone building with broken windows throughout, heavy graffiti, no signs of activity. One of the most significant abandoned federal buildings in the Midwest. Link corrected Apr 2026.",""
"768 Broadway, Gary, IN 46402","41.597168","-87.337196","Gary","IN","46402","COMMERCIAL","ABANDONED","CITY OF GARY","$3,200","https://www.google.com/maps/@41.5972,-87.3370,3a,75y,90h,100t/data=!3m6!1e1!3m4!1s0x0:0x0!2e0!7i16384!8i8192","https://autopsyofarchitecture.com/h-gordon-sons-department-store/","H. Gordon and Sons Department Store. 4-story Prairie School style building at 7th Ave and Broadway. Originally built 1923 as Elks lodge (designed by George W. Maher & Son), converted to department store 1934. Closed Sep 1972 due to declining downtown, crime. County welfare offices occupied 1973-unknown. Added to National Register of Historic Places 1994 (Gary City Center Historic District). Interior floors collapsed from water damage. Apr 2024 SV shows boarded storefronts, ornate entrance arch, broken upper windows.",""
"800 Broadway, Gary, IN 46402","41.596539","-87.337195","Gary","IN","46402","COMMERCIAL","ABANDONED","800 NORTH INC","$49,500","https://www.google.com/maps/@41.5965,-87.3370,3a,75y,90h,100t/data=!3m6!1e1!3m4!1s0x0:0x0!2e0!7i16384!8i8192","","4-story brick commercial building at NE corner of Broadway and 8th Ave. Broken and boarded windows, colorful murals painted on ground-floor storefronts. Part of continuous block of abandoned storefronts on east side of Broadway between 7th and 9th Ave. Apr 2024 SV. Adjacent to H. Gordon building (768 Broadway) to the north.",""
"824 Broadway, Gary, IN 46402","41.596211","-87.337191","Gary","IN","46402","COMMERCIAL","PROBABLY VACANT","CITY OF GARY","$6,400","https://www.google.com/maps/@41.5960,-87.3370,3a,75y,90h,100t/data=!3m6!1e1!3m4!1s0x0:0x0!2e0!7i16384!8i8192","https://www.abandonedamerica.us/gary-indiana","Former Sears, Roebuck & Company building. Massive 4-story Art Deco commercial building spanning Broadway from approximately 8th Ave south. Abandoned 1974. $6M renovation 1993 for Division of Family and Children offices — unclear if still in use. IU Northwest School of Arts mural project planned. Apr 2024 SV shows large facade with vertical pilasters and decorative cornices, all storefronts appear dark, no visible activity. Part of Gary City Center Historic District (National Register).",""
"791 Broadway, Gary, IN 46402","41.596791","-87.337043","Gary","IN","46402","COMMERCIAL","ABANDONED","BWI LLC","$82,200","https://www.google.com/maps/@41.5968,-87.3370,3a,75y,90h,100t/data=!3m6!1e1!3m4!1s0x0:0x0!2e0!7i16384!8i8192","https://en.wikipedia.org/wiki/Palace_Theater_(Gary,_Indiana)","Palace Theater. 3,000-seat atmospheric theater designed by John Eberson, built 1925. Renaissance facade with ornate entrance and ""PALACE"" marquee. Closed 1972. Vacant 50+ years. $85M redevelopment plan announced 2024 by BWI LLC (The Palace Lofts — 251 housing units + retail) but delayed — developer unable to secure tax credits, no construction started as of 2026. National Register of Historic Places. Apr 2024 SV shows boarded storefronts, marquee intact.",""
"1900 W 5th Ave, Gary, IN 46407","41.602025","-87.360667","Gary","IN","46407","RESIDENTIAL","ABANDONED","MGM PROPERTY MANAGEMENT LLC","$10,800","https://www.google.com/maps/@41.6023,-87.3612,3a,75y,90h,100t/data=!3m6!1e1!3m4!1s0x0:0x0!2e0!7i16384!8i8192","https://sometimes-interesting.com/the-mahencha-apartments-of-gary-indiana/","Mahencha Apartments. 4-story Renaissance Revival apartment building with Spanish-inspired facade and asymmetrical tower, built 1928. Purchased by former Mayor Richard Hatcher 1978. Operations shut down 1984. $3.5M renovation announced 2001 but funding never materialized. Building in ""development purgatory"" — demolition considered more likely than restoration. Across from former Horace Mann High School on W 5th Ave (US-20). May 2024 SV from Arthur St shows building still standing, surrounded by vacant lots.",""
"333 W 5th Ave, Gary, IN 46402","41.601985","-87.341276","Gary","IN","46402","MIXED USE","PROBABLY VACANT","HOUSING AUTHORITY CITY OF GARY","$2,088,300","https://www.google.com/maps/@41.6012,-87.3413,3a,90y,350h,105t/data=!3m6!1e1!3m4!1s0x0:0x0!2e0!7i16384!8i8192","https://en.wikipedia.org/wiki/Knights_of_Columbus_Building_(Gary,_Indiana)","Knights of Columbus Building. 10-story brick building designed by Harry L. Porter and Ralph McNally (Cleveland), built 1925. Served as hotel, clubhouse, restaurant, and sport facility. National Register of Historic Places (1984), part of Gary City Center Historic District. Apr 2024 SV from Jefferson St shows distinctive stepped tower still standing, no visible signage or activity. Adjacent to Gary Public Library. Current occupancy unclear — building appears dark but not obviously boarded.",""
"524 Garfield St, Gary, IN 46402","41.600995","-87.359454","Gary","IN","46402","INSTITUTIONAL","ABANDONED","GARY HOUSING AUTHORITY","$1,254,700","https://www.google.com/maps/@41.6020,-87.3595,3a,75y,160h,100t/data=!3m6!1e1!3m4!1s0x0:0x0!2e0!7i16384!8i8192","https://abandonedatlas.com/horace-mann-high-school/","Horace Mann High School. Massive 3-story red brick classical school completed 1928. Housed up to 2,500 students. Featured gymnasium, theater, swimming pool. Closed summer 2004 due to declining enrollment. Sold to Gary Housing Authority 2021 for $5,000. Future uncertain — undergoing inspections. One of Indiana's largest abandoned schools. Across W 5th Ave from Mahencha Apartments. May 2024 SV from 5th Ave shows large building still standing behind vegetation.",""
"2703 Gratiot Ave, Detroit, MI 48207","42.353561","-83.031430","Detroit","MI","48207","COMMERCIAL","VACANT","","","https://www.google.com/maps/@42.3538676,-83.031057,3a,75y,135.28h,100t/data=!3m6!1e1!3m4!1s0x0:0x0!2e0!7i16384!8i8192","","3-story commercial building with ornate decorative terra cotta upper-floor facade. Ground floor storefronts covered/boarded, ""2700"" visible on building. Upper windows deteriorated. Adjacent to other vacant storefronts. Near Zeidman's Jewelry & Loan. Sep 2025 SV.",""
"2661 Gratiot Ave, Detroit, MI 48207","42.353214","-83.031654","Detroit","MI","48207","COMMERCIAL","VACANT","","","https://www.google.com/maps/@42.3534384,-83.0313389,3a,75y,131.51h,100t/data=!3m6!1e1!3m4!1s0x0:0x0!2e0!7i16384!8i8192","","Row of 2-story brick commercial buildings. Multiple storefronts boarded up with plywood, upper windows dark or covered. Continuous block of vacancy along east side of Gratiot Ave between Chene St and Hale St. Sep 2025 SV.",""
"2616 Gratiot Ave, Detroit, MI 48207","42.352781","-83.031766","Detroit","MI","48207","COMMERCIAL","VACANT","GOBAH HOLDINGS LLC","$36,500","https://www.google.com/maps/@42.3526657,-83.0318445,3a,75y,137.21h,100t/data=!3m6!1e1!3m4!1s0x0:0x0!2e0!7i16384!8i8192","","2-story concrete/stucco commercial building at corner with traffic light. All upper windows boarded, ground floor sealed. Billboard on roof. Adjacent building to west partially demolished/deteriorated. Sep 2025 SV.",""
"2299 Gratiot Ave, Detroit, MI 48207","42.351145","-83.033020","Detroit","MI","48207","COMMERCIAL","VACANT","RG GRATIOT LLC","$199,100","https://www.google.com/maps/@42.3520593,-83.0322405,3a,75y,317.51h,100t/data=!3m6!1e1!3m4!1s0x0:0x0!2e0!7i16384!8i8192","","2-story brown/tan brick commercial building at corner. Ground floor storefronts sealed with roll-down gates or plywood. Upper windows blank/sealed. Vacant lot to the west. Active liquor store adjacent to the east. Sep 2025 SV.",""
"1473 Winder St, Detroit, MI 48207","42.346461","-83.038783","Detroit","MI","48207","RESIDENTIAL","ABANDONED","2515 RIOPELLE LLC","$123,000","https://www.google.com/maps/@42.3463676,-83.0388995,3a,87.9y,8.16h,92.02t/data=!3m4!1e1!3m2!1slUVKf_RLBJ5HICvVs29PXg!2e0","","Abandoned residential building visible from Street View. User-submitted.",""
"8952 Grand River Ave, Detroit, MI 48204","42.364949","-83.129434","Detroit","MI","48204","COMMERCIAL","ABANDONED","CHAPEL HILL MISSIONARY BAPTIST CHURCH","$16,100","https://www.google.com/maps/place/8952+Grand+River+Ave,+Detroit,+MI+48204/@42.364949,-83.129434,17z","https://www.eherg.com/blog/detroit-buildings-to-renovate","Grande Ballroom. Legendary 1920s dance hall and 1960s-70s rock venue (MC5, Iggy Pop, Cream). Listed for sale at $500K in 2024. Still standing but severely deteriorated. National Register of Historic Places.",""
"1024 Newport St, Detroit, MI 48215","42.372265","-82.946376","Detroit","MI","48215","COMMERCIAL","ABANDONED","JEFFERSON EAST INC","","https://www.google.com/maps/place/1024+Newport+St,+Detroit,+MI+48215/@42.372265,-82.946376,17z","https://secretdetroit.co/abandoned-buildings-detroit/","Vanity Ballroom. Art Deco 1929 dance hall in Jefferson-Chalmers Historic Business District. Aztec-themed interior. Closed 1960s, remains abandoned. National Register of Historic Places.",""
"13099 Mack Ave, Detroit, MI 48215","42.384925","-82.960928","Detroit","MI","48215","COMMERCIAL","ABANDONED","BLACK LION ENTERPRISE","","https://www.google.com/maps/place/13099+Mack+Ave,+Detroit,+MI+48215/@42.384925,-82.960928,17z","https://secretdetroit.co/abandoned-buildings-detroit/","Ira Wilson & Sons Dairy building. Famous for giant cow head sculpture on roof. Former ice cream shop/dairy, long abandoned.",""
"7601 Rosa Parks Blvd, Detroit, MI 48206","42.366117","-83.092600","Detroit","MI","48206","INSTITUTIONAL","ABANDONED","ST AGNES LOFTS LLC","$5,700","https://www.google.com/maps/place/7601+Rosa+Parks+Blvd,+Detroit,+MI+48206/@42.366117,-83.092600,17z","https://www.atlasobscura.com/places/st-agnes-church-and-school","St. Agnes Church. Roofless abandoned church being reclaimed by nature. Originally established 1914 in LaSalle Park neighborhood. Iconic Detroit ruin.",""
"2933 Gratiot Ave, Detroit, MI 48207","42.355724","-83.030026","Detroit","MI","48207","COMMERCIAL","PROBABLY VACANT","COBBLESTONE GRATIOT LLC","$161,000","https://www.google.com/maps/place/2933+Gratiot+Ave,+Detroit,+MI+48207/@42.355724,-83.030026,17z","https://www.eherg.com/blog/detroit-buildings-to-renovate","Wohlfeil Furniture Company. Historic commercial building on Gratiot corridor. Artist Pat Perry painted mural on exterior 2017. Listed by EHERG as needing renovation 2024.",""
"2000 E Canfield St, Detroit, MI 48207","42.359757","-83.042671","Detroit","MI","48207","INSTITUTIONAL","PROBABLY VACANT","GRAND LOFTS LLC","$11,100","https://www.google.com/maps/place/2000+E+Canfield+St,+Detroit,+MI+48207/@42.359757,-83.042671,17z","https://www.eherg.com/blog/detroit-buildings-to-renovate","St. Albertus Parochial School. Historic school building in east side Detroit. Listed by EHERG as needing renovation 2024.",""
"8200 Mack Ave, Detroit, MI 48214","42.367732","-83.004041","Detroit","MI","48214","COMMERCIAL","PROBABLY VACANT","DEUTSCHES HAUS LLC","$281,700","https://www.google.com/maps/place/8200+Mack+Ave,+Detroit,+MI+48214/@42.367732,-83.004041,17z","https://www.eherg.com/blog/detroit-buildings-to-renovate","Deutsches Haus. Historic German cultural building on Mack Ave. Listed by EHERG as needing renovation 2024.",""
"71 W Willis St, Detroit, MI 48201","42.351388","-83.061236","Detroit","MI","48201","HOSPITALITY","PROBABLY VACANT","SCOTT LOWELL","$959,700","https://www.google.com/maps/place/71+W+Willis+St,+Detroit,+MI+48201/@42.351388,-83.061236,17z","https://www.eherg.com/blog/detroit-buildings-to-renovate","Billinghurst Hotel. Historic hotel building near Midtown. Listed by EHERG as needing renovation 2024.",""
"1401 E Milwaukee Ave, Detroit, MI 48211","42.374202","-83.058906","Detroit","MI","48211","INDUSTRIAL","PROBABLY VACANT","HOUSTON HOLDING GROUP","$0","https://www.google.com/maps/place/1401+E+Milwaukee+Ave,+Detroit,+MI+48211/@42.374202,-83.058906,17z","https://www.eherg.com/blog/detroit-buildings-to-renovate","Art Stove Company Office Building. Former industrial office building. Listed by EHERG as needing renovation 2024.",""
"7649 Oakland Ave, Detroit, MI 48211","42.376041","-83.066073","Detroit","MI","48211","COMMERCIAL","PROBABLY VACANT","DETROIT AFRIKAN MUSIC INSTITUTION","$63,800","https://www.google.com/maps/place/7649+Oakland+Ave,+Detroit,+MI+48211/@42.376041,-83.066073,17z","https://www.eherg.com/blog/detroit-buildings-to-renovate","The Apex Lounge. Former bar/lounge on Oakland Ave. Listed by EHERG as needing renovation 2024.",""
"9840 Dexter Ave, Detroit, MI 48206","42.374470","-83.120478","Detroit","MI","48206","COMMERCIAL","PROBABLY VACANT","ALL MY CHILDREN NONPROFIT ORG","$185,500","https://www.google.com/maps/place/9840+Dexter+Ave,+Detroit,+MI+48206/@42.374470,-83.120478,17z","https://www.eherg.com/blog/detroit-buildings-to-renovate","Dexter Recreation and Market Center. Former commercial/recreation building on Dexter Ave. Listed by EHERG as needing renovation 2024.",""
"3009 Tillman St, Detroit, MI 48210","42.332759","-83.090241","Detroit","MI","48210","INSTITUTIONAL","PROBABLY VACANT","GERALD BELANGER","$226,900","https://www.google.com/maps/place/3009+Tillman+St,+Detroit,+MI+48210/@42.332759,-83.090241,17z","https://www.eherg.com/blog/detroit-buildings-to-renovate","Bohemian National Hall. Historic Czech/Bohemian cultural hall in southwest Detroit. Listed by EHERG as needing renovation 2024.",""
"2281 E Forest Ave, Detroit, MI 48207","42.363088","-83.041008","Detroit","MI","48207","INSTITUTIONAL","PROBABLY VACANT","DETROIT LOVE INC","$298,000","https://www.google.com/maps/place/2281+E+Forest+Ave,+Detroit,+MI+48207/@42.363088,-83.041008,17z","https://www.eherg.com/blog/detroit-buildings-to-renovate","Dom Polski. Historic Polish community hall/cultural center. Listed by EHERG as needing renovation 2024.",""
"3365 Michigan Ave, Detroit, MI 48216","42.331384","-83.089953","Detroit","MI","48216","COMMERCIAL","PROBABLY VACANT","CHRISTOS MOISIDES","$111,600","https://www.google.com/maps/place/3365+Michigan+Ave,+Detroit,+MI+48216/@42.331384,-83.089953,17z","https://www.eherg.com/blog/detroit-buildings-to-renovate","The Grosfield Building. Historic commercial building on Michigan Ave corridor. Listed by EHERG as needing renovation 2024.",""
"4020 Lafayette Blvd, Detroit, MI 48226","42.315663","-83.087778","Detroit","MI","48226","HOSPITALITY","PROBABLY VACANT","GERALD JANKOWSKI","$1,168,900","https://www.google.com/maps/place/4020+Lafayette+Blvd,+Detroit,+MI+48226/@42.315663,-83.087778,17z","https://www.eherg.com/blog/detroit-buildings-to-renovate","Hotel Yorba. Made famous by The White Stripes song. Historic hotel building. Listed by EHERG as needing renovation 2024.",""
"1775 W Forest Ave, Detroit, MI 48208","42.348885","-83.080611","Detroit","MI","48208","INSTITUTIONAL","PROBABLY VACANT","XYZ 20-01 DBH LLC","$38,900","https://www.google.com/maps/place/1775+W+Forest+Ave,+Detroit,+MI+48208/@42.348885,-83.080611,17z","https://www.eherg.com/blog/detroit-buildings-to-renovate","Danish Brotherhood Hall. Historic fraternal hall in Corktown area. Listed by EHERG as needing renovation 2024.",""
"4751 W Vernor Hwy, Detroit, MI 48209","42.318959","-83.098892","Detroit","MI","48209","COMMERCIAL","PROBABLY VACANT","IGLESIA DEL DIOS VIVO COLUMNA Y APO","$195,400","https://www.google.com/maps/place/4751+W+Vernor+Hwy,+Detroit,+MI+48209/@42.318959,-83.098892,17z","https://www.eherg.com/blog/detroit-buildings-to-renovate","Stratford Theatre / Metropolitan Outreach Center. Former theater on West Vernor Highway in southwest Detroit. Listed by EHERG as needing renovation 2024.",""
"7214 Euclid Ave, Cleveland, OH 44103","41.503931","-81.638662","Cleveland","OH","44103","COMMERCIAL","CONDEMNED","SIGNET EC REALTY, LLC.","$2,513,500","https://www.google.com/maps/place/7214+Euclid+Ave,+Cleveland,+OH+44103/@41.503931,-81.638662,17z","https://data.clevelandohio.gov/datasets/ClevelandGIS::active-condemnations/","Officially condemned by City of Cleveland. Euclid Ave corridor, Midtown neighborhood.. Cuyahoga County parcel 118-15-032; land use: garden apts 40+ units, 5 buildings",""
"18419 Euclid Ave, Cleveland, OH 44112","41.557503","-81.549488","Cleveland","OH","44112","COMMERCIAL","CONDEMNED","ALLCARE DESIGN/BUILD INC.","$469,300","https://www.google.com/maps/place/18419+Euclid+Ave,+Cleveland,+OH+44112/@41.557503,-81.549488,17z","https://data.clevelandohio.gov/datasets/ClevelandGIS::active-condemnations/","Officially condemned. Euclid Ave corridor, Euclid-Green neighborhood near city boundary.. Cuyahoga County parcel 117-11-047; land use: R&D facility",""
"11107 Detroit Ave, Cleveland, OH 44102","41.482363","-81.764084","Cleveland","OH","44102","COMMERCIAL","CONDEMNED","SRDC MANAGEMENT LLC","$252,000","https://www.google.com/maps/place/11107+Detroit+Ave,+Cleveland,+OH+44102/@41.482363,-81.764084,17z","https://data.clevelandohio.gov/datasets/ClevelandGIS::active-condemnations/","Officially condemned. Detroit Ave corridor, Edgewater neighborhood on west side.. Cuyahoga County parcel 001-25-018; land use: walk-up apts 20-39 units",""
"5823 Detroit Ave, Cleveland, OH 44102","41.484977","-81.726542","Cleveland","OH","44102","RESIDENTIAL","CONDEMNED","SUIZA INVESTMENTS LLC","$28,000","https://www.google.com/maps/place/5823+Detroit+Ave,+Cleveland,+OH+44102/@41.484977,-81.726542,17z","https://data.clevelandohio.gov/datasets/ClevelandGIS::active-condemnations/","Officially condemned. Detroit Ave corridor, Detroit Shoreway neighborhood.. Cuyahoga County parcel 002-16-007; land use: 1-family platted lot",""
"9918 Lorain Ave, Cleveland, OH 44102","41.467323","-81.752495","Cleveland","OH","44102","MIXED USE","CONDEMNED","PINA, WENDRY","$35,000","https://www.google.com/maps/place/9918+Lorain+Ave,+Cleveland,+OH+44102/@41.467323,-81.752495,17z","https://data.clevelandohio.gov/datasets/ClevelandGIS::active-condemnations/","Officially condemned. Lorain Ave corridor, West Boulevard neighborhood.. Cuyahoga County parcel 005-19-012; land use: store w/ walk-up apts",""
"11015 Superior Ave, Cleveland, OH 44106","41.522414","-81.609172","Cleveland","OH","44106","COMMERCIAL","CONDEMNED","ROB, ROBERT & ADAMS, KIMBERLY","$35,000","https://www.google.com/maps/place/11015+Superior+Ave,+Cleveland,+OH+44106/@41.522414,-81.609172,17z","https://data.clevelandohio.gov/datasets/ClevelandGIS::active-condemnations/","Officially condemned. Superior Ave corridor, Glenville neighborhood.. Cuyahoga County parcel 109-24-024; land use: other commercial NEC; verified building still standing",""
"10702 Superior Ave, Cleveland, OH 44106","41.521817","-81.613755","Cleveland","OH","44106","COMMERCIAL","CONDEMNED","CUYAHOGA COUNTY LAND REUTILIZATION","$25,000","https://www.google.com/maps/place/10702+Superior+Ave,+Cleveland,+OH+44106/@41.521817,-81.613755,17z","https://data.clevelandohio.gov/datasets/ClevelandGIS::active-condemnations/","Officially condemned. Superior Ave corridor, Glenville neighborhood.. Cuyahoga County parcel 120-01-010; county land bank property, 2 buildings",""
"12200 St Clair Ave, Cleveland, OH 44108","41.541288","-81.600945","Cleveland","OH","44108","COMMERCIAL","CONDEMNED","NEW STEP LLC","$36,200","https://www.google.com/maps/place/12200+St+Clair+Ave,+Cleveland,+OH+44108/@41.541288,-81.600945,17z","https://data.clevelandohio.gov/datasets/ClevelandGIS::active-condemnations/","Officially condemned. St Clair Ave corridor, Glenville neighborhood.. Cuyahoga County parcel 110-04-008; land use: detached store",""
"12415 St Clair Ave, Cleveland, OH 44108","41.541390","-81.598172","Cleveland","OH","44108","COMMERCIAL","CONDEMNED","","","https://www.google.com/maps/place/12415+St+Clair+Ave,+Cleveland,+OH+44108/@41.541390,-81.598172,17z","https://data.clevelandohio.gov/datasets/ClevelandGIS::active-condemnations/","Officially condemned. St Clair Ave corridor, Glenville neighborhood.",""
"13801 St Clair Ave, Cleveland, OH 44110","41.548321","-81.586434","Cleveland","OH","44110","MIXED USE","CONDEMNED","FIRST PROPERTY OF DANIELLE HOLMES LLC","$27,000","https://www.google.com/maps/place/13801+St+Clair+Ave,+Cleveland,+OH+44110/@41.548321,-81.586434,17z","https://data.clevelandohio.gov/datasets/ClevelandGIS::active-condemnations/","Officially condemned. St Clair Ave corridor, Collinwood-Nottingham neighborhood.. Cuyahoga County parcel 111-22-029; land use: store w/ walk-up apts",""
"14405 St Clair Ave, Cleveland, OH 44110","41.551933","-81.581109","Cleveland","OH","44110","COMMERCIAL","CONDEMNED","CSREH CHARTER 14405 ST. CLAIRE, LLC","$1,240,200","https://www.google.com/maps/place/14405+St+Clair+Ave,+Cleveland,+OH+44110/@41.551933,-81.581109,17z","https://data.clevelandohio.gov/datasets/ClevelandGIS::active-condemnations/","Officially condemned. St Clair Ave corridor, Collinwood-Nottingham neighborhood.. Cuyahoga County parcel 115-07-018; 3 buildings",""
"16039 St Clair Ave, Cleveland, OH 44110","41.558661","-81.568737","Cleveland","OH","44110","COMMERCIAL","CONDEMNED","DATONA SOLUTIONS LLC","$72,600","https://www.google.com/maps/place/16039+St+Clair+Ave,+Cleveland,+OH+44110/@41.558661,-81.568737,17z","https://data.clevelandohio.gov/datasets/ClevelandGIS::active-condemnations/","Officially condemned. St Clair Ave far east, Collinwood-Nottingham neighborhood.. Cuyahoga County parcel 115-25-031; land use: walk-up apts 7-19 units; verified building still standing",""
"5484 Broadway Ave, Cleveland, OH 44127","41.467622","-81.651981","Cleveland","OH","44127","COMMERCIAL","CONDEMNED","SV 5484 BROADWAY LLC","$75,000","https://www.google.com/maps/place/5484+Broadway+Ave,+Cleveland,+OH+44127/@41.467622,-81.651981,17z","https://data.clevelandohio.gov/datasets/ClevelandGIS::active-condemnations/","Officially condemned. Broadway Ave corridor, Broadway-Slavic Village neighborhood.. Cuyahoga County parcel 131-22-087; land use: other retail NEC, 2 buildings",""
"7135 Broadway Ave, Cleveland, OH 44105","41.458090","-81.638496","Cleveland","OH","44105","COMMERCIAL","CONDEMNED","YASSIN, AMINAH","$41,500","https://www.google.com/maps/place/7135+Broadway+Ave,+Cleveland,+OH+44105/@41.458090,-81.638496,17z","https://data.clevelandohio.gov/datasets/ClevelandGIS::active-condemnations/","Officially condemned. Broadway Ave corridor, Broadway-Slavic Village neighborhood.. Cuyahoga County parcel 133-01-010; land use: other commercial NEC",""
"7628 Broadway Ave, Cleveland, OH 44105","41.454841","-81.634895","Cleveland","OH","44105","INDUSTRIAL","CONDEMNED","SV 7628 BROADWAY, LLC","$83,300","https://www.google.com/maps/place/7628+Broadway+Ave,+Cleveland,+OH+44105/@41.454841,-81.634895,17z","https://data.clevelandohio.gov/datasets/ClevelandGIS::active-condemnations/","Officially condemned. Broadway Ave corridor, Broadway-Slavic Village neighborhood.. Cuyahoga County parcel 133-20-034; land use: light mfg/assembly, 2 buildings",""
"9524 Kinsman Rd, Cleveland, OH 44104","41.471426","-81.619243","Cleveland","OH","44104","RESIDENTIAL","CONDEMNED","","$26,700","https://www.google.com/maps/place/9524+Kinsman+Rd,+Cleveland,+OH+44104/@41.471426,-81.619243,17z","https://data.clevelandohio.gov/datasets/ClevelandGIS::active-condemnations/","Officially condemned. Kinsman Rd corridor, Kinsman neighborhood.. Cuyahoga County parcel 127-15-007; land use: 2-family platted lot; verified building still standing",""
"12103 Kinsman Rd, Cleveland, OH 44120","41.467097","-81.597968","Cleveland","OH","44120","MIXED USE","CONDEMNED","H&G ESTATES, LLC","$62,000","https://www.google.com/maps/place/12103+Kinsman+Rd,+Cleveland,+OH+44120/@41.467097,-81.597968,17z","https://data.clevelandohio.gov/datasets/ClevelandGIS::active-condemnations/","Officially condemned. Kinsman Rd corridor, Mount Pleasant neighborhood.. Cuyahoga County parcel 130-04-023; land use: store w/ walk-up apts, 2 buildings",""
"12821 Kinsman Rd, Cleveland, OH 44120","41.466022","-81.592961","Cleveland","OH","44120","MIXED USE","CONDEMNED","G5 SOLUTIONS LLC","$40,000","https://www.google.com/maps/place/12821+Kinsman+Rd,+Cleveland,+OH+44120/@41.466022,-81.592961,17z","https://data.clevelandohio.gov/datasets/ClevelandGIS::active-condemnations/","Officially condemned. Kinsman Rd corridor, Mount Pleasant neighborhood.. Cuyahoga County parcel 130-08-022; land use: store w/ walk-up apts",""
"14901 Kinsman Rd, Cleveland, OH 44120","41.464444","-81.577315","Cleveland","OH","44120","COMMERCIAL","CONDEMNED","HALL, RONALD","$48,000","https://www.google.com/maps/place/14901+Kinsman+Rd,+Cleveland,+OH+44120/@41.464444,-81.577315,17z","https://data.clevelandohio.gov/datasets/ClevelandGIS::active-condemnations/","Officially condemned. Kinsman Rd far east, Mount Pleasant neighborhood.. Cuyahoga County parcel 130-16-018; county land use shows commercial vacant land - building may have been demolished",""
"8707 Detroit Ave, Cleveland, OH 44102","41.480422","-81.744384","Cleveland","OH","44102","RESIDENTIAL","CONDEMNED","PHOHO LLC","","https://www.google.com/maps/place/8707+Detroit+Ave,+Cleveland,+OH+44102/@41.480422,-81.744384,17z","https://data.clevelandohio.gov/datasets/ClevelandGIS::active-condemnations/","Officially condemned. Multi-unit building (multiple unit numbers in condemnation records). Detroit Ave, Cudell neighborhood.. Cuyahoga County parcel 001-31-054",""
"455 S 4th St, Louisville, KY 40202","38.252003","-85.757262","Louisville","KY","40202","COMMERCIAL OFFICE","VACANT","STARKS REDEVELOPMENT COMPANY LLC","","https://www.google.com/maps/@38.2528,-85.7572,3a,90y,180h,110t/data=!3m6!1e1!3m4!1s0x0:0x0!2e0!7i16384!8i8192","https://www.wdrb.com/news/louisville-inches-closer-to-reviving-downtown-with-plan-for-vacant-buildings/article_86721f24-eb28-11ef-9d52-53c945810373.html","Starks Building. 14-story landmark office building at 4th St and Muhammad Ali Blvd. Built 1913, expanded 1923. Fully vacant since 2020 after last tenant Eddie Merlot's closed during protests/riots and did not reopen. $100M mixed-use redevelopment proposed by developer Jeff Underhill (264 affordable apartments, art studios, galleries) — seeking $18.6M from city Conservation Fund, construction not started. Louisville's 4th Street Live! entertainment district obscures SV coverage — building confirmed vacant via multiple news sources.",""
"239 S 5th St, Louisville, KY 40202","38.254534","-85.758500","Louisville","KY","40202","COMMERCIAL OFFICE","VACANT","KHLB PROPERTIES","","https://www.google.com/maps/@38.2538,-85.7588,3a,90y,350h,110t/data=!3m6!1e1!3m4!1s0x0:0x0!2e0!7i16384!8i8192","https://www.wdrb.com/news/louisville-police-city-officials-clear-trespassers-from-vacant-kentucky-home-life-building/article_dd3cbc04-4058-11ef-8a29-dbbdb7b83e85.html","Kentucky Home Life Building. 20-story, 235-ft office tower at 5th and Jefferson, across from Louisville Metro Hall. Original 1912 structure (Brinton B. Davis, architect) expanded with 20-story addition. Possibly largest vacant structure in downtown Louisville. Last tenants left Feb 2022 citing lack of security/maintenance. Jul 2024 police raided building to remove trespassers who had been stealing wiring/metal, causing a major gas leak. Building undergoing foreclosure. Aug 2024 SV from S 5th St shows building.",""
"3055 Black Gap Rd, Chambersburg, PA 17202","39.955000","-77.575000","Chambersburg","PA","17202","RETAIL","ABANDONED","NAMDAR REALTY GROUP","","https://www.google.com/maps/@39.9535,-77.5750,3a,75y,0h,100t/data=!3m6!1e1!3m4!1s0x0:0x0!2e0!7i16384!8i8192","https://en.wikipedia.org/wiki/Chambersburg_Mall","Chambersburg Mall. Enclosed shopping mall near Scotland, PA off I-81 Exit 20. Opened 1982, peaked at 75+ stores in 1990s-2000s. Last tenant (Black Rose) closed Jun 30, 2023. Owned by Namdar Realty Group. Major roof leaks and collapsed ceilings reported — dangerous conditions requiring condemnation. Building still standing as of 2025 with no demolition or redevelopment plans. Oct 2015 SV from parking lot shows mall structure (SV predates closure).",""
"118 Armstrong Blvd, Sumter, SC 29150","33.943019","-80.338751","Sumter","SC","29150","RESIDENTIAL","ABANDONED","BLANDING ALFRED JR LE","$6,109","https://www.google.com/maps/place/118+Armstrong+Blvd,+Sumter,+SC+29150/@33.943019,-80.338751,18z","https://www.sumtersc.gov/sites/default/files/uploads/Departments/Planning/Reports/vacant_housing_survey_2022_final.pdf","HAZARD condition per 2022 city survey; deteriorated structure behind chain-link fence visible in SV",""
"122 Armstrong Blvd, Sumter, SC 29150","33.943020","-80.338714","Sumter","SC","29150","RESIDENTIAL","ABANDONED","BLANDING ALFRED JR LE","$890","https://www.google.com/maps/place/122+Armstrong+Blvd,+Sumter,+SC+29150/@33.94302,-80.338714,18z","https://www.sumtersc.gov/sites/default/files/uploads/Departments/Planning/Reports/vacant_housing_survey_2022_final.pdf","HAZARD condition per 2022 city survey; deteriorated structure visible behind fence; adjacent to 118 Armstrong",""
"125 Armstrong Blvd, Sumter, SC 29150","33.943135","-80.338700","Sumter","SC","29150","RESIDENTIAL","ABANDONED","BLANDING ALFRED JR","$1,000","https://www.google.com/maps/place/125+Armstrong+Blvd,+Sumter,+SC+29150/@33.943135,-80.3387,18z","https://www.sumtersc.gov/sites/default/files/uploads/Departments/Planning/Reports/vacant_housing_survey_2022_final.pdf","HAZARD condition per 2022 city survey; deteriorated structure in same cluster as 118-122 Armstrong",""
"28 Martin St, Sumter, SC 29153","33.948640","-80.344709","Sumter","SC","29153","RESIDENTIAL","ABANDONED","REUBEN LUCY J","$1,490","https://www.google.com/maps/place/28+Martin+St,+Sumter,+SC+29153/@33.94864,-80.344709,18z","https://www.sumtersc.gov/sites/default/files/uploads/Departments/Planning/Reports/vacant_housing_survey_2022_final.pdf","HAZARD condition per 2022 city survey; grey house behind heavy overgrowth, no maintenance visible in SV",""
"553 W Hampton Ave, Sumter, SC 29150","33.922172","-80.358748","Sumter","SC","29150","RESIDENTIAL","ABANDONED","WELLS DERRICK H","$37,989","https://www.google.com/maps/place/553+W+Hampton+Ave,+Sumter,+SC+29150/@33.922172,-80.358748,18z","https://www.sumtersc.gov/sites/default/files/uploads/Departments/Planning/Reports/vacant_housing_survey_2022_final.pdf","Poor condition per 2022 city survey; heavy overgrowth and debris visible behind fence in SV",""
"2147 S Crater Rd, Petersburg, VA 23805","37.202301","-77.379603","Petersburg","VA","23805","COMMERCIAL","VACANT","AMF BOWLING CENTERS INC","$2,176,400","https://www.google.com/maps/@37.2020,-77.3795,3a,75y,270h,95t/data=!3m6!1e1!3m4!1s0x0:0x0!2e0!7i16384!8i8192","https://www.loopnet.com/Listing/2147-S-Crater-Rd-Petersburg-VA/3772716/","Former AMF Walnut Hill Lanes bowling alley. 25,796 SF single-story commercial building on 2.21-acre parcel, built 1960. Located on S Crater Rd (US-301) near former Walnut Mall site (demolished 2006). Building vacant and for sale via Thalhimer. 131 surface parking spaces. Oct 2025 SV from S Crater Rd shows large vacant building with empty parking lot, no signage.",""
"600 W Wythe St, Petersburg, VA 23803","37.224550","-77.411373","Petersburg","VA","23803","WAREHOUSE","VACANT","WAUKESHAW DEVELOPMENT","$3,030,000","https://www.google.com/maps/@37.2250,-77.4114,3a,75y,180h,95t/data=!3m6!1e1!3m4!1s0x0:0x0!2e0!7i16384!8i8192","https://richmondbizsense.com/2024/05/28/waukeshaw-development-bringing-400-more-apartments-to-olde-towne-petersburg/","Former luggage factory complex. 255,000 SF across 13 buildings with classic factory features — wooden beams, masonry construction. Multi-story red brick industrial buildings. Acquired by Waukeshaw Development Nov 2021 for planned $45M conversion to 295 apartments. Construction was to begin early 2025 but no visible progress in Sep 2024 SV. Sep 2024 SV from W Wythe St shows massive vacant brick factory buildings, no construction activity.",""
"12000 Hawthorne Blvd, Hawthorne, CA 90250","33.923611","-118.352385","Hawthorne","CA","90250","RETAIL","ABANDONED","CHARLES COMPANY","$4,002,184","https://www.google.com/maps/@33.9220,-118.3524,3a,75y,0h,100t/data=!3m6!1e1!3m4!1s0x0:0x0!2e0!7i16384!8i8192","https://en.wikipedia.org/wiki/Hawthorne_Plaza","Hawthorne Plaza Mall. Enclosed shopping mall on Hawthorne Blvd between 120th St and El Segundo Blvd. Opened 1977, last store closed 1999. Owned by Charles Company. Portions used for Tesla vehicle storage, HUSD admin offices, and police training center, but main mall structure sealed and abandoned 25+ years. Oct 2025 court injunction orders owner to redevelop or demolish by Aug 2026. Barbed wire/security fencing visible. Jul 2025 SV from Hawthorne Blvd shows sealed mall structure.",""
"2801 Pines Mall Dr, Pine Bluff, AR 71601","34.207412","-91.970381","Pine Bluff","AR","71601","RETAIL","ABANDONED","VU JAMES JOHN AND JUDY","","https://www.google.com/maps/@34.2074,-91.9704,3a,75y,90h,100t/data=!3m6!1e1!3m4!1s0x0:0x0!2e0!7i16384!8i8192","https://www.thv11.com/article/news/local/pines-mall-in-pine-bluff-closes-doors-for-good-sunday/91-ed90b1f6-f93c-42f1-862e-f4896ead59b0","Pines Mall. Enclosed shopping mall opened 1986, anchored by Dillards, JCPenney, Sears, Walmart. Closed permanently June 2020. Fire damaged food court 2022. Vandalism and squatting reported. Google Maps lists as ""Permanently closed."" Located off I-530 near E Harding Ave. Potential buyer (Mall Farm and Marketplace) announced plans in early 2026 but no construction started. Nov 2025 SV from AR-190 shows building set back from road.",""
"401 W Lancaster Ave, Fort Worth, TX 76102","32.746654","-97.331179","Fort Worth","TX","76102","WAREHOUSE","ABANDONED","CLEOPATRA INVESTMENTS","","https://www.google.com/maps/@32.7468,-97.3320,3a,75y,200h,105t/data=!3m6!1e1!3m4!1s0x0:0x0!2e0!7i16384!8i8192","https://fortworthreport.org/2025/09/26/fort-worths-timeworn-tp-warehouse-stands-as-symbol-of-frustration/","Texas & Pacific (T&P) Warehouse. 8-story, 580,000 SF Zigzag Moderne pale brick warehouse on 5-acre lot. Built 1931 as railroad freight warehouse, 611 ft long x 100 ft wide. Almost totally vacant since the 1970s — 50+ years abandoned. Bought by Cleopatra Investments 1998. Owner has restarted development efforts multiple times but no construction. 2023 city engineering study found $2M in needed repairs but building can be saved. Interior photospheres show destroyed interior with collapsed debris and graffiti. Jan 2025 SV from W Lancaster Ave shows massive boarded facade, no activity. Adjacent to Fort Worth Water Gardens and T&P Station.",""
"356 Fougeron St, Buffalo, NY 14211","42.908260","-78.825857","Buffalo","NY","14211","INDUSTRIAL","ABANDONED","356 FOUGERON INC","","https://www.google.com/maps/@42.9083,-78.8259,3a,75y,270h,100t/data=!3m6!1e1!3m4!1s0x0:0x0!2e0!7i16384!8i8192","https://www.buffalorising.com/2025/03/times-a-tickin-for-the-wonder-bread-building/","Wonder Bread Factory. 5-story, 198,600 SF reinforced concrete industrial bakery with mushroom columns, built 1914. Operated by Interstate Bakeries, closed Oct 2004 when parent filed bankruptcy. Last 150 employees left. National Register of Historic Places. Purchased Sep 2020 by developer Harry Stinson (356 Fougeron Inc) for planned $30M apartment conversion, later changed to startup office incubator — neither project started. Mar 2025 report: roof covered in ice, each floor has inch+ of standing water, but concrete structure still very solid. Sep 2014 SV from 358 Fougeron shows cream/tan factory building. Building confirmed still standing Mar 2025.",""
"2100 Pleasant Hill Rd, Duluth, GA 30096","33.956991","-84.133144","Duluth","GA","30096","RETAIL","VACANT","GWINNETT COUNTY","","https://www.google.com/maps/@33.9555,-84.1345,3a,75y,30h,100t/data=!3m6!1e1!3m4!1s0x0:0x0!2e0!7i16384!8i8192","https://en.wikipedia.org/wiki/Gwinnett_Place_Mall","Gwinnett Place Mall. 1.3 million SF enclosed regional mall on 39 acres. Opened 1984, peaked with 200+ stores. Last anchors (both Macy's stores) closed Mar 23, 2025. Gwinnett County Urban Redevelopment Agency purchased mall for $23M in 2021. County also bought former Sears anchor for $11.5M in Sep 2025, bringing total owned to 87.5 acres. Plans for demolition and ""Global Villages"" mixed-use redevelopment announced Feb 2023, but no construction started. Nov 2018 SV from parking lot shows mall building. Famous as filming location (Stranger Things Starcourt Mall).",""
"1600 S Peters St, New Orleans, LA 70130","29.930561","-90.064784","New Orleans","LA","70130","INDUSTRIAL","ABANDONED","LAURICELLA LAND COMPANY LLC","","https://www.google.com/maps/@29.9306,-90.0648,3a,75y,90h,100t/data=!3m6!1e1!3m4!1s0x0:0x0!2e0!7i16384!8i8192","https://en.wikipedia.org/wiki/Market_Street_Power_Plant","Market Street Power Plant. Historic defunct power plant complex, 160,000+ SF across 7 buildings on Mississippi River bank between Warehouse District and Lower Garden District. Built 1905 by New Orleans Railway & Light Co, expanded over decades. Last produced power 1973 — 53 years abandoned. Lauricella Land Co, Brian Gibbs Development, and Cypress Equities closed investment deal 2022. Planned Fall 2024 opening as entertainment/retail/hotel venue never materialized. May 2025 renovation put on hold pending state tax credits. No visible construction. Sep 2025 SV from S Peters St shows massive graffiti-covered brick industrial building with security fencing.",""
"3645 Hwy 80 W, Jackson, MS 39209","32.299720","-90.251670","Jackson","MS","39209","RETAIL","ABANDONED","","","https://www.google.com/maps/@32.2997,-90.2517,3a,75y,180h,100t/data=!3m6!1e1!3m4!1s0x0:0x0!2e0!7i16384!8i8192","https://en.wikipedia.org/wiki/Metrocenter_Mall_(Jackson,_Mississippi)","Metrocenter Mall. Mississippi's largest enclosed shopping mall, 1,250,000 SF on two levels with four anchor spaces. Opened Mar 1, 1978, near junction of I-20 and I-220/US-49. Last anchor (Sears) closed Jan 2012. Mall officially closed Aug 15, 2018. Last retail tenant (Burlington) left Feb 2022. City offices vacated 2024, making building completely empty. Ring road deteriorating, doors boarded with plywood. May 2025 Randy Travis and wife announced investment plans but no details or construction. May 2023 SV from ring road shows abandoned mall facade with standing water, broken windows, overgrown vegetation.",""
"1036 Westlake Mall, Bessemer, AL 35020","33.389978","-86.978564","Bessemer","AL","35020","RETAIL","VACANT","RANGE LIGHT INVESTMENT PARTNERS","","https://www.google.com/maps/@33.3900,-86.9786,3a,75y,180h,100t/data=!3m6!1e1!3m4!1s0x0:0x0!2e0!7i16384!8i8192","https://bhamnow.com/2025/06/02/vacant-bessemer-mall-to-get-new-life/","West Lake Mall (The Mall at Westlake). 323,000 SF single-level enclosed mall on 40-acre parcel north of Bessemer Superhighway, south of I-20/59. Built 1969 by Mel Simon. Had Sears, JCPenney, Grant's, Loveman's anchors. Last tenant (Bruno's) closed 2009 when chain filed bankruptcy — vacant 17 years. Auto dealer Anthony Underwood purchased for $950K in 2006. Range Light Investment Partners later purchased for $3M with plans for Marvel City Business Park (industrial/manufacturing suites), but no construction started as of Jun 2025. Oct 2018 SV shows vacant concrete-walled building with empty lot.",""
"1201 Elmwood Ave, Rochester, NY 14620","43.123610","-77.606390","Rochester","NY","14620","INSTITUTIONAL","ABANDONED","NEW YORK STATE","","https://www.google.com/maps/@43.1225,-77.6060,3a,75y,10h,100t/data=!3m6!1e1!3m4!1s0x0:0x0!2e0!7i16384!8i8192","https://en.wikipedia.org/wiki/Terrence_Building","Terrence Building. 16-story, 160-ft brutalist reinforced concrete tower on Rochester Psychiatric Center campus. Opened 1959 as Rochester State Hospital psychiatric ward with 1,000 beds. Closed 1995. Vacant 31 years. Graffiti-covered, deteriorating, 6 elevators inoperable. 2019 arson fire. Developer Bob Morgan proposed $32M demolition and 110-room Hyatt House hotel 2015, city council approved demolition 2017, project stalled 2019. Estimated redevelopment cost risen to $32M+. Jul 2025 SV from south clearly shows massive abandoned tower looming over campus grounds.",""
"4107 S Yale Ave, Tulsa, OK 74135","36.104301","-95.922258","Tulsa","OK","74135","RETAIL","ABANDONED","KOHAN RETAIL INVESTMENT GROUP","","https://www.google.com/maps/@36.1043,-95.9223,3a,75y,270h,100t/data=!3m6!1e1!3m4!1s0x0:0x0!2e0!7i16384!8i8192","https://en.wikipedia.org/wiki/Tulsa_Promenade","Tulsa Promenade Mall (formerly Southroads Mall). 926,426 SF enclosed regional mall at 41st St and S Yale Ave. Opened 1974, renamed Tulsa Promenade 2007. Closed Sep 17, 2023 after owner Mike Kohan (Kohan Retail Investment Group) failed to address fire suppression and alarm code violations. City deemed mall ""unfit for human occupancy."" Jun 2025 storm ripped part of facade. $800K in delinquent property taxes (2021-2024), narrowly avoided auction May 2025. Interior trashed — unlocked doors, scattered trash, evidence of homelessness, fires reported. No redevelopment plans as of late 2025. Feb 2025 SV from 41st & Yale shows mall area.",""
"2012 1st Ave N, Birmingham, AL 35203","33.514598","-86.805487","Birmingham","AL","35203","COMMERCIAL OFFICE","ABANDONED","ASCENT HOSPITALITY","","https://www.google.com/maps/place/2012+1st+Ave+N,+Birmingham,+AL+35203/@33.514598,-86.805487,17z","https://www.abandonedalabama.com/city/northern-alabama/birmingham/","Brown Marx Building. 16-story 1906 Chicago-style tower, 193K sq ft. NE corner 20th St & 1st Ave N. Part of 'Heaviest Corner on Earth'. One of Birmingham's most prominent abandoned skyscrapers. Update Apr 2026: Active hotel conversion underway with $49.8M financing (Hilton Garden Inn, 140 rooms). Expected to open 2026.",""
"2211 Avenue G, Birmingham, AL 35218","33.509339","-86.896797","Birmingham","AL","35218","INSTITUTIONAL","ABANDONED","","","https://www.google.com/maps/place/2211+Avenue+G,+Birmingham,+AL+35218/@33.509339,-86.896797,17z","https://www.abandonedalabama.com/city/northern-alabama/birmingham/","Bush School (Ernest F. Bush Middle School). Built 1901 as Ensley School. Closed. Historic school in Ensley neighborhood.",""
"27 W Federal St, Youngstown, OH 44503","41.100628","-80.650816","Youngstown","OH","44503","COMMERCIAL","ABANDONED","BRICK PRINT LLC","","https://www.google.com/maps/place/27+W+Federal+St,+Youngstown,+OH+44503/@41.100628,-80.650816,17z","","Paramount Theatre (formerly Liberty Theatre). 1,700-seat theater designed by C. Howard Crane, opened 1918, closed 1976. Still standing. Plans for redevelopment.",""
"20 Federal Place, Youngstown, OH 44503","41.100709","-80.650699","Youngstown","OH","44503","COMMERCIAL OFFICE","ABANDONED","CITY OF YOUNGSTOWN","","https://www.google.com/maps/place/20+Federal+Place,+Youngstown,+OH+44503/@41.100709,-80.650699,17z","","Downtown office building. Mahoning County Land Bank involvement for remediation. Federal Street corridor.",""
"653 S Saginaw St, Flint, MI 48502","43.014513","-83.691147","Flint","MI","48502","COMMERCIAL","PROBABLY VACANT","","","https://www.google.com/maps/place/653+S+Saginaw+St,+Flint,+MI+48502/@43.016597,-83.691147,17z","","Paterson Building. Historic downtown commercial building, condemned then partially collapsed into Brush Alley. Mott Foundation granted $3.5M to Communities First for renovation. Address corrected from 425 to 653 S Saginaw St, Apr 2026. Building under active renovation.",""
"1425 N Saginaw St, Flint, MI 48502","43.028698","-83.693647","Flint","MI","48502","COMMERCIAL","ABANDONED","","","https://www.google.com/maps/place/1425+N+Saginaw+St,+Flint,+MI+48502/@43.028698,-83.693647,17z","https://www.cityofflint.com/genesee-county-land-bank-announces-plans-to-demolish-vacant-and-damaged-buildings-in-flint/","Commercial building on N Saginaw corridor. Genesee County Land Bank announced demolition plans.",""
"4256 Natural Bridge Ave, St. Louis, MO 63115","38.667869","-90.232255","St. Louis","MO","63115","COMMERCIAL","PROBABLY VACANT","","","https://www.google.com/maps/place/4256+Natural+Bridge+Ave,+St.+Louis,+MO+63115/@38.667869,-90.232255,17z","","Natural Bridge Ave commercial corridor in north St. Louis. Area documented with extensive commercial blight.",""
"4200 N Grand Blvd, St. Louis, MO 63107","38.666640","-90.212707","St. Louis","MO","63107","COMMERCIAL","PROBABLY VACANT","GETHSEMANE LLC","$297,185","https://www.google.com/maps/place/4200+N+Grand+Blvd,+St.+Louis,+MO+63107/@38.666640,-90.212707,17z","","N Grand Blvd corridor in north St. Louis. Area with extensive vacancy and commercial blight.",""
"3818 N Broadway, St. Louis, MO 63147","38.664108","-90.196213","St. Louis","MO","63147","COMMERCIAL","PROBABLY VACANT","","","https://www.google.com/maps/place/3818+N+Broadway,+St.+Louis,+MO+63147/@38.664108,-90.196213,17z","","N Broadway corridor in north St. Louis. Area documented by STL City Talk and Exploring St. Louis blogs for extensive blight.",""
"2801 Cass Ave, St. Louis, MO 63106","38.645784","-90.215951","St. Louis","MO","63106","COMMERCIAL","PROBABLY VACANT","","","https://www.google.com/maps/place/2801+Cass+Ave,+St.+Louis,+MO+63106/@38.645784,-90.215951,17z","","Cass Ave corridor near NGA construction site. Jeff Vander Lou / St. Louis Place neighborhood. Area with extensive commercial vacancy.",""
"185 Broadway, Gary, IN 46402","41.606688","-87.337113","Gary","IN","46402","COMMERCIAL","ABANDONED","DECAY DEVILS","","https://www.google.com/maps/place/185+Broadway,+Gary,+IN+46402/@41.606688,-87.337113,17z","https://en.wikipedia.org/wiki/Gary_Union_Station","Gary Union Station. Beaux-Arts railroad station built 1910, closed 1950s. Sits between two raised rail lines. National Register of Historic Places 2019. Indiana Landmarks 10 Most Endangered.",""
"1 Genesis Center Plz, Gary, IN 46402","41.603803","-87.338379","Gary","IN","46402","INSTITUTIONAL","ABANDONED","CITY OF GARY","","https://www.google.com/maps/place/1+Genesis+Center+Plz,+Gary,+IN+46402/@41.603803,-87.338379,17z","https://en.wikipedia.org/wiki/Genesis_Convention_Center","Genesis Convention Center. 7,000-seat arena built 1981. George Clinton, Public Enemy, Whitney Houston performed here. Closed 2020. City considering future plans as of 2025.",""
"40 S Main St, Dayton, OH 45402","39.758175","-84.191394","Dayton","OH","45402","COMMERCIAL OFFICE","VACANT","MONTGOMERY COUNTY","","https://www.google.com/maps/place/40+S+Main+St,+Dayton,+OH+45402/@39.758175,-84.191394,17z","https://en.wikipedia.org/wiki/Centre_City_Building","Centre City Building. 21-story reinforced concrete skyscraper built 1904, once Dayton's tallest. Originally United Brethren HQ, Wright Brothers connection (father Milton was bishop). Chicago Commercial style. Long vacant. Renovation plans for 200 apartments announced.",""
"800 W Third St, Dayton, OH 45402","39.756776","-84.208214","Dayton","OH","45402","COMMERCIAL","PROBABLY VACANT","","","https://www.google.com/maps/place/800+W+Third+St,+Dayton,+OH+45402/@39.756776,-84.208214,17z","https://www.daytondailynews.com/news/special-reports/what-next-for-this-empty-building-dayton-west-side/XCTlB0gHn2G7729wb1IpNO/","Central Motors Building. Built 1926 as Oldsmobile dealership. Outside Wright Dunbar Historic Business District. Owned by Wright Dunbar Inc. since 2010. Vacant commercial building.",""
"2600 Belvedere Dr, Jackson, MS 39204","32.268410","-90.227218","Jackson","MS","39204","RESIDENTIAL","CONDEMNED","","","https://www.google.com/maps/place/2600+Belvedere+Dr,+Jackson,+MS+39204/@32.268410,-90.227218,17z","https://www.wlbt.com/2026/03/25/this-is-something-that-can-be-controlled-two-schools-located-near-dilapidated-jackson-apartment-complex/","Belvedere Manor Apartments. Condemned by City of Jackson, residents ordered to vacate Mar 1 2025, demolition ordered Mar 13 2025. Demolition not yet completed as of Mar 2026. Squatters and illegal dumping reported. Near Key Elementary. Est. $500K to demolish.",""
"616 S Broadway, Camden, NJ 08103","39.937741","-75.119258","Camden","NJ","08103","INSTITUTIONAL","ABANDONED","","","https://www.google.com/maps/place/616+S+Broadway,+Camden,+NJ+08103/@39.937741,-75.119258,17z","https://en.wikipedia.org/wiki/Camden_Free_Public_Library_Main_Building","Camden Carnegie Library (Camden Free Public Library). Neo-Classical Revival, built 1905, funded by Andrew Carnegie. Abandoned 1986, roof collapsed, trees growing inside. National Register of Historic Places 1992. NJ Most Endangered. Conversion plans announced 2018 but stalled.",""
"2315 Magazine St, Louisville, KY 40211","38.251263","-85.790324","Louisville","KY","40211","RESIDENTIAL","ABANDONED","LOUISVILLE & JEFFERSON COUNTY LANDBANK AUTHORITY","$36,370","https://www.google.com/maps/place/2315+Magazine+St,+Louisville,+KY+40211/@38.251263,-85.790324,18z","https://data.louisvilleky.gov/datasets/LOJIC::landbank-parcels/","Landbank-owned; tiny house with overgrown yard, no activity; improvement value $30,820",""
"1712 W Kentucky St, Louisville, KY 40210","38.241933","-85.783806","Louisville","KY","40210","RESIDENTIAL","ABANDONED","LOUISVILLE & JEFFERSON COUNTY LANDBANK AUTHORITY","$24,740","https://www.google.com/maps/place/1712+W+Kentucky+St,+Louisville,+KY+40210/@38.241933,-85.783806,18z","https://data.louisvilleky.gov/datasets/LOJIC::landbank-parcels/","Landbank-owned; deteriorating two-story house with crumbling retaining wall and debris on porch",""
"3131 McAtee Ave, Louisville, KY 40211","38.250901","-85.803658","Louisville","KY","40211","RESIDENTIAL","ABANDONED","LOUISVILLE & JEFFERSON COUNTY LANDBANK AUTHORITY","$18,680","https://www.google.com/maps/place/3131+McAtee+Ave,+Louisville,+KY+40211/@38.250901,-85.803658,18z","https://data.louisvilleky.gov/datasets/LOJIC::landbank-parcels/","Landbank-owned; deteriorated outbuildings/garage structures visible in SV",""
"1354 Dixie Hwy, Louisville, KY 40210","38.233371","-85.788495","Louisville","KY","40210","RESIDENTIAL","ABANDONED","LOUISVILLE & JEFFERSON COUNTY LANDBANK AUTHORITY","$17,690","https://www.google.com/maps/place/1354+Dixie+Hwy,+Louisville,+KY+40210/@38.233371,-85.788495,18z","https://data.louisvilleky.gov/datasets/LOJIC::landbank-parcels/","Landbank-owned; deteriorated small structure behind fence on Dixie Highway corridor",""
"2807 W Muhammad Ali Blvd, Louisville, KY 40212","38.255603","-85.797374","Louisville","KY","40212","RESIDENTIAL","VACANT","LOUISVILLE & JEFFERSON COUNTY LANDBANK AUTHORITY","$31,430","https://www.google.com/maps/place/2807+W+Muhammad+Ali+Blvd,+Louisville,+KY+40212/@38.255603,-85.797374,18z","https://data.louisvilleky.gov/datasets/LOJIC::landbank-parcels/","Landbank-owned; small white house partially obscured by trees; Russell neighborhood",""
"2622 W Muhammad Ali Blvd, Louisville, KY 40212","38.255185","-85.794598","Louisville","KY","40212","RESIDENTIAL","VACANT","LOUISVILLE & JEFFERSON COUNTY LANDBANK AUTHORITY","$29,830","https://www.google.com/maps/place/2622+W+Muhammad+Ali+Blvd,+Louisville,+KY+40212/@38.255185,-85.794598,18z","https://data.louisvilleky.gov/datasets/LOJIC::landbank-parcels/","Landbank-owned; small house visible in SV; Russell neighborhood",""
"2111 W Ormsby Ave, Louisville, KY 40210","38.235708","-85.790394","Louisville","KY","40210","RESIDENTIAL","VACANT","LOUISVILLE & JEFFERSON COUNTY LANDBANK AUTHORITY","$20,660","https://www.google.com/maps/place/2111+W+Ormsby+Ave,+Louisville,+KY+40210/@38.235708,-85.790394,18z","https://data.louisvilleky.gov/datasets/LOJIC::landbank-parcels/","Landbank-owned; shotgun-style house; Algonquin neighborhood",""
"1855 W Ormsby Ave, Louisville, KY 40210","38.235575","-85.788634","Louisville","KY","40210","RESIDENTIAL","VACANT","LOUISVILLE & JEFFERSON COUNTY LANDBANK AUTHORITY","$20,190","https://www.google.com/maps/place/1855+W+Ormsby+Ave,+Louisville,+KY+40210/@38.235575,-85.788634,18z","https://data.louisvilleky.gov/datasets/LOJIC::landbank-parcels/","Landbank-owned; shotgun house in row; Park Hill neighborhood",""
"3419 W Kentucky St, Louisville, KY 40211","38.244582","-85.809739","Louisville","KY","40211","RESIDENTIAL","VACANT","LOUISVILLE & JEFFERSON COUNTY LANDBANK AUTHORITY","$18,720","https://www.google.com/maps/place/3419+W+Kentucky+St,+Louisville,+KY+40211/@38.244582,-85.809739,18z","https://data.louisvilleky.gov/datasets/LOJIC::landbank-parcels/","Landbank-owned; white house with unmaintained yard; Parkland neighborhood",""
"219 S 23rd St, Louisville, KY 40212","38.257922","-85.788985","Louisville","KY","40212","RESIDENTIAL","VACANT","LOUISVILLE & JEFFERSON COUNTY LANDBANK AUTHORITY","$17,560","https://www.google.com/maps/place/219+S+23rd+St,+Louisville,+KY+40212/@38.257922,-85.788985,18z","https://data.louisvilleky.gov/datasets/LOJIC::landbank-parcels/","Landbank-owned; structures visible on street; Russell neighborhood",""
"512 N 20th St, Louisville, KY 40203","38.265777","-85.781700","Louisville","KY","40203","RESIDENTIAL","VACANT","LOUISVILLE & JEFFERSON COUNTY LANDBANK AUTHORITY","$30,360","https://www.google.com/maps/place/512+N+20th+St,+Louisville,+KY+40203/@38.265777,-85.7817,18z","https://data.louisvilleky.gov/datasets/LOJIC::landbank-parcels/","Landbank-owned; white shotgun house visible from side; Portland neighborhood",""
"3421 Grand Ave, Louisville, KY 40211","38.241822","-85.810161","Louisville","KY","40211","RESIDENTIAL","VACANT","LOUISVILLE & JEFFERSON COUNTY LANDBANK AUTHORITY","$15,550","https://www.google.com/maps/place/3421+Grand+Ave,+Louisville,+KY+40211/@38.241822,-85.810161,18z","https://data.louisvilleky.gov/datasets/LOJIC::landbank-parcels/","Landbank-owned; house with construction barriers/cones in SV; Parkland neighborhood",""
"2005 St Louis Ave, Louisville, KY 40210","38.233471","-85.789799","Louisville","KY","40210","RESIDENTIAL","VACANT","LOUISVILLE & JEFFERSON COUNTY LANDBANK AUTHORITY","$12,800","https://www.google.com/maps/place/2005+St+Louis+Ave,+Louisville,+KY+40210/@38.233471,-85.789799,18z","https://data.louisvilleky.gov/datasets/LOJIC::landbank-parcels/","Landbank-owned; small house behind chain-link fence; California neighborhood",""
"1702 W Saint Catherine St, Louisville, KY 40210","38.239891","-85.783623","Louisville","KY","40210","RESIDENTIAL","VACANT","LOUISVILLE & JEFFERSON COUNTY LANDBANK AUTHORITY","$12,160","https://www.google.com/maps/place/1702+W+Saint+Catherine+St,+Louisville,+KY+40210/@38.239891,-85.783623,18z","https://data.louisvilleky.gov/datasets/LOJIC::landbank-parcels/","Landbank-owned; shotgun-style house; Park Hill neighborhood",""
"1526 W Oak St, Louisville, KY 40210","38.236689","-85.779415","Louisville","KY","40210","RESIDENTIAL","VACANT","LOUISVILLE & JEFFERSON COUNTY LANDBANK AUTHORITY","$16,900","https://www.google.com/maps/place/1526+W+Oak+St,+Louisville,+KY+40210/@38.236689,-85.779415,18z","https://data.louisvilleky.gov/datasets/LOJIC::landbank-parcels/","Landbank-owned; two-story house visible in SV; Park Hill neighborhood",""
"2217 W Ormsby Ave, Louisville, KY 40210","38.235794","-85.791653","Louisville","KY","40210","RESIDENTIAL","VACANT","LOUISVILLE & JEFFERSON COUNTY LANDBANK AUTHORITY","$6,000","https://www.google.com/maps/place/2217+W+Ormsby+Ave,+Louisville,+KY+40210/@38.235794,-85.791653,18z","https://data.louisvilleky.gov/datasets/LOJIC::landbank-parcels/","Landbank-owned; two-story house; Algonquin neighborhood",""
"2125 Griffiths Ave, Louisville, KY 40212","38.264100","-85.784366","Louisville","KY","40212","RESIDENTIAL","VACANT","LOUISVILLE & JEFFERSON COUNTY LANDBANK AUTHORITY","$20,360","https://www.google.com/maps/place/2125+Griffiths+Ave,+Louisville,+KY+40212/@38.2641,-85.784366,18z","https://data.louisvilleky.gov/datasets/LOJIC::landbank-parcels/","Landbank-owned; small white house; Portland neighborhood",""
"200 N 26th St, Louisville, KY 40212","38.262143","-85.793473","Louisville","KY","40212","RESIDENTIAL","VACANT","LOUISVILLE & JEFFERSON COUNTY LANDBANK AUTHORITY","$16,750","https://www.google.com/maps/place/200+N+26th+St,+Louisville,+KY+40212/@38.262143,-85.793473,18z","https://data.louisvilleky.gov/datasets/LOJIC::landbank-parcels/","Landbank-owned; residential structure; Russell neighborhood",""
"529 Dr W J Hodge St, Louisville, KY 40210","38.253103","-85.785904","Louisville","KY","40210","RESIDENTIAL","VACANT","LOUISVILLE & JEFFERSON COUNTY LANDBANK AUTHORITY","$20,570","https://www.google.com/maps/place/529+Dr+W+J+Hodge+St,+Louisville,+KY+40210/@38.253103,-85.785904,18z","https://data.louisvilleky.gov/datasets/LOJIC::landbank-parcels/","Landbank-owned; brick building on corner; California neighborhood",""
"2708 W Madison St, Louisville, KY 40211","38.254224","-85.795964","Louisville","KY","40211","RESIDENTIAL","VACANT","LOUISVILLE & JEFFERSON COUNTY LANDBANK AUTHORITY","$19,370","https://www.google.com/maps/place/2708+W+Madison+St,+Louisville,+KY+40211/@38.254224,-85.795964,18z","https://data.louisvilleky.gov/datasets/LOJIC::landbank-parcels/","Landbank-owned; house with construction debris visible; Russell neighborhood",""
"1200 Firestone Parkway, Akron, OH 44301","41.051865","-81.529206","Akron","OH","44301","INDUSTRIAL","ABANDONED","CITY OF AKRON","","https://www.google.com/maps/place/1200+Firestone+Pkwy,+Akron,+OH+44301/@41.051865,-81.529206,17z","https://signalakron.org/city-asks-to-tear-down-most-of-historic-firestone-plant-1/","Firestone Plant 1 (Firestone Tire & Rubber HQ). Built 1910, iconic clock tower. Vacant 10+ years, city-owned. High asbestos contamination. City seeking partial demolition, preserving facade and clock tower. Ohio Endangered Historic Sites list.",""
"1414 State St, Springfield, MA 01109","42.120164","-72.545878","Springfield","MA","01109","INSTITUTIONAL","ABANDONED","","","https://www.google.com/maps/place/1414+State+St,+Springfield,+MA+01109/@42.120164,-72.545878,17z","https://springfieldpreservation.org/isolation-hospital-1414-state-street/","Springfield Isolation Hospital. 5-story Art Deco, built 1930-31 by Kirkham & Parlett for tuberculosis treatment. Largest Art Deco building in Springfield. Unused for decades. Preservation Massachusetts 2022 Most Endangered. City acquired 17-acre campus for $1 from Vibra Healthcare.",""
"143 Montgomery St, Albany, NY 12207","42.657203","-73.744969","Albany","NY","12207","WAREHOUSE","CONDEMNED","ADVANCE ALBANY COUNTY ALLIANCE","$500,000","https://www.google.com/maps/place/143+Montgomery+St,+Albany,+NY+12207/@42.657203,-73.744969,17z","https://www.wamc.org/news/2024-02-01/central-warehouses-days-as-albanys-worst-eyesore-are-numbered-after-developer-abandons-plans","Central Warehouse. Massive cold/dry storage facility built 1927. Albany's 'worst eyesore.' Mayor declared state of emergency Jan 2024 due to structural failure. Developer abandoned renovation plans. $60M Restore NY project initiated for demolition/remediation. Awarded $9.75M Round 1 Restore NY.",""
"207 W 2nd Ave, Pine Bluff, AR 71601","34.228420","-92.004510","Pine Bluff","AR","71601","COMMERCIAL","ABANDONED","CITY OF PINE BLUFF","","https://www.google.com/maps/place/207+W+2nd+Ave,+Pine+Bluff,+AR+71601/@34.228420,-92.004510,17z","https://en.wikipedia.org/wiki/Saenger_Theatre_(Pine_Bluff,_Arkansas)","Saenger Theatre. Designed by Emile Weil, opened Nov 17 1924. 'Showplace of the South.' Closed 1975. Water damage and vandalism. National Register 1995. City council approved roof/plumbing renovation 2023. SE corner W 2nd Ave & Pine St.",""
"440 S Main St, Pine Bluff, AR 71601","34.225470","-92.003510","Pine Bluff","AR","71601","HOSPITALITY","ABANDONED","PINE BLUFF RISING","","https://www.google.com/maps/place/440+S+Main+St,+Pine+Bluff,+AR+71601/@34.225470,-92.003510,17z","https://en.wikipedia.org/wiki/Hotel_Pines","Hotel Pines. Designed by George R. Mann (architect of Arkansas State Capitol). Center of Pine Bluff social life for 50+ years. Closed 1970 when passenger rail ended. National Register 1979. NW corner Main & W 5th Ave.",""
"623 W 2nd Ave, Pine Bluff, AR 71601","34.228473","-92.008821","Pine Bluff","AR","71601","INSTITUTIONAL","ABANDONED","ARKANSAS RIVER EDUCATION SERVICES COOPERATIVE","","https://www.google.com/maps/place/623+W+2nd+Ave,+Pine+Bluff,+AR+71601/@34.228473,-92.008821,17z","https://en.wikipedia.org/wiki/National_Guard_Armory-Pine_Bluff","National Guard Armory. Built 1931-32. Listed on National Register of Historic Places. Former military facility in downtown Pine Bluff. Part of Downtown Pine Bluff Historic Commercial District.",""
"307 N 7th St, St. Louis, MO 63101","38.628377","-90.191346","St. Louis","MO","63101","COMMERCIAL","ABANDONED","","","https://www.google.com/maps/@38.6286714,-90.1911542,0a,110.7y,122.68h,121.33t/data=!3m4!1e1!3m2!1soq73I2GcY47r-Dns4QScgA!2e0","","User-submitted. Abandoned building visible from Street View at 307 N 7th St, downtown St. Louis.",""
"1011 S 32nd St, Louisville, KY 40211","38.243109","-85.806084","Louisville","KY","40211","RESIDENTIAL","ABANDONED","RONDELL S. TURNER","","https://www.google.com/maps/place/1011+S+32nd+St,+Louisville,+KY+40211/@38.243109,-85.806084,18z","https://data.louisvilleky.gov/datasets/LOJIC::louisville-metro-ky-property-foreclosures/","Active foreclosure case 25CI400921 filed Jan 2025; large brick apartment building appears vacant; Parkland neighborhood",""
"1013 S 32nd St, Louisville, KY 40211","38.242905","-85.806120","Louisville","KY","40211","RESIDENTIAL","ABANDONED","HEIRS OF BARBARA ANN SIMMONS","","https://www.google.com/maps/place/1013+S+32nd+St,+Louisville,+KY+40211/@38.242905,-85.80612,18z","https://data.louisvilleky.gov/datasets/LOJIC::louisville-metro-ky-property-foreclosures/","Active foreclosure case 25CI400916 filed Jan 2025; adjacent to 1011 S 32nd; brick multi-unit building",""
"2733 Garland Ave, Louisville, KY 40211","38.244974","-85.798550","Louisville","KY","40211","RESIDENTIAL","ABANDONED","TONYA COLEMAN","$18,050","https://www.google.com/maps/place/2733+Garland+Ave,+Louisville,+KY+40211/@38.244974,-85.79855,18z","https://data.louisvilleky.gov/datasets/LOJIC::louisville-metro-ky-property-foreclosures/","Active foreclosure case 25CI401211 filed Jan 2025; small house with code violation notice visible on front; Parkland neighborhood",""
"1909 Duncan St, Louisville, KY 40203","38.262096","-85.781065","Louisville","KY","40203","RESIDENTIAL","ABANDONED","BYRON HOAGLAND","$8,210","https://www.google.com/maps/place/1909+Duncan+St,+Louisville,+KY+40203/@38.262096,-85.781065,18z","https://data.louisvilleky.gov/datasets/LOJIC::louisville-metro-ky-property-foreclosures/","Active foreclosure case 25CI400170 filed Oct 2024; old brick building behind trees on large lot; Portland neighborhood",""
"2303 W Chestnut St, Louisville, KY 40211","38.252520","-85.789693","Louisville","KY","40211","RESIDENTIAL","ABANDONED","SONIA LAIRD","$21,310","https://www.google.com/maps/place/2303+W+Chestnut+St,+Louisville,+KY+40211/@38.25252,-85.789693,18z","https://data.louisvilleky.gov/datasets/LOJIC::louisville-metro-ky-property-foreclosures/","Active foreclosure case 24CI400689 filed Aug 2024; large deteriorating two-story brick building; Russell neighborhood",""
"2725 Greenwood Ave, Louisville, KY 40211","38.242211","-85.798241","Louisville","KY","40211","RESIDENTIAL","ABANDONED","METUSA LLC","","https://www.google.com/maps/place/2725+Greenwood+Ave,+Louisville,+KY+40211/@38.242211,-85.798241,18z","https://data.louisvilleky.gov/datasets/LOJIC::louisville-metro-ky-property-foreclosures/","Active foreclosure case 25CI401223 filed Jan 2025; neglected house with heavy overgrowth; Parkland neighborhood",""
"1852 Date St, Louisville, KY 40210","38.242705","-85.785683","Louisville","KY","40210","RESIDENTIAL","PROBABLY VACANT","WILLIAM L STIVERS","","https://www.google.com/maps/place/1852+Date+St,+Louisville,+KY+40210/@38.242705,-85.785683,18z","https://data.louisvilleky.gov/datasets/LOJIC::louisville-metro-ky-property-foreclosures/","Active foreclosure case 26CI400049 filed Mar 2025; house with overgrown yard visible in SV; California neighborhood",""
"2629 Garland Ave, Louisville, KY 40211","38.244759","-85.796152","Louisville","KY","40211","RESIDENTIAL","PROBABLY VACANT","KINSA USA LLC","","https://www.google.com/maps/place/2629+Garland+Ave,+Louisville,+KY+40211/@38.244759,-85.796152,18z","https://data.louisvilleky.gov/datasets/LOJIC::louisville-metro-ky-property-foreclosures/","Active foreclosure case 25CI401058 filed Jan 2025; house with neglected yard compared to neighbors; Parkland neighborhood",""
"1480 S 13th St, Louisville, KY 40210","38.228069","-85.776810","Louisville","KY","40210","INDUSTRIAL","PROBABLY VACANT","IRON WORKS INC","","https://www.google.com/maps/place/1480+S+13th+St,+Louisville,+KY+40210/@38.228069,-85.77681,18z","https://data.louisvilleky.gov/datasets/LOJIC::louisville-metro-ky-property-foreclosures/","Active foreclosure case 24CI400334 filed Apr 2024; large industrial/warehouse building; Taylor Berry neighborhood",""
"2104 W Gaulbert Ave, Louisville, KY 40210","38.227980","-85.793338","Louisville","KY","40210","RESIDENTIAL","PROBABLY VACANT","JOSE GUERRERO","","https://www.google.com/maps/place/2104+W+Gaulbert+Ave,+Louisville,+KY+40210/@38.22798,-85.793338,18z","https://data.louisvilleky.gov/datasets/LOJIC::louisville-metro-ky-property-foreclosures/","Active foreclosure case 25CI401347 filed Feb 2025; white house with overgrown hill yard; Algonquin neighborhood",""
"1852 Dumesnil St, Louisville, KY 40210","38.236351","-85.789035","Louisville","KY","40210","RESIDENTIAL","PROBABLY VACANT","HOWARD MCMURRY","","https://www.google.com/maps/place/1852+Dumesnil+St,+Louisville,+KY+40210/@38.236351,-85.789035,18z","https://data.louisvilleky.gov/datasets/LOJIC::louisville-metro-ky-property-foreclosures/","Active foreclosure case 24CI400887 filed Sep 2024; corner house visible in SV; Park Hill neighborhood",""
"2237 Dumesnil St, Louisville, KY 40210","38.236708","-85.792314","Louisville","KY","40210","RESIDENTIAL","PROBABLY VACANT","CLARANCE A. RAMSEY","","https://www.google.com/maps/place/2237+Dumesnil+St,+Louisville,+KY+40210/@38.236708,-85.792314,18z","https://data.louisvilleky.gov/datasets/LOJIC::louisville-metro-ky-property-foreclosures/","Active foreclosure case 24CI400606 filed Jun 2024; small house visible in SV; Park Hill neighborhood",""
"3302 Dumesnil St, Louisville, KY 40211","38.237451","-85.808895","Louisville","KY","40211","RESIDENTIAL","PROBABLY VACANT","ANTONE LABAN PRUNTY","","https://www.google.com/maps/place/3302+Dumesnil+St,+Louisville,+KY+40211/@38.237451,-85.808895,18z","https://data.louisvilleky.gov/datasets/LOJIC::louisville-metro-ky-property-foreclosures/","Active foreclosure case 26CI400086 filed Mar 2025; house with covered porch; Parkland neighborhood",""
"1354 S 26th St, Louisville, KY 40210","38.235243","-85.796593","Louisville","KY","40210","RESIDENTIAL","PROBABLY VACANT","ALSHARONDA GREEN HAMPTON","","https://www.google.com/maps/place/1354+S+26th+St,+Louisville,+KY+40210/@38.235243,-85.796593,18z","https://data.louisvilleky.gov/datasets/LOJIC::louisville-metro-ky-property-foreclosures/","Active foreclosure case 25CI401241 filed Jan 2025; small house visible in SV; Park Hill neighborhood",""
"1124 S 26th St, Louisville, KY 40210","38.239444","-85.796094","Louisville","KY","40210","RESIDENTIAL","PROBABLY VACANT","TODD CARTEZ D","","https://www.google.com/maps/place/1124+S+26th+St,+Louisville,+KY+40210/@38.239444,-85.796094,18z","https://data.louisvilleky.gov/datasets/LOJIC::louisville-metro-ky-property-foreclosures/","Active foreclosure case 25-CI-401342 filed Feb 2025; house visible in SV; Parkland neighborhood",""
"321 N 20th St, Louisville, KY 40203","38.262961","-85.782328","Louisville","KY","40203","RESIDENTIAL","PROBABLY VACANT","DARRELL RICE","","https://www.google.com/maps/place/321+N+20th+St,+Louisville,+KY+40203/@38.262961,-85.782328,18z","https://data.louisvilleky.gov/datasets/LOJIC::louisville-metro-ky-property-foreclosures/","Active foreclosure case 24CI400713 filed Aug 2024; blighted residential area; Portland neighborhood",""
"212 N 21st St, Louisville, KY 40203","38.261148","-85.783922","Louisville","KY","40203","RESIDENTIAL","PROBABLY VACANT","I & R PROPERTIES LLC","","https://www.google.com/maps/place/212+N+21st+St,+Louisville,+KY+40203/@38.261148,-85.783922,18z","https://data.louisvilleky.gov/datasets/LOJIC::louisville-metro-ky-property-foreclosures/","Active foreclosure case 25CI400961 filed Jan 2025; house visible in SV; Portland neighborhood",""
"1785 Bolling Ave, Louisville, KY 40210","38.229230","-85.789181","Louisville","KY","40210","RESIDENTIAL","PROBABLY VACANT","LEGACY REAL ESTATE INVESTMENT LLC","$21,750","https://www.google.com/maps/place/1785+Bolling+Ave,+Louisville,+KY+40210/@38.22923,-85.789181,18z","https://data.louisvilleky.gov/datasets/LOJIC::louisville-metro-ky-property-foreclosures/","Active foreclosure case 25CI400965 filed Jan 2025; brick house partially obscured by trees; Park Hill neighborhood",""
"3807 Algonquin Pkwy, Louisville, KY 40211","38.225615","-85.819223","Louisville","KY","40211","RESIDENTIAL","PROBABLY VACANT","DOMINION CONSTRUCTION LLC","","https://www.google.com/maps/place/3807+Algonquin+Pkwy,+Louisville,+KY+40211/@38.225615,-85.819223,18z","https://data.louisvilleky.gov/datasets/LOJIC::louisville-metro-ky-property-foreclosures/","Active foreclosure case 24CI400982 filed Oct 2024; house partially hidden by trees; Park DuValle neighborhood",""
"1813 Crop St, Louisville, KY 40203","38.259957","-85.779822","Louisville","KY","40203","RESIDENTIAL","PROBABLY VACANT","JORDAN REMODELING LLC","$17,990","https://www.google.com/maps/place/1813+Crop+St,+Louisville,+KY+40203/@38.259957,-85.779822,18z","https://data.louisvilleky.gov/datasets/LOJIC::louisville-metro-ky-property-foreclosures/","Active foreclosure case 25CI401344 filed Feb 2025; small shotgun house visible from side in SV; Portland neighborhood",""
"6410 Centennial Blvd, Nashville, TN 37209","36.177200","-86.865400","Nashville","TN","37209","INSTITUTIONAL","ABANDONED","STATE OF TENNESSEE","","https://www.google.com/maps/@36.1772,-86.8654,17z/data=!3m1!1e3","https://en.wikipedia.org/wiki/Tennessee_State_Prison","Tennessee State Prison. Gothic Revival fortress-style prison on Cumberland River, designed with 20-ft high, 3-ft thick hand-cut stone walls. Opened 1898, capacity 1,400 inmates in 800 cells. Closed Jun 1992 after federal court found overcrowding and unsanitary conditions. Abandoned 34 years. EF3 tornado Mar 2020 knocked down 40-yard section of wall, caused extensive structural damage. Interior off-limits since 2011 due to asbestos. Historical marker erected 2025. Filming location: The Green Mile, Walk the Line, Ernest Goes to Jail. No SV coverage on prison grounds. Satellite view clearly shows prison complex still standing. No redevelopment plans.",""
"617 Ben Allen Rd, Nashville, TN 37216","36.217500","-86.743330","Nashville","TN","37216","INSTITUTIONAL","ABANDONED","STATE OF TENNESSEE","","https://www.google.com/maps/@36.2180,-86.7440,3a,75y,90h,100t/data=!3m6!1e1!3m4!1s0x0:0x0!2e0!7i16384!8i8192","https://en.wikipedia.org/wiki/Home_for_Aged_Masons","Home for Aged Masons. 3-story Colonial Revival building on 2-acre campus, designed by Asmus and Norton, built 1913-1915 as Masonic Widows and Orphans Home. Repurposed 1941 as Middle Tennessee Tuberculosis Hospital. Converted to TN Dept of Health offices 1970s. Abandoned 1999. National Register of Historic Places since Nov 2008. Boarded up, in disrepair. TN Dept of General Services estimates $10M to rehab. Governor proposed $1.5M demolition in 2016 budget but preservation advocates intervened. Sits on TBI campus amid active government buildings. Jan 2023 SV from R.S. Gass Blvd shows government campus; historic building set back from road.",""
"271 New St, Newark, NJ 07103","40.744440","-74.182780","Newark","NJ","07103","INSTITUTIONAL","ABANDONED","CITY OF NEWARK","","https://www.google.com/maps/@40.7450,-74.1825,3a,75y,200h,100t/data=!3m6!1e1!3m4!1s0x0:0x0!2e0!7i16384!8i8192","https://en.wikipedia.org/wiki/Old_Essex_County_Jail","Old Essex County Jail. Historic jail complex on 1.5 acres with ~20 structures. Original building designed by John Haviland, built 1837 at corner of Newark St and New St. Expansions through 1926. Closed 1971 — abandoned 55 years. Fire 2003 destroyed Women's Wing (built 1895). Massive floor collapses, caved skylights, 3-story window frames fallen. National Register of Historic Places since 1991. NJ Register since 1991. Rutgers Law School attempted de-registration 2017 to enable demolition — failed. Columbia University grad students proposed 11 reuse concepts 2018-2019, none proceeded. Nov 2024 SV from Newark St shows deteriorating stone walls along street.",""
"195 Appleton St, Holyoke, MA 01040","42.203524","-72.607091","Holyoke","MA","01040","INDUSTRIAL","ABANDONED","","","https://www.google.com/maps/@42.2032,-72.6065,3a,75y,270h,100t/data=!3m6!1e1!3m4!1s0x0:0x0!2e0!7i16384!8i8192","https://commonwealthbeacon.org/housing/easier-said-than-done-former-mill-cities-struggle-to-rehab-vacant-blighted-properties-in-western-mass/","Merrick Thread Mill (Mill #3). 230,000 SF multi-story red brick industrial mill between first and second canals. Merrick Thread Co started 1865 in Holyoke, ready for production 1867. Merged into American Thread Company 1898. Mill #2 on adjacent lot destroyed by arson 1993 (now vacant lot). Mill #3 still standing but vacant for decades, windows boarded. Five developers have backed out — site readiness cost estimated $12-16M due to lead paint, asbestos, and structural issues requiring half the building to be demolished. Located in Opportunity Zone with 40R Smart Growth overlay. Sep 2025 SV from 193 Appleton St shows large brick mill buildings along canal. Parcel ID HOLY-000021-000001-000007.",""
"2598 E Forest Ave, Detroit, MI 48207","42.363527","-83.039440","Detroit","MI","48207","RESIDENTIAL","ABANDONED","","","https://www.google.com/maps/@42.3633951,-83.0399342,0a,86.3y,286.48h,93.34t/data=!3m4!1e1!3m2!1sDUW9nOp22LQ1daywMotxLQ!2e0","","User-submitted. Abandoned residential building visible from Street View.",""
"3052 N 21st St, Philadelphia, PA 19132","40.001019","-75.164817","Philadelphia","PA","19132","INDUSTRIAL","ABANDONED","ROBINSON DONALD","$84,100","https://www.google.com/maps/@40.0013411,-75.1646725,3a,75y,165.26h,110.43t/data=!3m4!1e1!3m2!1s5791IEuPv_dlzhfo96hRQQ!2e0","https://property.phila.gov","Large multi-story industrial/warehouse building; boarded windows, vegetation growing up facade; North Philadelphia","HUMAN CONFIRMED"
"2100 W Lippincott St, Philadelphia, PA 19132","40.002173","-75.164561","Philadelphia","PA","19132","COMMERCIAL","ABANDONED","NANIA AVETLANA","$90,100","https://www.google.com/maps/@40.0022592,-75.1645878,3a,90y,186.95h,92.96t/data=!3m4!1e1!3m2!1sDZxAGjCLb1BfgBcY3d-h8g!2e0","","Deteriorating brick corner building with boarded ground floor; North Philadelphia","HUMAN CONFIRMED"
"3217 Troost Ave, Kansas City, MO 64109","39.068074","-94.571159","Kansas City","MO","64109","COMMERCIAL","CONDEMNED","STEVENSON ELLA L & JACK","$28,998","https://www.google.com/maps/place/3217+Troost+Ave,+Kansas+City,+MO+64109/@39.0680743,-94.571159,17z","https://data.kcmo.org/Neighborhoods/Dangerous-Buildings-List/ax3m-jhxx","KC Dangerous Buildings List. Commercial building on Troost Ave corridor. Real Estate Commercial per Jackson County assessor. Assessed $28,998 (2025). Market value $90,619. Tax delinquent.",""
"3701 N Humboldt Blvd, Milwaukee, WI 53212","43.084761","-87.898998","Milwaukee","WI","53212","INDUSTRIAL","PROBABLY VACANT","3701 HUMBOLDT LLC","$2,090,200","https://www.google.com/maps/place/3701+N+Humboldt+Blvd,+Milwaukee,+WI+53212/@43.0847612,-87.898998,17z","https://milwaukeenotebook.com/category/abandoned-milwaukee/","C.B. Cottrell & Sons factory (Claybourn Division). Printing press manufacturing plant, 172,344 sq ft, built 1922. Vacant. Potentially eligible for National Register. Manufacturing class per Milwaukee assessor. Assessment figure from city records, may be outdated.",""
"310 Cranston St, Providence, RI 02909","41.812592","-71.430537","Providence","RI","02909","INSTITUTIONAL","ABANDONED","STATE OF RHODE ISLAND","","https://www.google.com/maps/place/Cranston+Street+Armory/@41.8125918,-71.4305372,17z","https://ppsri.org/active-advocacy/cranston-street-armory-most-endangered-places-2025/","Cranston Street Armory. Castle-like National Guard building, built 1907, William R. Walker & Son. Providence Civic Center 1909-1981. Vacant since 1996 (~30 years). PPS Most Endangered 2024-2025. State-owned. Gov. McKee terminated Scout Ltd redevelopment contract 2023. Tens of millions in deferred maintenance.",""
"3800 W Colfax Ave, Denver, CO 80204","39.740166","-105.037218","Denver","CO","80204","RESTAURANT","ABANDONED","3800 ARST LLC","$206,250","https://www.google.com/maps/place/3800+W+Colfax+Ave,+Denver,+CO+80204/@39.7401658,-105.0372183,17z","https://www.denvergov.org/Government/Agencies-Departments-Offices/Agencies-Departments-Offices-Directory/Community-Planning-and-Development/Plan-Review-Permits-and-Inspections/Construction-Inspections/Neglected-and-Derelict-Buildings","Denver Neglected and Derelict Building List (NADB). Former commercial restaurant, built 1961, 14,129 sqft lot. Building improvements assessed at $0. W Colfax corridor, Council District 3 (36 NADB cases). Owner: 3800 ARST LLC. Assessed $206,250 (land only) per Denver assessor.",""
"25 Sigourney St, Hartford, CT 06106","41.762612","-72.694900","Hartford","CT","06106","COMMERCIAL OFFICE","VACANT","OREE PROPERTIES","$18,900,000","https://www.google.com/maps/place/25+Sigourney+St,+Hartford,+CT+06106/@41.7626122,-72.6948997,17z","https://www.wfsb.com/2024/04/03/hartford-fines-owner-vacant-building-that-has-been-covered-graffiti/","15-story, 467,000 sqft former state office building (Xerox HQ). Vacant since ~2020 when pandemic halted redevelopment. Covered in graffiti. City fining owner $1,200/day for blight violations. Sold 2020 for ~$1M by Casey Askar/OREE Properties. Adjacent to I-84. No active tenants.",""
"4904 SE Hawthorne Blvd, Portland, OR 97215","45.511964","-122.612249","Portland","OR","97215","COMMERCIAL","ABANDONED","GRAND AERIE OF THE FRATERNAL ORDER OF EAGLES","$624,110","https://www.google.com/maps/place/4904+SE+Hawthorne+Blvd,+Portland,+OR+97215/@45.511964,-122.612249,17z","https://multcoproptax.com/Property-Detail/PropertyQuickRefID/R177076","Fraternal Order of Eagles Aerie #3256 lodge. Closed during pandemic (~2020). Grand Aerie purchased from Overlook Bluff LLC for $550K on 7/24/2024. Covered in graffiti, ringed by tents. Squatter-occupied. 22,864 sqft lot (0.52 acres). Retail building per Multnomah County assessor. Assessed $624,110 (2025).",""
"401 SW Washington St, Portland, OR 97204","45.519935","-122.675883","Portland","OR","97204","COMMERCIAL OFFICE","VACANT","FOURTH AVE LLC","$2,700,970","https://www.google.com/maps/place/401+SW+Washington+St,+Portland,+OR+97204/@45.519935,-122.675883,17z","https://multcoproptax.com/Property-Detail/PropertyQuickRefID/R246121","Washington Center. Two conjoined office buildings built 1977, ~77,000 sqft, 5 stories with ground-level retail, mezzanine, plaza, underground parking. Owned by Menashe Properties (via Fourth Ave LLC) since 2014 ($9M). Largely vacant since Everest College left 2015. Police cleared open-air fentanyl market Apr 2023. Building improvements assessed at $970 (essentially worthless). 15,000 sqft lot. Assessed $2,700,970 (2025).",""
"2 St Louis Pl, Buffalo, NY 14202","42.896022","-78.872158","Buffalo","NY","14202","RESIDENTIAL","ABANDONED","CHARLES J DOBUCKI","$441,000","https://www.google.com/maps/place/2+St+Louis+Pl,+Buffalo,+NY+14202/@42.896022,-78.872158,17z","https://www.wgrz.com/article/news/local/buffalo-takes-over-2-saint-louis-place/71-eda9601b-b9c4-4a83-82ad-ebb5ea6e64f2","5-unit apartment house, built 1900, 3,855 sqft. Abandoned nearly a decade. Owner Charles Dobucki arrested Apr 2025 for housing court warrants. Police called 88 times in 15 years (drugs, trespassing, dead body 2020). City declared property abandoned, judge transferred ownership to City of Buffalo. Allentown neighborhood. Assessed $441,000 per Erie County.",""
"1614 W Market St, Louisville, KY 40203","38.257399","-85.776927","Louisville","KY","40203","COMMERCIAL","PROBABLY VACANT","JOSELYN STREWART","$87,300","https://www.google.com/maps/place/1614+W+Market+St,+Louisville,+KY+40203/@38.257399,-85.776927,18z","https://data.louisvilleky.gov/datasets/LOJIC::louisville-metro-ky-property-foreclosures/","Active foreclosure; large commercial building visible across parking lot; Russell neighborhood",""
"1803 W Market St, Louisville, KY 40203","38.257864","-85.780038","Louisville","KY","40203","COMMERCIAL","PROBABLY VACANT","AISHA CARISSA CISSE","$14,590","https://www.google.com/maps/place/1803+W+Market+St,+Louisville,+KY+40203/@38.257864,-85.780038,18z","https://data.louisvilleky.gov/datasets/LOJIC::louisville-metro-ky-property-foreclosures/","Active foreclosure; large building on W Market St corridor; Russell neighborhood",""
"1818 W Market St, Louisville, KY 40203","38.257777","-85.780304","Louisville","KY","40203","COMMERCIAL","PROBABLY VACANT","LINDA JONES","","https://www.google.com/maps/place/1818+W+Market+St,+Louisville,+KY+40203/@38.257777,-85.780304,18z","https://data.louisvilleky.gov/datasets/LOJIC::louisville-metro-ky-property-foreclosures/","Active foreclosure; low commercial building visible in SV; Russell neighborhood",""
"2517 W Market St, Louisville, KY 40212","38.259363","-85.791897","Louisville","KY","40212","RESIDENTIAL","ABANDONED","VICTOR FLOWERS","","https://www.google.com/maps/place/2517+W+Market+St,+Louisville,+KY+40212/@38.259363,-85.791897,18z","https://data.louisvilleky.gov/datasets/LOJIC::louisville-metro-ky-property-foreclosures/","Active foreclosure; small deteriorated house with trash/debris; Russell neighborhood",""
"2620 W Kentucky St, Louisville, KY 40211","38.243260","-85.796038","Louisville","KY","40211","RESIDENTIAL","PROBABLY VACANT","KAVIN JACOB","","https://www.google.com/maps/place/2620+W+Kentucky+St,+Louisville,+KY+40211/@38.24326,-85.796038,18z","https://data.louisvilleky.gov/datasets/LOJIC::louisville-metro-ky-property-foreclosures/","Active foreclosure; small neglected house with litter on street; Parkland neighborhood",""
"2715 W Kentucky St, Louisville, KY 40211","38.243521","-85.797724","Louisville","KY","40211","RESIDENTIAL","ABANDONED","LOUISVILLE 46 LLC","","https://www.google.com/maps/place/2715+W+Kentucky+St,+Louisville,+KY+40211/@38.243521,-85.797724,18z","https://data.louisvilleky.gov/datasets/LOJIC::louisville-metro-ky-property-foreclosures/","Active foreclosure; house engulfed by overgrowth, barely visible from street; Parkland neighborhood",""
"3217 W Kentucky St, Louisville, KY 40211","38.244282","-85.806290","Louisville","KY","40211","RESIDENTIAL","PROBABLY VACANT","WILLIAM H. HARRIS JR","","https://www.google.com/maps/place/3217+W+Kentucky+St,+Louisville,+KY+40211/@38.244282,-85.80629,18z","https://data.louisvilleky.gov/datasets/LOJIC::louisville-metro-ky-property-foreclosures/","Active foreclosure; small dark-colored house appears neglected; Parkland neighborhood",""
"3414 W Kentucky St, Louisville, KY 40211","38.244461","-85.809671","Louisville","KY","40211","RESIDENTIAL","PROBABLY VACANT","CALVIN HOLLAND","","https://www.google.com/maps/place/3414+W+Kentucky+St,+Louisville,+KY+40211/@38.244461,-85.809671,18z","https://data.louisvilleky.gov/datasets/LOJIC::louisville-metro-ky-property-foreclosures/","Active foreclosure; small white house with porch; Parkland neighborhood",""
"2525 S Hale Ave, Louisville, KY 40210","38.238872","-85.794964","Louisville","KY","40210","RESIDENTIAL","PROBABLY VACANT","MICHAEL M. PERCELL","","https://www.google.com/maps/place/2525+Hale+Ave,+Louisville,+KY+40210/@38.238872,-85.794964,18z","https://data.louisvilleky.gov/datasets/LOJIC::louisville-metro-ky-property-foreclosures/","Active foreclosure; small house with overgrown yard; Park Hill neighborhood",""
"2705 S Hale Ave, Louisville, KY 40211","38.239347","-85.798363","Louisville","KY","40211","RESIDENTIAL","ABANDONED","MARK OSTRANDER","","https://www.google.com/maps/place/2705+Hale+Ave,+Louisville,+KY+40211/@38.239347,-85.798363,18z","https://data.louisvilleky.gov/datasets/LOJIC::louisville-metro-ky-property-foreclosures/","Active foreclosure; white house with boarded windows; Parkland neighborhood",""
"2121 W Madison St, Louisville, KY 40211","38.253254","-85.786192","Louisville","KY","40211","RESIDENTIAL","PROBABLY VACANT","LOUISVILLE RESTORATION HOME IMPROVEMENT","$37,070","https://www.google.com/maps/place/2121+W+Madison+St,+Louisville,+KY+40211/@38.253254,-85.786192,18z","https://data.louisvilleky.gov/datasets/LOJIC::louisville-metro-ky-property-foreclosures/","Active foreclosure; two-story brick house with overgrown yard; Russell neighborhood",""
"1547 W Ormsby Ave, Louisville, KY 40210","38.234742","-85.780737","Louisville","KY","40210","RESIDENTIAL","PROBABLY VACANT","MARY L WADE","","https://www.google.com/maps/place/1547+W+Ormsby+Ave,+Louisville,+KY+40210/@38.234742,-85.780737,18z","https://data.louisvilleky.gov/datasets/LOJIC::louisville-metro-ky-property-foreclosures/","Active foreclosure; house with overgrown yard compared to neighbors; Park Hill neighborhood",""
"1828 W Ormsby Ave, Louisville, KY 40210","38.235455","-85.788567","Louisville","KY","40210","RESIDENTIAL","PROBABLY VACANT","JTC LLC","","https://www.google.com/maps/place/1828+W+Ormsby+Ave,+Louisville,+KY+40210/@38.235455,-85.788567,18z","https://data.louisvilleky.gov/datasets/LOJIC::louisville-metro-ky-property-foreclosures/","Active foreclosure; small neglected blue-gray house; Park Hill neighborhood",""
"1736 W Oak St, Louisville, KY 40210","38.237157","-85.784416","Louisville","KY","40210","RESIDENTIAL","PROBABLY VACANT","SANDRA BOUGGESS","","https://www.google.com/maps/place/1736+W+Oak+St,+Louisville,+KY+40210/@38.237157,-85.784416,18z","https://data.louisvilleky.gov/datasets/LOJIC::louisville-metro-ky-property-foreclosures/","Active foreclosure; small house with porch; Park Hill neighborhood",""
"721 Gwendolyn St, Louisville, KY 40203","38.232905","-85.742711","Louisville","KY","40203","RESIDENTIAL","PROBABLY VACANT","MICHAEL J MEYERS","$45,250","https://www.google.com/maps/place/721+Gwendolyn+St,+Louisville,+KY+40203/@38.232905,-85.742711,18z","https://data.louisvilleky.gov/datasets/LOJIC::louisville-metro-ky-property-foreclosures/","Active foreclosure; two-story house partially hidden by trees; Shelby Park neighborhood",""
"414 Central Ave SW, Albuquerque, NM 87102","35.083360","-106.642752","Albuquerque","NM","87102","RETAIL","ABANDONED","","","https://www.google.com/maps/place/414+Central+Ave+SW,+Albuquerque,+NM+87102/@35.083360,-106.642752,17z","https://citydesk.org/2024/02/25/long-vacant-buildings-irk-officials-business-owners/","S. H. Kress Building. Art Deco department store built 1925 by S. H. Kress & Co. National Register 1984. Vacant since 1981 when parent company closed. Inherited by Anna Muller's sister after Muller died late 2020. One of downtown Albuquerque's most prominent long-vacant buildings. On Historic Route 66.",""
"800 E Mineral Rd, Phoenix, AZ 85042","33.356251","-112.062859","Phoenix","AZ","85042","RESIDENTIAL","VACANT","ROJO ADOBE HACIENDA LLC","$1,980,860","https://www.google.com/maps/place/800+E+Mineral+Rd,+Phoenix,+AZ+85042/@33.356251,-112.062859,17z","https://savingplaces.org/places/mystery-castle","Mystery Castle. 18-room handmade folk art residence built 1934-1945 by Boyce Luther Gulley for daughter Mary Lou. 8,000 sqft on 7.01 acres in South Mountain foothills. National Trust 2025 Most Endangered. Closed since 2023 after break-ins. $3.3M repairs needed. Sold 03/2026 to Rojo Adobe Hacienda LLC for $280K. FCV $1,980,860 (Tax Year 2027) per Maricopa County Assessor APN 300-71-002.",""
"5722 Hickman Rd, Des Moines, IA 50310","41.614819","-93.696460","Des Moines","IA","50310","RESTAURANT","ABANDONED","GEORGE KARAIDOS JR / KAREN K KARAIDOS","$119,000","https://www.google.com/maps/place/5722+Hickman+Rd,+Des+Moines,+IA+50310/@41.614819,-93.696460,17z","https://www.assess.co.polk.ia.us/cgi-bin/web/tt/infoqry.cgi?tt=card/card&dp=10007318002002","George the Chili King Drive-In. Iconic Des Moines restaurant since 1952, featured on Diners Drive-Ins and Dives. Closed Oct 2019 when owner George Jr. passed away. Des Moines Heritage Trust endangered list. Iconic neon sign removed 2024. Brick/masonry, 970 sqft, 0.254 acre lot. Assessed $119,000 (land $107K, bldg $12K) per Polk County 2025.",""
"1957 E Forest Ave, Detroit, MI 48207","42.361776","-83.044603","Detroit","MI","48207","COMMERCIAL","ABANDONED","SELKIRK ASSOCIATES LLC","$2,300","https://www.google.com/maps/@42.3618589,-83.044161,3a,75y,147.42h,96.79t/data=!3m7!1e1!3m5!1sA6_CdK-SesFhQ5b67uuHlg!2e0!7i16384!8i8192","","User-submitted. Abandoned commercial building in Poletown East / Chene neighborhood. Visually confirmed via Street View.",""
"1914 E Forest Ave, Detroit, MI 48207","42.361509","-83.044990","Detroit","MI","48207","COMMERCIAL","ABANDONED","","","https://www.google.com/maps/@42.3614933,-83.0451571,3a,75y,3.89h,89.23t/data=!3m7!1e1!3m5!1sPYESWLurUr1vGM8AJA7Agg!2e0!7i16384!8i8192","","User-submitted. Abandoned commercial building in Poletown East / Chene neighborhood near former Eastern United Machine Co. / Boomer Construction area. Visually confirmed via Street View.",""
"1501 E Warren Ave, Detroit, MI 48207","42.362717","-83.049192","Detroit","MI","48207","INSTITUTIONAL","ABANDONED","","","https://www.google.com/maps/@42.3633088,-83.0473372,3a,75y,350.22h,108.44t/data=!3m7!1e1!3m5!1sQVN-ybl--FCMevicbvEmrQ!2e0!7i16384!8i8192","https://historicdetroit.org/buildings/st-margaret-mary-cathlolic-church","St. Margaret Mary Catholic Church. Built 1930, architects Donaldson & Meier. Corner of Lemay and E Warren. Closed by Detroit Archdiocese 1982, sold to Hill of Calvary Missionary Baptist Church 1984. Abandoned since 2012 after arson attempt caused extensive damage. Also known as 5095 Lemay.",""
"3304 Rudd Ave, Louisville, KY 40212","38.276323","-85.801255","Louisville","KY","40212","RESIDENTIAL","PROBABLY VACANT","MULLINS INVESTMENT OF LOUISVILLE LLC","$26,950","https://www.google.com/maps/place/3304+Rudd+Ave,+Louisville,+KY+40212/@38.276323,-85.801255,18z","https://data.louisvilleky.gov/datasets/LOJIC::louisville-metro-ky-property-foreclosures/","Active foreclosure; property near highway overpass in blighted area; Portland neighborhood",""
"2208 Saint Xavier St, Louisville, KY 40212","38.265503","-85.784554","Louisville","KY","40212","RESIDENTIAL","PROBABLY VACANT","TRACI MCCAIN","$19,150","https://www.google.com/maps/place/2208+Saint+Xavier+St,+Louisville,+KY+40212/@38.265503,-85.784554,18z","https://data.louisvilleky.gov/datasets/LOJIC::louisville-metro-ky-property-foreclosures/","Active foreclosure; neglected house next to vacant lot; Portland neighborhood",""
"3326 Virginia Ave, Louisville, KY 40211","38.238822","-85.809046","Louisville","KY","40211","RESIDENTIAL","PROBABLY VACANT","JEREMIAH M HOAGLAND","","https://www.google.com/maps/place/3326+Virginia+Ave,+Louisville,+KY+40211/@38.238822,-85.809046,18z","https://data.louisvilleky.gov/datasets/LOJIC::louisville-metro-ky-property-foreclosures/","Active foreclosure; house with overgrown vegetation; Parkland neighborhood",""
"2110 W Hill St, Louisville, KY 40210","38.228870","-85.793054","Louisville","KY","40210","RESIDENTIAL","PROBABLY VACANT","STEVEN L SCOTT","","https://www.google.com/maps/place/2110+W+Hill+St,+Louisville,+KY+40210/@38.22887,-85.793054,18z","https://data.louisvilleky.gov/datasets/LOJIC::louisville-metro-ky-property-foreclosures/","Active foreclosure; small house partially hidden by trees with cluttered porch; Algonquin neighborhood",""
"2221 Osage Ave, Louisville, KY 40210","38.239431","-85.790460","Louisville","KY","40210","RESIDENTIAL","ABANDONED","TERRY G. BOWEN","$31,690","https://www.google.com/maps/place/2221+Osage+Ave,+Louisville,+KY+40210/@38.239431,-85.79046,18z","https://data.louisvilleky.gov/datasets/LOJIC::louisville-metro-ky-property-foreclosures/","Active foreclosure; two-story house with overgrown yard and chain-link fence, deteriorating; Park Hill neighborhood",""
"1816 W Lee St, Louisville, KY 40210","38.226514","-85.791367","Louisville","KY","40210","RESIDENTIAL","PROBABLY VACANT","THODORE E. MORRIS","","https://www.google.com/maps/place/1816+W+Lee+St,+Louisville,+KY+40210/@38.226514,-85.791367,18z","https://data.louisvilleky.gov/datasets/LOJIC::louisville-metro-ky-property-foreclosures/","Active foreclosure; small building on corner lot; Algonquin neighborhood",""
"2231 Griffiths Ave, Louisville, KY 40212","38.264512","-85.785499","Louisville","KY","40212","RESIDENTIAL","VACANT","LOUISVILLE & JEFFERSON COUNTY LANDBANK AUTHORITY","$32,050","https://www.google.com/maps/place/2231+Griffiths+Ave,+Louisville,+KY+40212/@38.264512,-85.785499,18z","https://data.louisvilleky.gov/datasets/LOJIC::landbank-parcels/","Landbank-owned; small white house; improvement value $32,050; Portland neighborhood",""
"511 N 17th St, Louisville, KY 40203","38.262434","-85.777265","Louisville","KY","40203","RESIDENTIAL","VACANT","LOUISVILLE & JEFFERSON COUNTY LANDBANK AUTHORITY","$37,110","https://www.google.com/maps/place/511+N+17th+St,+Louisville,+KY+40203/@38.262434,-85.777265,18z","https://data.louisvilleky.gov/datasets/LOJIC::landbank-parcels/","Landbank-owned; house visible in SV; improvement value $37,110; Portland neighborhood",""
"2413 Eddy St, Louisville, KY 40212","38.255971","-85.793930","Louisville","KY","40212","RESIDENTIAL","PROBABLY VACANT","LOUISVILLE & JEFFERSON COUNTY LANDBANK AUTHORITY","$6,090","https://www.google.com/maps/place/2413+Eddy+St,+Louisville,+KY+40212/@38.255971,-85.79393,18z","https://data.louisvilleky.gov/datasets/LOJIC::landbank-parcels/","Landbank-owned; heavily overgrown property with building partially visible through trees; Russell neighborhood",""
"2410 Saint Xavier St, Louisville, KY 40212","38.266579","-85.787576","Louisville","KY","40212","RESIDENTIAL","VACANT","LOUISVILLE & JEFFERSON COUNTY LANDBANK AUTHORITY","$19,550","https://www.google.com/maps/place/2410+Saint+Xavier+St,+Louisville,+KY+40212/@38.266579,-85.787576,18z","https://data.louisvilleky.gov/datasets/LOJIC::landbank-parcels/","Landbank-owned; small house visible in SV; improvement value $19,550; Portland neighborhood",""
"1462 S 12th St, Louisville, KY 40210","38.228082","-85.775123","Louisville","KY","40210","RESIDENTIAL","PROBABLY VACANT","LOUISVILLE & JEFFERSON COUNTY LANDBANK AUTHORITY","$9,660","https://www.google.com/maps/place/1462+S+12th+St,+Louisville,+KY+40210/@38.228082,-85.775123,18z","https://data.louisvilleky.gov/datasets/LOJIC::landbank-parcels/","Landbank-owned; house visible on residential street; improvement value $9,660; Taylor Berry neighborhood",""
"521 N 19th St, Louisville, KY 40203","38.264872","-85.780093","Louisville","KY","40203","RESIDENTIAL","VACANT","LOUISVILLE & JEFFERSON COUNTY LANDBANK AUTHORITY","$17,200","https://www.google.com/maps/place/521+N+19th+St,+Louisville,+KY+40203/@38.264872,-85.780093,18z","https://data.louisvilleky.gov/datasets/LOJIC::landbank-parcels/","Landbank-owned; small house at intersection; improvement value $17,200; Portland neighborhood",""
"618 S 31st St, Louisville, KY 40211","38.253167","-85.802765","Louisville","KY","40211","INDUSTRIAL","VACANT","LOUISVILLE & JEFFERSON COUNTY LANDBANK AUTHORITY","$16,720","https://www.google.com/maps/place/618+S+31st+St,+Louisville,+KY+40211/@38.253167,-85.802765,18z","https://data.louisvilleky.gov/datasets/LOJIC::landbank-parcels/","Landbank-owned; industrial/warehouse building near railroad; improvement value $16,720; Russell neighborhood",""
"3311 W State St, Boise, ID 83703","43.636589","-116.230358","Boise","ID","83703","INSTITUTIONAL","VACANT","STATE OF IDAHO (ITD GENERAL SERVICES)","","https://www.google.com/maps/place/3311+W+State+St,+Boise,+ID+83703/@43.636589,-116.230358,17z","https://idahocapitalsun.com/2024/12/19/renovations-to-itds-boise-hq-will-cost-at-least-64m-not-32m-new-report-shows/","Idaho Transportation Department former headquarters. Built 1961, 45-acre state-owned campus. Flooded Jan 2, 2022; contaminated with asbestos and mold. All employees displaced. Vacant since 2022. $64-69M renovation estimate; Legislature funded $42.1M so far. Assessed $0 (state-owned, tax exempt) per Ada County Assessor parcel R3786000159.",""
"68 Pearl St, Burlington, VT 05401","44.480373","-73.216709","Burlington","VT","05401","RESTAURANT","VACANT","68 PEARL STREET LLC","$361,300","https://www.google.com/maps/place/68+Pearl+St,+Burlington,+VT+05401/@44.480373,-73.216709,17z","https://property.burlingtonvt.gov/Details/?rsn=12489","Former Bove's restaurant. Iconic Burlington Italian restaurant since 1941, closed Dec 2015 after 75 years. Officially registered as Vacant Building since 2019 per city permits. Boarded up, graffiti-covered. Condition: Fair, 69.95% depreciation. 5,838 sqft retail w/ apartments, 4,416 sqft lot. Owner (Bove family via LLC) proposed hotel/housing redevelopment but no progress. Assessed $361,300 (bldg $153K, land $208K) per Burlington Assessor 2025.",""
"270 Loudon Rd, Concord, NH 03301","43.222858","-71.492344","Concord","NH","03301","RETAIL","VACANT","ONYX STEEPLEGATE CONCORD LLC","$12,599,900","https://www.google.com/maps/place/270+Loudon+Rd,+Concord,+NH+03301/@43.222858,-71.492344,17z","https://gis.vgsi.com/concordnh/Parcel.aspx?pid=9470","Steeplegate Mall. Enclosed shopping mall built 1990, 8 buildings. Sold Oct 2023 to Onyx Partners (Needham MA) for $18.18M. All tenants evicted Jan 2024 for planned demolition/redevelopment (625 apartments + Costco). Demolition stalled by JCPenney lease lawsuit. Mall shuttered and vacant. Was Concord's largest taxpayer at $72M assessed (2010). Now $12.6M. Assessed $12,599,900 (bldg $3.5M, land $9M) per Concord Assessor 2025.",""
"2008 E 30th St, Kansas City, MO 64109","39.071900","-94.559180","Kansas City","MO","64109","RESIDENTIAL","ABANDONED","BYERS JULIE J","$87,530","https://www.google.com/maps/place/2008+E+30th+St,+Kansas+City,+MO+64109/@39.0719,-94.55918,18z","https://data.kcmo.org/Neighborhoods/Dangerous-Buildings-List/ax3m-jhxx","Dangerous building case 2025-00350 filed Dec 2025; deteriorating house with overgrown yard",""
"3300 E Linwood Blvd, Kansas City, MO 64128","39.067770","-94.544780","Kansas City","MO","64128","RESIDENTIAL","ABANDONED","ASAP HOLDINGS LLC","$158,000","https://www.google.com/maps/place/3300+E+Linwood+Blvd,+Kansas+City,+MO+64128/@39.06777,-94.54478,18z","https://data.kcmo.org/Neighborhoods/Dangerous-Buildings-List/ax3m-jhxx","Dangerous building case 2025-00347 filed Dec 2025; large multi-story brick apartment building with boarded windows and deteriorating facade",""
"3506 College Ave, Kansas City, MO 64128","39.062070","-94.545160","Kansas City","MO","64128","RESIDENTIAL","ABANDONED","KINDLE KARLOS","$37,120","https://www.google.com/maps/place/3506+College+Ave,+Kansas+City,+MO+64128/@39.06207,-94.54516,18z","https://data.kcmo.org/Neighborhoods/Dangerous-Buildings-List/ax3m-jhxx","Dangerous building case 2025-00091 filed Mar 2025; deteriorated houses with debris visible",""
"3314 E 12th St, Kansas City, MO 64127","39.098540","-94.542620","Kansas City","MO","64127","COMMERCIAL","ABANDONED","GARBISON ERIC T & JODI S","$92,120","https://www.google.com/maps/place/3314+E+12th+St,+Kansas+City,+MO+64127/@39.09854,-94.54262,18z","https://data.kcmo.org/Neighborhoods/Dangerous-Buildings-List/ax3m-jhxx","Dangerous building case 2022-00290 filed Dec 2022; large multi-story brick commercial building",""
"2912 Prospect Ave, Kansas City, MO 64128","39.072950","-94.552670","Kansas City","MO","64128","COMMERCIAL","ABANDONED","REAL ESTATES TRAV LLC","$170,500","https://www.google.com/maps/place/2912+Prospect+Ave,+Kansas+City,+MO+64128/@39.07295,-94.55267,18z","https://data.kcmo.org/Neighborhoods/Dangerous-Buildings-List/ax3m-jhxx","Dangerous building case 2025-00051 filed Feb 2025; multi-story brick building on Prospect Ave commercial corridor",""
"1601 E Linwood Blvd, Kansas City, MO 64109","39.068420","-94.564090","Kansas City","MO","64109","RESIDENTIAL","ABANDONED","LINVISTA FLATS LLC","$160,600","https://www.google.com/maps/place/1601+E+Linwood+Blvd,+Kansas+City,+MO+64109/@39.06842,-94.56409,18z","https://data.kcmo.org/Neighborhoods/Dangerous-Buildings-List/ax3m-jhxx","Dangerous building case 2024-00262 filed Nov 2024; large multi-story vacant apartment/institutional building on Linwood Blvd",""
"3120 Highland Ave, Kansas City, MO 64109","39.069420","-94.563280","Kansas City","MO","64109","RESIDENTIAL","PROBABLY VACANT","BISHOP RICKEY E","$62,990","https://www.google.com/maps/place/3120+Highland+Ave,+Kansas+City,+MO+64109/@39.06942,-94.56328,18z","https://data.kcmo.org/Neighborhoods/Dangerous-Buildings-List/ax3m-jhxx","Dangerous building case 2025-00356 filed Dec 2025; white house on residential street",""
"2459 Chestnut Ave, Kansas City, MO 64127","39.080840","-94.549970","Kansas City","MO","64127","RESIDENTIAL","PROBABLY VACANT","DAMASCUS BAPTIST CHURCH","$32,500","https://www.google.com/maps/place/2459+Chestnut+Ave,+Kansas+City,+MO+64127/@39.08084,-94.54997,18z","https://data.kcmo.org/Neighborhoods/Dangerous-Buildings-List/ax3m-jhxx","Dangerous building case 2025-00035 filed Feb 2025; older house in neglected area",""
"4023 South Benton Ave, Kansas City, MO 64130","39.052420","-94.550280","Kansas City","MO","64130","RESIDENTIAL","PROBABLY VACANT","MSA ENTERPRISES LLC","$63,000","https://www.google.com/maps/place/4023+S+Benton+Ave,+Kansas+City,+MO+64130/@39.05242,-94.55028,18z","https://data.kcmo.org/Neighborhoods/Dangerous-Buildings-List/ax3m-jhxx","Dangerous building case 2026-00004 filed Jan 2026; house on residential street",""
"3808 Central St, Kansas City, MO 64111","39.058080","-94.589460","Kansas City","MO","64111","RESIDENTIAL","PROBABLY VACANT","FOUR PEAKS INVESTMENTS LLC","$250,000","https://www.google.com/maps/place/3808+Central+St,+Kansas+City,+MO+64111/@39.05808,-94.58946,18z","https://data.kcmo.org/Neighborhoods/Dangerous-Buildings-List/ax3m-jhxx","Dangerous building case 2025-00344 filed Dec 2025; multi-story apartment building",""
"2331 Hardesty Ave, Kansas City, MO 64127","39.082060","-94.519950","Kansas City","MO","64127","RESIDENTIAL","PROBABLY VACANT","NOSAK GROUP LLC","$38,220","https://www.google.com/maps/place/2331+Hardesty+Ave,+Kansas+City,+MO+64127/@39.08206,-94.51995,18z","https://data.kcmo.org/Neighborhoods/Dangerous-Buildings-List/ax3m-jhxx","Dangerous building case 2025-00345 filed Dec 2025; run-down houses along street",""
"3224 Lister Ave, Kansas City, MO 64128","39.066100","-94.528920","Kansas City","MO","64128","RESIDENTIAL","PROBABLY VACANT","770 HOLDINGS LLC","$44,260","https://www.google.com/maps/place/3224+Lister+Ave,+Kansas+City,+MO+64128/@39.0661,-94.52892,18z","https://data.kcmo.org/Neighborhoods/Dangerous-Buildings-List/ax3m-jhxx","Dangerous building case 2026-00002 filed Jan 2026; residential area",""
"5632 E 11th St, Kansas City, MO 64127","39.098850","-94.515220","Kansas City","MO","64127","RESIDENTIAL","PROBABLY VACANT","MORTON BARRY","$24,210","https://www.google.com/maps/place/5632+E+11th+St,+Kansas+City,+MO+64127/@39.09885,-94.51522,18z","https://data.kcmo.org/Neighborhoods/Dangerous-Buildings-List/ax3m-jhxx","Dangerous building case 2026-00003 filed Jan 2026; small neglected house",""
"2833 Wabash Ave, Kansas City, MO 64109","39.074090","-94.553770","Kansas City","MO","64109","RESIDENTIAL","PROBABLY VACANT","GREEN CURTIS EDWARD & GREEN CLARENCE WILLIAM","$152,080","https://www.google.com/maps/place/2833+Wabash+Ave,+Kansas+City,+MO+64109/@39.07409,-94.55377,18z","https://data.kcmo.org/Neighborhoods/Dangerous-Buildings-List/ax3m-jhxx","Dangerous building case 2025-00348 filed Dec 2025; house on dead-end street",""
"2526 Denver Ave, Kansas City, MO 64127","39.078920","-94.522430","Kansas City","MO","64127","RESIDENTIAL","PROBABLY VACANT","MILLER FELICIA","$26,920","https://www.google.com/maps/place/2526+Denver+Ave,+Kansas+City,+MO+64127/@39.07892,-94.52243,18z","https://data.kcmo.org/Neighborhoods/Dangerous-Buildings-List/ax3m-jhxx","Dangerous building case 2025-00358 filed Dec 2025; older house in residential area",""
"607 Hardesty Ave, Kansas City, MO 64124","39.103080","-94.518930","Kansas City","MO","64124","COMMERCIAL","PROBABLY VACANT","PLANNED INDUSTRIAL EXPANSION AUTH OF KC","$661,300","https://www.google.com/maps/place/607+Hardesty+Ave,+Kansas+City,+MO+64124/@39.10308,-94.51893,18z","https://data.kcmo.org/Neighborhoods/Dangerous-Buildings-List/ax3m-jhxx","Dangerous building case 2024-00197 filed Aug 2024; large commercial/industrial building Update Apr 2026: Part of 22-acre Hardesty Federal Complex. Groundbreaking held for Historic Northeast campus renovation.",""
"2635 Cypress Ave, Kansas City, MO 64127","39.076820","-94.530910","Kansas City","MO","64127","RESIDENTIAL","PROBABLY VACANT","DE LEON-ROBLES ADELA","$29,380","https://www.google.com/maps/place/2635+Cypress+Ave,+Kansas+City,+MO+64127/@39.07682,-94.53091,18z","https://data.kcmo.org/Neighborhoods/Dangerous-Buildings-List/ax3m-jhxx","Dangerous building case 2025-00151 filed May 2025; house in older neighborhood",""
"1200 Paseo, Kansas City, MO 64106","39.098910","-94.564610","Kansas City","MO","64106","RESIDENTIAL","PROBABLY VACANT","PLANNED INDUSTRIAL EXPANSION AUTHORITY OF KC MO","$264,600","https://www.google.com/maps/place/1200+Paseo,+Kansas+City,+MO+64106/@39.09891,-94.56461,18z","https://data.kcmo.org/Neighborhoods/Dangerous-Buildings-List/ax3m-jhxx","Dangerous building case 2025-00339 filed Dec 2025; large brick apartment building on The Paseo",""
"5524 Eastern Ave, Kansas City, MO 64129","39.023840","-94.499640","Kansas City","MO","64129","RESIDENTIAL","PROBABLY VACANT","REED DOROTHY","$86,120","https://www.google.com/maps/place/5524+Eastern+Ave,+Kansas+City,+MO+64129/@39.02384,-94.49964,18z","https://data.kcmo.org/Neighborhoods/Dangerous-Buildings-List/ax3m-jhxx","Dangerous building case 2022-00273 filed Nov 2022; small house in sparse residential area",""
"702 Ditman Ave, Kansas City, MO 64125","39.101810","-94.480770","Kansas City","MO","64125","RESIDENTIAL","PROBABLY VACANT","WILLIAMS CHARLES","$44,120","https://www.google.com/maps/place/702+Ditman+Ave,+Kansas+City,+MO+64125/@39.10181,-94.48077,18z","https://data.kcmo.org/Neighborhoods/Dangerous-Buildings-List/ax3m-jhxx","Dangerous building case 2025-00269 filed Oct 2025; residential area with debris visible",""
"130 Larimer Ave, Pittsburgh, PA 15206","40.462582","-79.918068","Pittsburgh","PA","15206","INSTITUTIONAL","CONDEMNED","EAST LIBERTY DEVELOPMENT INCORPORATED","$11,300","https://www.google.com/maps/@40.4629664,-79.9181942,3a,75y,160.96h,90t/data=!3m7!1e1!3m5!1sc98Si6uNMuotaQNQZsOvHQ!2e0!6shttps:%2F%2Fstreetviewpixels-pa.googleapis.com%2Fv1%2Fthumbnail%3Fcb_client%3Dmaps_sv.tactile%26w%3D900%26h%3D600%26pitch%3D0%26panoid%3Dc98Si6uNMuotaQNQZsOvHQ%26yaw%3D160.96457!7i16384!8i8192","https://data.wprdc.org/dataset/condemned-properties","Sts. Peter and Paul Church. Built 1909. Closed 1997. Gothic Revival. Featured in film Dogma. Under conservatorship by ELDI.","HUMAN CONFIRMED"
"7310 Frankstown Ave, Pittsburgh, PA 15208","40.456945","-79.893506","Pittsburgh","PA","15208","COMMERCIAL","ABANDONED","URBAN REDEVELOPMENT AUTHORITY OF PITTSBURGH","$374,700","https://www.google.com/maps/@40.456945,-79.893506,3a,75y,0h,90t","https://www.ura.org/pages/greater-pittsburgh-coliseum","Greater Pittsburgh Coliseum. Former 1890s trolley car barn. URA-owned since 2018. Doors boarded. Redevelopment plans stalled.","HUMAN CONFIRMED"
"1109 E Carson St, Pittsburgh, PA 15203","40.428932","-79.987073","Pittsburgh","PA","15203","MIXED USE","CONDEMNED","PATN HOLDINGS LLC","$355,500","https://www.google.com/maps/@40.428932,-79.987073,3a,75y,0h,90t","https://data.wprdc.org/dataset/condemned-properties","Condemned since 2021. South Side commercial strip. Retail with apartments above.",""
"2223 Murray Ave, Pittsburgh, PA 15217","40.432221","-79.923085","Pittsburgh","PA","15217","RETAIL","VACANT","IRVIN GREENBERG","$335,000","https://www.google.com/maps/@40.432221,-79.923085,3a,75y,0h,90t","https://nextpittsburgh.com/features/the-9-most-inexplicably-empty-buildings-in-pittsburgh/","Former Greenbergs Kosher Poultry. Vacant ~20 years on busy Squirrel Hill commercial strip.",""
"1925 E Carson St, Pittsburgh, PA 15203","40.428897","-79.978091","Pittsburgh","PA","15203","MIXED USE","CONDEMNED","RSP PITTSBURGH INC","$291,800","https://www.google.com/maps/@40.428897,-79.978091,3a,75y,0h,90t","https://data.wprdc.org/dataset/condemned-properties","Condemned since 2023. South Side commercial corridor. Retail with apartments above.",""
"1705 E Carson St, Pittsburgh, PA 15203","40.429124","-79.981724","Pittsburgh","PA","15203","MIXED USE","CONDEMNED","EDWARDS FAMILY PARTNERSHIP LP","$282,000","https://www.google.com/maps/@40.429124,-79.981724,3a,75y,0h,90t","https://data.wprdc.org/dataset/condemned-properties","Condemned Dec 2025. South Side commercial corridor. Retail with apartments above.",""
"4921 Penn Ave, Pittsburgh, PA 15224","40.465419","-79.944379","Pittsburgh","PA","15224","MIXED USE","CONDEMNED","FREEMAN DANIEL W","$172,500","https://www.google.com/maps/@40.465419,-79.944379,3a,75y,0h,90t","https://data.wprdc.org/dataset/condemned-properties","Condemned. Penn Ave commercial corridor in Garfield. Retail with apartments above.",""
"3404 Penn Ave, Pittsburgh, PA 15201","40.463232","-79.966235","Pittsburgh","PA","15201","MIXED USE","VACANT","SIXTH WARD FLATS LP","$132,400","https://www.google.com/maps/@40.463232,-79.966235,3a,75y,0h,90t","https://nextpittsburgh.com/features/the-9-most-inexplicably-empty-buildings-in-pittsburgh/","Doughboy Square Lawrenceville. Boarded up commercial building at prominent neighborhood entrance. Vacant as of 2024.",""
"2546 Brownsville Rd, Pittsburgh, PA 15210","40.385637","-79.979126","Pittsburgh","PA","15210","MIXED USE","CONDEMNED","SHERRYS FAMILT MARKET LLC","$115,200","https://www.google.com/maps/@40.385637,-79.979126,3a,75y,0h,90t","https://data.wprdc.org/dataset/condemned-properties","Condemned since 2020. Former Sherrys Market. Retail with apartments above. Carrick neighborhood.",""
"2164 Centre Ave, Pittsburgh, PA 15219","40.445036","-79.976653","Pittsburgh","PA","15219","MIXED USE","CONDEMNED","E J PURPOSE LLC","$96,900","https://www.google.com/maps/@40.445036,-79.976653,3a,75y,0h,90t","https://data.wprdc.org/dataset/condemned-properties","Condemned since 2020. Centre Ave commercial corridor in Middle Hill District. Retail with apartments above.",""
"1523 W Carson St, Pittsburgh, PA 15219","40.441602","-80.022016","Pittsburgh","PA","15219","COMMERCIAL","CONDEMNED","WEST CARSON ASSOCIATES INC","$90,200","https://www.google.com/maps/@40.441602,-80.022016,3a,75y,0h,90t","https://data.wprdc.org/dataset/condemned-properties","Condemned since 2023. Commercial garage on Carson St. South Shore neighborhood.",""
"1138 Brownsville Rd, Pittsburgh, PA 15210","40.404306","-79.990738","Pittsburgh","PA","15210","COMMERCIAL OFFICE","CONDEMNED","WEBCOR INC","$72,000","https://www.google.com/maps/@40.404306,-79.990738,3a,75y,0h,90t","https://data.wprdc.org/dataset/condemned-properties","Condemned since 2024. Office with apartments over. Carrick neighborhood.",""
"4125 Butler St, Pittsburgh, PA 15201","40.470172","-79.960906","Pittsburgh","PA","15201","MIXED USE","CONDEMNED","YANG XING RONG","$63,100","https://www.google.com/maps/@40.470172,-79.960906,3a,75y,0h,90t","https://data.wprdc.org/dataset/condemned-properties","Condemned. Butler St commercial corridor in Central Lawrenceville. Retail with apartments above.",""
"4073 Liberty Ave, Pittsburgh, PA 15224","40.463556","-79.954419","Pittsburgh","PA","15224","WAREHOUSE","CONDEMNED","LIPSOSS CORP CONSTRUCTORS","$50,000","https://www.google.com/maps/@40.463556,-79.954419,3a,75y,0h,90t","https://data.wprdc.org/dataset/condemned-properties","Condemned since 2020. Industrial warehouse on Liberty Ave. Bloomfield neighborhood.",""
"7313 Frankstown Ave, Pittsburgh, PA 15208","40.456945","-79.893506","Pittsburgh","PA","15208","COMMERCIAL","CONDEMNED","ANGELL BOLEN VETERAN ASSN INC","$38,100","https://www.google.com/maps/@40.456945,-79.893506,3a,75y,0h,90t","https://data.wprdc.org/dataset/condemned-properties","Condemned since 2024. Veterans lodge/hall. Frankstown Ave corridor in Homewood North.","HUMAN CONFIRMED"
"5009 Penn Ave, Pittsburgh, PA 15224","40.465311","-79.943611","Pittsburgh","PA","15224","COMMERCIAL","CONDEMNED","NICOH LLC","$28,500","https://www.google.com/maps/@40.465311,-79.943611,3a,75y,0h,90t","https://data.wprdc.org/dataset/condemned-properties","Condemned since 2020. Commercial auxiliary building on Penn Ave in Garfield.",""
"5011 Penn Ave, Pittsburgh, PA 15224","40.465301","-79.943545","Pittsburgh","PA","15224","MIXED USE","CONDEMNED","SOPHIA DORIS LLC","$27,500","https://www.google.com/maps/@40.465301,-79.943545,3a,75y,0h,90t","https://data.wprdc.org/dataset/condemned-properties","Condemned since 2020. Retail with apartments above on Penn Ave in Garfield.",""
"300 W F St, Casper, WY 82601","42.857322","-106.328020","Casper","WY","82601","HOSPITALITY","CONDEMNED","F STREET REHAB LLC","","https://www.google.com/maps/place/300+W+F+St,+Casper,+WY+82601/@42.857322,-106.328020,17z","https://oilcity.news/community/2023/06/29/photos-casper-hotel-condemned-after-sweep-reveals-flooding-squatters-%EF%BF%BC/","Former Econo Lodge motel. Built 1964, 123,115 sqft, 200 rooms, 5.77 acres. Closed after pipes burst and flooding Nov 2022. City condemned Jun 2023 after sweep found squatters and severe damage. 200+ squatters caused millions in damage; 500 lbs of human waste reported. Boarded up. Purchased by F Street Rehab LLC (Sheridan WY) for planned rehabilitation as Riverside Hotel & Conference Center. Parcel 33790420100600 per Natrona County Assessor.",""
"2747 Boulevard Plz, Wichita, KS 67211","37.670957","-97.305227","Wichita","KS","67211","RETAIL","ABANDONED","BOULEVARD PLAZA LLC","$331,000","https://www.google.com/maps/place/2747+Boulevard+Plz,+Wichita,+KS+67211/@37.670957,-97.305227,17z","https://ssc.sedgwickcounty.org/propertytax/realproperty.aspx?pin=30015144","Boulevard Plaza Shopping Center. Opened 1951, designed by architect S.S. Platt. Community shopping hub for decades. Shuttered ~2019. Renovation attempt stalled by stop-work order for missing permits; further damaged by vandalism. Three outer buildings auctioned Mar 2023. Economic Class D+ (poor condition). 10,676 sqft retail, 0.62 acres. Appraised $331,000 per Sedgwick County 2026. PIN 30015144.",""
"899 Fremont St, Las Vegas, NV 89101","36.167270","-115.136197","Las Vegas","NV","89101","HOSPITALITY","VACANT","899 FREMONT L L C","$7,739,480","https://www.google.com/maps/place/899+Fremont+St,+Las+Vegas,+NV+89101/@36.167270,-115.136197,17z","https://maps.clarkcountynv.gov/assessor/AssessorParcelDetail/parceldetail.aspx?hdnParcel=13934612056","Western Hotel & Casino. Built 1970, casino/hotel on 1.36 acres with 300 ft Fremont St frontage. Closed Jan 2012. Hotel portion demolished 2013; casino building still standing. Purchased Mar 2013 by Tony Hsieh's Downtown Project for $14M (multi-parcel). Estate (via 899 Fremont LLC) marketing for sale since Mar 2024 via Logic Commercial Real Estate. Taxable value $7,739,480 (assessed $2,708,818 at 35%) per Clark County Assessor FY2026-27. Parcel 139-34-612-056.",""
"600 Exchange Rd, Ogden, UT 84401","41.226605","-111.996304","Ogden","UT","84401","COMMERCIAL","ABANDONED","OGDEN CITY REDEVELOPMENT AGENCY","$799,634","https://www.google.com/maps/place/600+Exchange+Rd,+Ogden,+UT+84401/@41.226605,-111.996304,17z","https://webercountyutah.gov/parcelsearch/current-taxes.php?id=141390002","Ogden Union Stockyard Exchange Building. Art Deco landmark designed by Leslie S. Hodgson, completed 1931. Features cast stone livestock heads (bulls, sheep, hogs) and geometric brick pilasters. 15,280 sqft, 1.81 acres. Long vacant. Purchased by Ogden City 2013; deterioration accelerated since. Preservation Utah 2025 Most Endangered list. City RFP for redevelopment Sep 2024 received no feasible submissions. At risk of demolition per Jan 2025 Landmarks Commission. Market value $799,634 (tax exempt, govt-owned) per Weber County 2025. Parcel 141390002.",""
"477 Congress St, Portland, ME 04101","43.657018","-70.259804","Portland","ME","04101","COMMERCIAL OFFICE","VACANT","TT MAINE VENTURE LLC","$5,148,100","https://www.google.com/maps/place/477+Congress+St,+Portland,+ME+04101/@43.657018,-70.259804,17z","https://assessors.portlandmaine.gov/Datalets/Datalet.aspx?sIndex=0&idx=1","Time & Temperature Building (Chapman Building). 12-story office building completed 1924 by architect John Calvin Stevens. Iconic rooftop time/temperature sign. Multi-use commercial (Land Use Code 27). 13,837 SF lot, 0.3177 acres. Owned by TT Maine Venture LLC (Dallas TX) since Dec 2018. Mostly vacant; several redevelopment plans have stalled over the years. Assessed $5,148,100 (land $1,434,700, bldg $3,713,400) per Portland ME Assessor 2026. Parcel 037 F022001.",""
"40 E Broadway St, Butte, MT 59701","46.013736","-112.534828","Butte","MT","59701","COMMERCIAL OFFICE","VACANT","BIG SKY OPPORTUNITY FUND LLC","$892,200","https://www.google.com/maps/place/40+E+Broadway+St,+Butte,+MT+59701/@46.013736,-112.534828,17z","https://itax.tylertech.com/ButteSilverBowMT/detail.aspx?taxid=0002784840","Former NorthWestern Energy headquarters. Five conjoined office buildings, low-rise (1-4 stories). 14,615 sqft lot, 0.34 acres. NorthWestern relocated to new $25M office building in Butte. Purchased Jun 2022 by Big Sky Opportunity Fund LLC via instrument #724855. Developer abandoned efforts to find tenants. Market value $892,200 (taxable $14,900) per Butte-Silver Bow County 2025. Geo Code 01-1197-13-1-15-23-0000.",""
"403 Larimer Ave, Pittsburgh, PA 15206","40.464882","-79.915268","Pittsburgh","PA","15206","RESIDENTIAL","ABANDONED","","$28,500","https://www.google.com/maps/@40.4648774,-79.9152143,3a,75y,319.29h,90t/data=!3m7!1e1!3m5!1sbAGhD4TORbnzwR4UpZzc4g!2e0!6shttps:%2F%2Fstreetviewpixels-pa.googleapis.com%2Fv1%2Fthumbnail%3Fcb_client%3Dmaps_sv.tactile%26w%3D900%26h%3D600%26pitch%3D0%26panoid%3DbAGhD4TORbnzwR4UpZzc4g%26yaw%3D319.2865!7i16384!8i8192","https://data.wprdc.org/dataset/property-assessments","Larimer neighborhood. Visually confirmed abandoned via Street View.","HUMAN CONFIRMED"
"601 Lincoln Ave, Pittsburgh, PA 15206","40.461661","-79.907813","Pittsburgh","PA","15206","MIXED USE","CONDEMNED","EPPS LEE","$38,300","https://www.google.com/maps/@40.4616614,-79.9078131,3a,75y,90h,90t/data=!3m7!1e1!3m5!1shIK9TdZirI_3AkNNoZYfNw!2e0!6shttps:%2F%2Fstreetviewpixels-pa.googleapis.com%2Fv1%2Fthumbnail%3Fcb_client%3Dmaps_sv.tactile%26w%3D900%26h%3D600%26pitch%3D0%26panoid%3DhIK9TdZirI_3AkNNoZYfNw%26yaw%3D90!7i16384!8i8192","https://data.wprdc.org/dataset/condemned-properties","Condemned. Retail with apartments above. Larimer neighborhood.","HUMAN CONFIRMED"
"6500 Hamilton Ave, Pittsburgh, PA 15206","40.459145","-79.913970","Pittsburgh","PA","15206","WAREHOUSE","ABANDONED","CORPORATION","$601,000","https://www.google.com/maps/@40.4591446,-79.9139695,3a,75y,90h,90t/data=!3m7!1e1!3m5!1sAdo1rPnTZsvTJ6vvV5ZaWA!2e0!6shttps:%2F%2Fstreetviewpixels-pa.googleapis.com%2Fv1%2Fthumbnail%3Fcb_client%3Dmaps_sv.tactile%26w%3D900%26h%3D600%26pitch%3D0%26panoid%3DAdo1rPnTZsvTJ6vvV5ZaWA%26yaw%3D90!7i16384!8i8192","https://data.wprdc.org/dataset/property-assessments","Industrial warehouse. Assessed at $601K. Larimer/Homewood area.","HUMAN CONFIRMED"
"6526 Hamilton Ave, Pittsburgh, PA 15206","40.458934","-79.913434","Pittsburgh","PA","15206","WAREHOUSE","ABANDONED","CORPORATION","$262,200","https://www.google.com/maps/@40.4589343,-79.9134338,3a,75y,90h,90t/data=!3m7!1e1!3m5!1sZDO8Q_IYJ4Sl60PFw2qYCw!2e0!6shttps:%2F%2Fstreetviewpixels-pa.googleapis.com%2Fv1%2Fthumbnail%3Fcb_client%3Dmaps_sv.tactile%26w%3D900%26h%3D600%26pitch%3D0%26panoid%3DZDO8Q_IYJ4Sl60PFw2qYCw%26yaw%3D90!7i16384!8i8192","https://data.wprdc.org/dataset/property-assessments","Industrial warehouse. Assessed at $262.2K. Adjacent to 6500 Hamilton Ave.","HUMAN CONFIRMED"
"2505 Pennsylvania Ave, Wilmington, DE 19806","39.760173","-75.574822","Wilmington","DE","19806","RESIDENTIAL","VACANT","WILMINGTON NEIGHBORHOOD CONSERVANCY LAND BANK CORP","$672,200","https://www.google.com/maps/place/2505+Pennsylvania+Ave,+Wilmington,+DE+19806/@39.760173,-75.574822,17z","https://www3.newcastlede.gov/parcel/Details/Default.aspx?ParcelKey=156805","Gibraltar mansion. Grand 3-story stone mansion built 1844 by industrialist Joseph Shipley. Named for its commanding hilltop position. 7,000+ sqft on 1.86 acres. National Register of Historic Places 1976. Served as Delaware Governor's mansion 1963-1965. Vacant and deteriorating for years; roof damage, overgrown grounds. Transferred to Wilmington Land Bank. Assessed $672,200 (tax exempt, land bank-owned) per New Castle County 2025. Parcel 2601220004.",""
"123 1st St SW, Minot, ND 58701","48.235157","-101.294484","Minot","ND","58701","COMMERCIAL OFFICE","VACANT","BIG M MINOT LLC","$14,700,000","https://www.google.com/maps/place/123+1st+St+SW,+Minot,+ND+58701/@48.235157,-101.294484,17z","https://minot.northdakotaassessors.com/parcel/cbf4c5aeedfe445ef117a4a6fe4651cf","Big M Building (former Midwest Federal Savings Bank). 8-story office high-rise with basement and sub-basement, built 1962. Steel frame, structural glass-tinted exterior. 70,890 sqft gross building area, 10,948 sqft lot (0.251 acres). Iconic rooftop 'M' sign. Opened as Minot Federal Bank 1963. Shuttered for years. Purchased Dec 2021 by Big M Minot LLC (tied to EPIC Companies) for $525,000. EPIC went bankrupt 2024; construction stopped, 2024 taxes unpaid. City hired outside attorneys to address the building Feb 2026. Zoning C3/Central Business, Renaissance Zone. Assessed $14,700,000 (land $77K, improvement $14.6M) per Minot City Assessor. Parcel MI24.238.060.0150.",""
"1621 Cambridge Ave, Kansas City, MO 64126","39.091473","-94.502248","Kansas City","MO","64126","RESIDENTIAL","PROBABLY VACANT","BISHOP JARRED R","$37,550","https://www.google.com/maps/place/1621+Cambridge+Ave,+Kansas+City,+MO+64126/@39.091473,-94.502248,18z","https://data.kcmo.org/Neighborhoods/Dangerous-Buildings-List/ax3m-jhxx","Dangerous building case 2025-00036 filed Feb 2025; older house on residential street",""
"2535 Montgall Ave, Kansas City, MO 64127","39.080034","-94.551071","Kansas City","MO","64127","RESIDENTIAL","PROBABLY VACANT","WHITE DAWN A","$4,840","https://www.google.com/maps/place/2535+Montgall+Ave,+Kansas+City,+MO+64127/@39.080034,-94.551071,18z","https://data.kcmo.org/Neighborhoods/Dangerous-Buildings-List/ax3m-jhxx","Dangerous building case 2025-00293 filed Oct 2025; house with visible deterioration",""
"2313 Askew Ave, Kansas City, MO 64127","39.083749","-94.540445","Kansas City","MO","64127","RESIDENTIAL","PROBABLY VACANT","FUENTES ROMERO JULIO SANTOS","$20,220","https://www.google.com/maps/place/2313+Askew+Ave,+Kansas+City,+MO+64127/@39.083749,-94.540445,18z","https://data.kcmo.org/Neighborhoods/Dangerous-Buildings-List/ax3m-jhxx","Dangerous building case 2022-00209 filed Oct 2022; run-down house in pre-bid demolition process",""
"7409 E 49th St, Kansas City, MO 64129","39.034138","-94.498935","Kansas City","MO","64129","RESIDENTIAL","PROBABLY VACANT","ACOSTA RAFAEL","$60,370","https://www.google.com/maps/place/7409+E+49th+St,+Kansas+City,+MO+64129/@39.034138,-94.498935,18z","https://data.kcmo.org/Neighborhoods/Dangerous-Buildings-List/ax3m-jhxx","Dangerous building case 2025-00019 filed Jan 2025; neglected house in sparse residential area",""
"2626 E 28th St, Kansas City, MO 64128","39.074931","-94.552216","Kansas City","MO","64128","RESIDENTIAL","ABANDONED","LEROY SATCHEL PAIGE FAMILY HOME CORP INC","$129,320","https://www.google.com/maps/place/2626+E+28th+St,+Kansas+City,+MO+64128/@39.074931,-94.552216,18z","https://data.kcmo.org/Neighborhoods/Dangerous-Buildings-List/ax3m-jhxx","Dangerous building case 2021-00387 filed May 2018; large deteriorating two-story house with covered porch",""
"4400 E 24th St, Kansas City, MO 64127","39.082260","-94.531636","Kansas City","MO","64127","RESIDENTIAL","PROBABLY VACANT","DUNN RONALD WAYNE & TAMMIE RALEE","$25,000","https://www.google.com/maps/place/4400+E+24th+St,+Kansas+City,+MO+64127/@39.08226,-94.531636,18z","https://data.kcmo.org/Neighborhoods/Dangerous-Buildings-List/ax3m-jhxx","Dangerous building case 2025-00204 filed Aug 2025; dark house with rusty garage/shed and debris",""
"8202 E Bannister Rd, Kansas City, MO 64134","38.951822","-94.493952","Kansas City","MO","64134","RETAIL","PROBABLY VACANT","COMMODITY EXPRESS LLC","$450,000","https://www.google.com/maps/place/8202+E+Bannister+Rd,+Kansas+City,+MO+64134/@38.951822,-94.493952,18z","https://data.kcmo.org/Neighborhoods/Dangerous-Buildings-List/ax3m-jhxx","Dangerous building case 2022-00110 filed Apr 2022; closed commercial storefront (former Robandee Market)",""
"1227 Illinois Ave, Kansas City, MO 64127","39.098268","-94.545513","Kansas City","MO","64127","RESIDENTIAL","PROBABLY VACANT","TRI-STATE DISTRICT OF THE WESLEYAN CH","$22,050","https://www.google.com/maps/place/1227+Illinois+Ave,+Kansas+City,+MO+64127/@39.098268,-94.545513,18z","https://data.kcmo.org/Neighborhoods/Dangerous-Buildings-List/ax3m-jhxx","Dangerous building case 2025-00179 filed Jun 2025; deteriorating house with overgrown vegetation",""
"1912 E 18th St, Kansas City, MO 64127","39.091120","-94.559211","Kansas City","MO","64127","RESIDENTIAL","PROBABLY VACANT","","","https://www.google.com/maps/place/1912+E+18th+St,+Kansas+City,+MO+64127/@39.09112,-94.559211,18z","https://data.kcmo.org/Neighborhoods/Dangerous-Buildings-List/ax3m-jhxx","Dangerous building case 2025-00174 filed Jun 2025; multi-story apartment building",""
"3037 Main St, Kansas City, MO 64108","39.072154","-94.585214","Kansas City","MO","64108","COMMERCIAL","PROBABLY VACANT","THIRTY FIRST & MAIN PROPERTIES LLC","$1,300,000","https://www.google.com/maps/place/3037+Main+St,+Kansas+City,+MO+64108/@39.072154,-94.585214,18z","https://data.kcmo.org/Neighborhoods/Dangerous-Buildings-List/ax3m-jhxx","Dangerous building case 2025-00208 filed Aug 2025; large multi-story brick commercial building on Main St Update Apr 2026: Jeserich Building (1888) and Ward Building (1905) placed on KC Most Endangered list.",""
"1219 Garfield Ave, Kansas City, MO 64127","39.098774","-94.557126","Kansas City","MO","64127","RESIDENTIAL","ABANDONED","POTOCNIK JERRY & KAREN","$126,190","https://www.google.com/maps/place/1219+Garfield+Ave,+Kansas+City,+MO+64127/@39.098774,-94.557126,18z","https://data.kcmo.org/Neighborhoods/Dangerous-Buildings-List/ax3m-jhxx","Dangerous building case 2025-00273 filed Oct 2025; large deteriorating brick building with dark/boarded windows",""
"2703 E 27th St, Kansas City, MO 64127","39.076974","-94.550770","Kansas City","MO","64127","RESIDENTIAL","PROBABLY VACANT","LLOYD DERON KENNETH & TYHESIA RENEE","$102,090","https://www.google.com/maps/place/2703+E+27th+St,+Kansas+City,+MO+64127/@39.076974,-94.55077,18z","https://data.kcmo.org/Neighborhoods/Dangerous-Buildings-List/ax3m-jhxx","Dangerous building case 2025-00229 filed Aug 2025; deteriorating multi-story Victorian-style house",""
"704 Tracy Ave, Kansas City, MO 64106","39.105254","-94.567062","Kansas City","MO","64106","COMMERCIAL","PROBABLY VACANT","BUTLER BROS STEEL RULE DIE CO OF KC","$282,500","https://www.google.com/maps/place/704+Tracy+Ave,+Kansas+City,+MO+64106/@39.105254,-94.567062,18z","https://data.kcmo.org/Neighborhoods/Dangerous-Buildings-List/ax3m-jhxx","Dangerous building case 2025-00032 filed Jan 2025; large commercial/warehouse building",""
"4810 E 7th St, Kansas City, MO 64124","39.103630","-94.525687","Kansas City","MO","64124","RESIDENTIAL","PROBABLY VACANT","RAMIREZ KARLOS CAMILO & LUGO PRICILLA","$39,540","https://www.google.com/maps/place/4810+E+7th+St,+Kansas+City,+MO+64124/@39.10363,-94.525687,18z","https://data.kcmo.org/Neighborhoods/Dangerous-Buildings-List/ax3m-jhxx","Dangerous building case 2025-00321 filed Nov 2025; large Victorian-style house showing deterioration",""
"1199 Indiana Ave, Kansas City, MO 64127","39.098586","-94.542104","Kansas City","MO","64127","RESIDENTIAL","PROBABLY VACANT","","","https://www.google.com/maps/place/1199+Indiana+Ave,+Kansas+City,+MO+64127/@39.098586,-94.542104,18z","User-submitted via Google Maps Street View","User-submitted; building at Indiana Ave and E 12th St intersection area",""
"3316 E 12th St, Kansas City, MO 64127","39.098610","-94.542755","Kansas City","MO","64127","COMMERCIAL","PROBABLY VACANT","DULL LEIGH ANN","$10,000","https://www.google.com/maps/place/3316+E+12th+St,+Kansas+City,+MO+64127/@39.09861,-94.542755,18z","User-submitted via Google Maps Street View","User-submitted; building adjacent to 3314 E 12th St on E 12th St commercial corridor",""
"3007 E 12th St, Kansas City, MO 64127","39.098649","-94.546976","Kansas City","MO","64127","COMMERCIAL","PROBABLY VACANT","MENDEZ MARIA SARA","$18,800","https://www.google.com/maps/place/3007+E+12th+St,+Kansas+City,+MO+64127/@39.098649,-94.546976,18z","User-submitted via Google Maps Street View","User-submitted; building on E 12th St commercial corridor",""
"100 Custer Way SW, Tumwater, WA 98501","47.021111","-122.902778","Tumwater","WA","98501","INDUSTRIAL","ABANDONED","TUMWATER DEVELOPMENT LLC","$3,125,100","https://www.google.com/maps/place/100+Custer+Way+SW,+Tumwater,+WA+98501/@47.021111,-122.902778,17z","https://tcproperty.co.thurston.wa.us/ascendweb/ParcelInfoPayTaxes.aspx?parcel_number=45700600000","Old Brewhouse Tower, Olympia Brewery complex. Original four-story brewhouse built 1896, part of the Olympia Beer production campus. Brewery closed 2003 after SABMiller acquisition. 7.20 acre parcel with brewery structures. Fire damaged administration building Oct 2018 (partial collapse). PCB oil spill from vandalized transformer Feb 2019. Washington Trust for Historic Preservation Most Endangered list. New Market Historic District, National Register of Historic Places. Owned by Tumwater Development LLC (Brea CA) who purchased parcels in 2015. No redevelopment progress. Assessed $3,125,100 (land $2,130K, improvement $995K) per Thurston County 2026. Parcel 45700600000.",""
"3310 Fox St, Philadelphia, PA 19129","40.006459","-75.171119","Philadelphia","PA","19129","RESIDENTIAL","PROBABLY VACANT","KEYSTONE PLACE AT EAST FALLS, LLC","$2,840,000","https://www.google.com/maps/place/3310+Fox+St,+Philadelphia,+PA+19129/@40.006459,-75.171119,18z","User-submitted via Google Maps Street View","User-submitted; Nicetown/Hunting Park neighborhood","HUMAN CONFIRMED"
"2412 W Hunting Park Ave, Philadelphia, PA 19129","40.009072","-75.168486","Philadelphia","PA","19129","COMMERCIAL","PROBABLY VACANT","CURRY CHARLES","$93,400","https://www.google.com/maps/place/2412+W+Hunting+Park+Ave,+Philadelphia,+PA+19129/@40.009072,-75.168486,18z","User-submitted via Google Maps Street View","User-submitted; building on Hunting Park Ave commercial corridor",""
"3537 N 24th St, Philadelphia, PA 19140","40.009097","-75.167848","Philadelphia","PA","19140","RESIDENTIAL","PROBABLY VACANT","FAMVEST LLC","$98,600","https://www.google.com/maps/place/3537+N+24th+St,+Philadelphia,+PA+19140/@40.009097,-75.167848,18z","User-submitted via Google Maps Street View","User-submitted; Hunting Park neighborhood","HUMAN CONFIRMED"
"2299 Ruffner St, Philadelphia, PA 19140","40.010984","-75.167613","Philadelphia","PA","19140","RESIDENTIAL","PROBABLY VACANT","","","https://www.google.com/maps/place/2299+Ruffner+St,+Philadelphia,+PA+19140/@40.010984,-75.167613,18z","User-submitted via Google Maps Street View","User-submitted; Hunting Park neighborhood","HUMAN CONFIRMED"
"2212 Yelland St, Philadelphia, PA 19140","40.011628","-75.165112","Philadelphia","PA","19140","RESIDENTIAL","PROBABLY VACANT","TWO KEYS PROPERTY GROUP","$76,900","https://www.google.com/maps/place/2212+Yelland+St,+Philadelphia,+PA+19140/@40.011628,-75.165112,18z","User-submitted via Google Maps Street View","User-submitted; Hunting Park neighborhood",""
"3611 Bellaire Ave, Kansas City, MO 64129","39.059072","-94.515219","Kansas City","MO","64129","RESIDENTIAL","PROBABLY VACANT","COWE ANTOINETTE & JONES D","$23,280","https://www.google.com/maps/place/3611+Bellaire+Ave,+Kansas+City,+MO+64129/@39.059072,-94.515219,18z","https://data.kcmo.org/Neighborhoods/Dangerous-Buildings-List/ax3m-jhxx","Dangerous building case 2025-00241 filed Sep 2025; heavily overgrown property with structure partially visible",""
"1212 Collins St, Kansas City, MO 64127","39.096776","-94.521137","Kansas City","MO","64127","RESIDENTIAL","PROBABLY VACANT","GARDON INC","$14,300","https://www.google.com/maps/place/1212+Collins+St,+Kansas+City,+MO+64127/@39.096776,-94.521137,18z","https://data.kcmo.org/Neighborhoods/Dangerous-Buildings-List/ax3m-jhxx","Dangerous building case 2025-00118 filed Apr 2025; building on tree-lined street",""
"2410 E 26th St, Kansas City, MO 64127","39.079042","-94.554527","Kansas City","MO","64127","RESIDENTIAL","PROBABLY VACANT","EPIPHANY INVESTORS GROUP LLC","$10,840","https://www.google.com/maps/place/2410+E+26th+St,+Kansas+City,+MO+64127/@39.079042,-94.554527,18z","https://data.kcmo.org/Neighborhoods/Dangerous-Buildings-List/ax3m-jhxx","Dangerous building case 2025-00249 filed Sep 2025; neglected brick house",""
"1702 E 41st St, Kansas City, MO 64110","39.052262","-94.564115","Kansas City","MO","64110","RESIDENTIAL","PROBABLY VACANT","HBPKC LLC","$27,300","https://www.google.com/maps/place/1702+E+41st+St,+Kansas+City,+MO+64110/@39.052262,-94.564115,18z","https://data.kcmo.org/Neighborhoods/Dangerous-Buildings-List/ax3m-jhxx","Dangerous building case 2021-00002 filed Mar 2021; residential building on dangerous list since 2021",""
"1624 Lister Ave, Kansas City, MO 64127","39.091988","-94.526880","Kansas City","MO","64127","RESIDENTIAL","PROBABLY VACANT","MILLER ANGELA","$29,430","https://www.google.com/maps/place/1624+Lister+Ave,+Kansas+City,+MO+64127/@39.091988,-94.52688,18z","https://data.kcmo.org/Neighborhoods/Dangerous-Buildings-List/ax3m-jhxx","Dangerous building case 2025-00242 filed Sep 2025; small house in poor condition",""
"4836 E 9th St, Kansas City, MO 64124","39.101749","-94.525496","Kansas City","MO","64124","COMMERCIAL","PROBABLY VACANT","HAMMONTREE DENNIS D & PATRICIA ANN","$61,200","https://www.google.com/maps/place/4836+E+9th+St,+Kansas+City,+MO+64124/@39.101749,-94.525496,18z","https://data.kcmo.org/Neighborhoods/Dangerous-Buildings-List/ax3m-jhxx","Dangerous building case 2025-00180 filed Jun 2025; commercial/industrial building",""
"3513 Roberts St, Kansas City, MO 64124","39.106807","-94.540217","Kansas City","MO","64124","RESIDENTIAL","PROBABLY VACANT","SB EQUITY MANAGEMENT LLC","$75,060","https://www.google.com/maps/place/3513+Roberts+St,+Kansas+City,+MO+64124/@39.106807,-94.540217,18z","https://data.kcmo.org/Neighborhoods/Dangerous-Buildings-List/ax3m-jhxx","Dangerous building case 2025-00057 filed Feb 2025; deteriorating house",""
"5209 Norton Ave, Kansas City, MO 64130","39.030784","-94.537528","Kansas City","MO","64130","RESIDENTIAL","PROBABLY VACANT","SANDERS TENESIA-TRUST","$10,000","https://www.google.com/maps/place/5209+Norton+Ave,+Kansas+City,+MO+64130/@39.030784,-94.537528,18z","https://data.kcmo.org/Neighborhoods/Dangerous-Buildings-List/ax3m-jhxx","Dangerous building case 2022-00118 filed May 2022; overgrown house",""
"6513 E 12th St, Kansas City, MO 64126","39.097336","-94.506016","Kansas City","MO","64126","COMMERCIAL","PROBABLY VACANT","SHERETTE EVELYN J & MARTIN CAIN PATTI JO","$43,800","https://www.google.com/maps/place/6513+E+12th+St,+Kansas+City,+MO+64126/@39.097336,-94.506016,18z","https://data.kcmo.org/Neighborhoods/Dangerous-Buildings-List/ax3m-jhxx","Dangerous building case 2024-00082 filed Mar 2024; commercial building on E 12th St",""
"3336 Chestnut Ave, Kansas City, MO 64128","39.065472","-94.550809","Kansas City","MO","64128","RESIDENTIAL","PROBABLY VACANT","ALVAREZ NOE DEL CARMEN","$69,300","https://www.google.com/maps/place/3336+Chestnut+Ave,+Kansas+City,+MO+64128/@39.065472,-94.550809,18z","https://data.kcmo.org/Neighborhoods/Dangerous-Buildings-List/ax3m-jhxx","Dangerous building case 2023-00051 filed Feb 2023; house on residential street",""
"2428 Denver Ave, Kansas City, MO 64127","39.081090","-94.522396","Kansas City","MO","64127","RESIDENTIAL","PROBABLY VACANT","VELASCO ALVARO EMMANEUL","$15,000","https://www.google.com/maps/place/2428+Denver+Ave,+Kansas+City,+MO+64127/@39.08109,-94.522396,18z","https://data.kcmo.org/Neighborhoods/Dangerous-Buildings-List/ax3m-jhxx","Dangerous building case 2021-00362 filed Nov 2020; heavily overgrown house",""
"801 Gladstone Ave, Kansas City, MO 64124","39.103249","-94.545941","Kansas City","MO","64124","COMMERCIAL","PROBABLY VACANT","GOLDSTON JANET & DWANE","","https://www.google.com/maps/place/801+Gladstone+Ave,+Kansas+City,+MO+64124/@39.103249,-94.545941,18z","https://data.kcmo.org/Neighborhoods/Dangerous-Buildings-List/ax3m-jhxx","Dangerous building case 2025-00104 filed Apr 2025; commercial/industrial structures",""
"5301 Prospect Ave, Kansas City, MO 64130","39.030089","-94.554876","Kansas City","MO","64130","COMMERCIAL","PROBABLY VACANT","BRYANT ROBERT K JR","$65,000","https://www.google.com/maps/place/5301+Prospect+Ave,+Kansas+City,+MO+64130/@39.030089,-94.554876,18z","https://data.kcmo.org/Neighborhoods/Dangerous-Buildings-List/ax3m-jhxx","Dangerous building case 2023-00176 filed Aug 2023; commercial building on Prospect Ave corridor",""
"5829 Bellefontaine Ave, Kansas City, MO 64130","39.020283","-94.549808","Kansas City","MO","64130","RESIDENTIAL","PROBABLY VACANT","SHEPPARD GUNBIE","$6,000","https://www.google.com/maps/place/5829+Bellefontaine+Ave,+Kansas+City,+MO+64130/@39.020283,-94.549808,18z","https://data.kcmo.org/Neighborhoods/Dangerous-Buildings-List/ax3m-jhxx","Dangerous building case 2025-00318 filed Nov 2025; overgrown house",""
"519 Broadway, Camden, NJ 08103","39.938440","-75.119388","Camden","NJ","08103","COMMERCIAL","PROBABLY VACANT","","","https://www.google.com/maps/place/519+Broadway,+Camden,+NJ+08103/@39.93844,-75.119388,18z","User-submitted via Google Maps Street View","User-submitted; building on Broadway (County Rd 551) in Camden",""
"2011 Forbes Ave, Pittsburgh, PA 15219","40.437567","-79.977187","Pittsburgh","PA","15219","COMMERCIAL OFFICE","CONDEMNED","CLARK LOCUST III LLC","$889,100","https://www.google.com/maps/@40.437567,-79.977187,3a,75y,0h,90t","https://data.wprdc.org/dataset/condemned-properties","Condemned. 3+ story elevator office building. Bluff/Uptown neighborhood.",""
"3936 Perrysville Ave, Pittsburgh, PA 15214","40.490805","-80.019012","Pittsburgh","PA","15214","INSTITUTIONAL","CONDEMNED","LAMB OF GOD LION OF JUDAH MINISTRIES INC","$617,004","https://www.google.com/maps/@40.490805,-80.019012,3a,75y,0h,90t","https://data.wprdc.org/dataset/condemned-properties","Condemned church. 19,360 sqft lot. Perry North neighborhood.",""
"2312 Centre Ave, Pittsburgh, PA 15219","40.445169","-79.973273","Pittsburgh","PA","15219","INSTITUTIONAL","CONDEMNED","OLIVET BAPTIST CHURCH OF PGH","$454,900","https://www.google.com/maps/@40.445169,-79.973273,3a,75y,0h,90t","https://data.wprdc.org/dataset/condemned-properties","Condemned church. Brick construction. Centre Ave corridor in Middle Hill District.",""
"5620 Baum Blvd, Pittsburgh, PA 15232","40.457791","-79.934775","Pittsburgh","PA","15232","COMMERCIAL","CONDEMNED","BAUM CORNER INVESTORS LP","$450,000","https://www.google.com/maps/@40.457791,-79.934775,3a,75y,0h,90t","https://data.wprdc.org/dataset/condemned-properties","Condemned. Former auto sales/service. Friendship neighborhood near UPMC Shadyside.",""
"1334 5th Ave, Pittsburgh, PA 15219","40.438386","-79.986986","Pittsburgh","PA","15219","COMMERCIAL","CONDEMNED","1334 5TH AVENUE LLC","$117,500","https://www.google.com/maps/@40.438386,-79.986986,3a,75y,0h,90t","https://data.wprdc.org/dataset/condemned-properties","Condemned. Commercial auxiliary building. Bluff/Uptown neighborhood.",""
"2134 5th Ave, Pittsburgh, PA 15219","40.437887","-79.974626","Pittsburgh","PA","15219","MIXED USE","CONDEMNED","NEWELL JOHN","$97,300","https://www.google.com/maps/@40.437887,-79.974626,3a,75y,0h,90t","https://data.wprdc.org/dataset/condemned-properties","Condemned. Retail with apartments above. Uptown neighborhood.",""
"1636 5th Ave, Pittsburgh, PA 15219","40.438282","-79.982741","Pittsburgh","PA","15219","MIXED USE","CONDEMNED","STOUGH FAMILY 4 LLC","$87,500","https://www.google.com/maps/@40.438282,-79.982741,3a,75y,0h,90t","https://data.wprdc.org/dataset/condemned-properties","Condemned. Retail with apartments above. Corner of Van Braam St. Bluff neighborhood.",""
"2028 5th Ave, Pittsburgh, PA 15219","40.437940","-79.976446","Pittsburgh","PA","15219","MIXED USE","CONDEMNED","LB2 ENTROPY LLC","$80,800","https://www.google.com/maps/@40.437940,-79.976446,3a,75y,0h,90t","https://data.wprdc.org/dataset/condemned-properties","Condemned. 3-story brick retail with apartments above. Bluff neighborhood.",""
"2209 Centre Ave, Pittsburgh, PA 15219","40.445434","-79.975541","Pittsburgh","PA","15219","MIXED USE","CONDEMNED","URBAN REDEVELOPMENT AUTHORITY OF PGH","$77,700","https://www.google.com/maps/@40.445434,-79.975541,3a,75y,0h,90t","https://data.wprdc.org/dataset/condemned-properties","Condemned. 2.5-story brick retail with apartments above. URA-owned. Middle Hill District.",""
"7449 Frankstown Ave, Pittsburgh, PA 15208","40.456256","-79.890134","Pittsburgh","PA","15208","MIXED USE","CONDEMNED","HOMEWOOD RISING LLC","$76,000","https://www.google.com/maps/@40.456256,-79.890134,3a,75y,0h,90t","https://data.wprdc.org/dataset/condemned-properties","Condemned. Commercial apartments (5-19 units). Frankstown Ave corridor in Homewood North.","HUMAN CONFIRMED"
"148 Jucunda St, Pittsburgh, PA 15210","40.417184","-79.990334","Pittsburgh","PA","15210","INSTITUTIONAL","CONDEMNED","PRESBYTERIAN CHURCH","$1,642,500","https://www.google.com/maps/@40.417184,-79.990334,3a,75y,0h,90t","https://data.wprdc.org/dataset/condemned-properties","Condemned church. 9,900 sqft lot. Knoxville neighborhood.",""
"301 Grandview Ave, Pittsburgh, PA 15211","40.433285","-80.010194","Pittsburgh","PA","15211","INSTITUTIONAL","CONDEMNED","GRAND VIEW UNITED PRESBYTERIAN CHURCH","$1,090,780","https://www.google.com/maps/@40.433285,-80.010194,3a,75y,0h,90t","https://data.wprdc.org/dataset/condemned-properties","Condemned church. 3-story brick. 10,887 sqft lot. Mount Washington neighborhood.",""
"67 Southern Ave, Pittsburgh, PA 15211","40.427818","-80.008495","Pittsburgh","PA","15211","INSTITUTIONAL","CONDEMNED","COVENANT CHURCH PGH LTD","$530,400","https://www.google.com/maps/@40.427818,-80.008495,3a,75y,0h,90t","https://data.wprdc.org/dataset/condemned-properties","Condemned church. 7,373 sqft lot. Mount Washington neighborhood.",""
"72 Knox Ave, Pittsburgh, PA 15210","40.416802","-79.990413","Pittsburgh","PA","15210","INSTITUTIONAL","CONDEMNED","CHRISTIAN CHURCH","$519,300","https://www.google.com/maps/@40.416802,-79.990413,3a,75y,0h,90t","https://data.wprdc.org/dataset/condemned-properties","Condemned church. 2-story brick. 7,600 sqft lot. Knoxville neighborhood.",""
"594 Herron Ave, Pittsburgh, PA 15219","40.450811","-79.964363","Pittsburgh","PA","15219","INSTITUTIONAL","CONDEMNED","JOHN WESLEY AME ZION CHURCH OF PGH","$388,000","https://www.google.com/maps/@40.450811,-79.964363,3a,75y,0h,90t","https://data.wprdc.org/dataset/condemned-properties","Condemned church. 2-story brick. 17,738 sqft lot. Upper Hill District.",""
"5400 Glenwood Ave, Pittsburgh, PA 15207","40.403476","-79.938625","Pittsburgh","PA","15207","INSTITUTIONAL","CONDEMNED","PRAISE TEMPLE DELIVERANCE CHURCH","$221,600","https://www.google.com/maps/@40.403476,-79.938625,3a,75y,0h,90t","https://data.wprdc.org/dataset/condemned-properties","Condemned brick church. Hazelwood neighborhood.",""
"5401 2nd Ave, Pittsburgh, PA 15207","40.402880","-79.941640","Pittsburgh","PA","15207","INSTITUTIONAL","CONDEMNED","GREATER NEW HOPE BAPTIST CHURCH","$155,400","https://www.google.com/maps/@40.402880,-79.941640,3a,75y,0h,90t","https://data.wprdc.org/dataset/condemned-properties","Condemned. 2-story brick church/store. Hazelwood neighborhood.",""
"1319 5th Ave, Pittsburgh, PA 15219","40.438868","-79.987456","Pittsburgh","PA","15219","MIXED USE","CONDEMNED","URBAN REDEVELOPMENT AUTHORITY OF PITTSBURGH","$436,100","https://www.google.com/maps/@40.438868,-79.987456,3a,75y,0h,90t","https://data.wprdc.org/dataset/condemned-properties","Condemned. 3-story brick retail with apartments above. URA-owned. Crawford-Roberts neighborhood.",""
"2041 5th Ave, Pittsburgh, PA 15219","40.438375","-79.975911","Pittsburgh","PA","15219","MIXED USE","CONDEMNED","HILL COM II APTS LLC","$126,000","https://www.google.com/maps/@40.438375,-79.975911,3a,75y,0h,90t","https://data.wprdc.org/dataset/condemned-properties","Condemned. 4-story brick apartments with store. West Oakland neighborhood.",""
"1505 5th Ave, Pittsburgh, PA 15219","40.438753","-79.984764","Pittsburgh","PA","15219","MIXED USE","CONDEMNED","1505 5TH LLC","$50,000","https://www.google.com/maps/@40.438753,-79.984764,3a,75y,0h,90t","https://data.wprdc.org/dataset/condemned-properties","Condemned. 2-3 story brick retail with apartments above. Crawford-Roberts neighborhood.",""
"6412 E 15th Ter, Kansas City, MO 64126","39.092895","-94.507714","Kansas City","MO","64126","RESIDENTIAL","PROBABLY VACANT","VELASCO ALVARO EMMANEUL","$6,000","https://www.google.com/maps/place/6412+E+15th+Ter,+Kansas+City,+MO+64126/@39.092895,-94.507714,18z","https://data.kcmo.org/Neighborhoods/Dangerous-Buildings-List/ax3m-jhxx","Dangerous building case 2021-00160 filed Feb 2021; overgrown property",""
"1511 E 18th St, Kansas City, MO 64108","39.091166","-94.564232","Kansas City","MO","64108","COMMERCIAL","PROBABLY VACANT","CITY OF KANSAS CITY","$51,200","https://www.google.com/maps/place/1511+E+18th+St,+Kansas+City,+MO+64108/@39.091166,-94.564232,18z","https://data.kcmo.org/Neighborhoods/Dangerous-Buildings-List/ax3m-jhxx","Dangerous building case 2021-00295 filed Aug 2019; large commercial building on hold",""
"613 Forest Ave, Kansas City, MO 64106","39.106720","-94.568137","Kansas City","MO","64106","RESIDENTIAL","PROBABLY VACANT","TRAN DIEN TONY","","https://www.google.com/maps/place/613+Forest+Ave,+Kansas+City,+MO+64106/@39.10672,-94.568137,18z","https://data.kcmo.org/Neighborhoods/Dangerous-Buildings-List/ax3m-jhxx","Dangerous building case 2023-00126 filed May 2023; deteriorated building",""
"6020 E 16th St, Kansas City, MO 64126","39.092155","-94.512264","Kansas City","MO","64126","RESIDENTIAL","PROBABLY VACANT","SONDERGARD RITA A TRUST","$21,000","https://www.google.com/maps/place/6020+E+16th+St,+Kansas+City,+MO+64126/@39.092155,-94.512264,18z","https://data.kcmo.org/Neighborhoods/Dangerous-Buildings-List/ax3m-jhxx","Dangerous building case 2021-00161 filed Mar 2020; house on dangerous list since 2020",""
"2836 White Ave, Kansas City, MO 64129","39.073167","-94.513498","Kansas City","MO","64129","RESIDENTIAL","PROBABLY VACANT","ODENBAUGH AVIS M","$39,940","https://www.google.com/maps/place/2836+White+Ave,+Kansas+City,+MO+64129/@39.073167,-94.513498,18z","https://data.kcmo.org/Neighborhoods/Dangerous-Buildings-List/ax3m-jhxx","Dangerous building case 2025-00314 filed Nov 2025; house with vegetation",""
"5209 E 12th St, Kansas City, MO 64127","39.097778","-94.521584","Kansas City","MO","64127","COMMERCIAL","PROBABLY VACANT","FUEL BREANNA","$17,300","https://www.google.com/maps/place/5209+E+12th+St,+Kansas+City,+MO+64127/@39.097778,-94.521584,18z","https://data.kcmo.org/Neighborhoods/Dangerous-Buildings-List/ax3m-jhxx","Dangerous building case 2023-00133 filed Jun 2023; commercial/industrial building on E 12th St",""
"2922 Spruce Ave, Kansas City, MO 64128","39.072277","-94.533179","Kansas City","MO","64128","RESIDENTIAL","PROBABLY VACANT","VIVID PROPERTIES LLC","$29,520","https://www.google.com/maps/place/2922+Spruce+Ave,+Kansas+City,+MO+64128/@39.072277,-94.533179,18z","https://data.kcmo.org/Neighborhoods/Dangerous-Buildings-List/ax3m-jhxx","Dangerous building case 2025-00188 filed Jun 2025; structure behind vegetation",""
"4145 Forest Ave, Kansas City, MO 64110","39.051654","-94.571041","Kansas City","MO","64110","RESIDENTIAL","PROBABLY VACANT","DRUMMOND BILL","$50,000","https://www.google.com/maps/place/4145+Forest+Ave,+Kansas+City,+MO+64110/@39.051654,-94.571041,18z","https://data.kcmo.org/Neighborhoods/Dangerous-Buildings-List/ax3m-jhxx","Dangerous building case 2025-00198 filed Jul 2025; house visible in SV",""
"4032 Oakley Ave, Kansas City, MO 64130","39.051067","-94.519843","Kansas City","MO","64130","RESIDENTIAL","PROBABLY VACANT","PARKS ALLEN D","$36,830","https://www.google.com/maps/place/4032+Oakley+Ave,+Kansas+City,+MO+64130/@39.051067,-94.519843,18z","https://data.kcmo.org/Neighborhoods/Dangerous-Buildings-List/ax3m-jhxx","Dangerous building case 2025-00072 filed Mar 2025; structure visible",""
"5325 Chestnut Ave, Kansas City, MO 64130","39.029584","-94.552606","Kansas City","MO","64130","RESIDENTIAL","PROBABLY VACANT","JOHNSON JUANITA","$39,680","https://www.google.com/maps/place/5325+Chestnut+Ave,+Kansas+City,+MO+64130/@39.029584,-94.552606,18z","https://data.kcmo.org/Neighborhoods/Dangerous-Buildings-List/ax3m-jhxx","Dangerous building case 2025-00093 filed Mar 2025; overgrown house",""
"3705 E 9th St, Kansas City, MO 64124","39.101988","-94.538818","Kansas City","MO","64124","RESIDENTIAL","PROBABLY VACANT","MORENO ANGEL R & DOLORES","$105,190","https://www.google.com/maps/place/3705+E+9th+St,+Kansas+City,+MO+64124/@39.101988,-94.538818,18z","https://data.kcmo.org/Neighborhoods/Dangerous-Buildings-List/ax3m-jhxx","Dangerous building case 2024-00272 filed Nov 2024; building on residential street",""
"5014 South Benton Ave, Kansas City, MO 64130","39.035135","-94.551271","Kansas City","MO","64130","RESIDENTIAL","PROBABLY VACANT","GOLDEN BOY PROPERTIES LLC","$57,530","https://www.google.com/maps/place/5014+S+Benton+Ave,+Kansas+City,+MO+64130/@39.035135,-94.551271,18z","https://data.kcmo.org/Neighborhoods/Dangerous-Buildings-List/ax3m-jhxx","Dangerous building case 2024-00127 filed May 2024; structure visible in SV",""
"3912 Myrtle Ave, Kansas City, MO 64130","39.054304","-94.537580","Kansas City","MO","64130","RESIDENTIAL","PROBABLY VACANT","R.E. SUPREME LLC","$80,700","https://www.google.com/maps/place/3912+Myrtle+Ave,+Kansas+City,+MO+64130/@39.054304,-94.53758,18z","https://data.kcmo.org/Neighborhoods/Dangerous-Buildings-List/ax3m-jhxx","Dangerous building case 2023-00269 filed Dec 2023; house in blighted area",""
"3501 E 26th St, Kansas City, MO 64127","39.078492","-94.541956","Kansas City","MO","64127","RESIDENTIAL","PROBABLY VACANT","CCB ELITE SERVICES LLC","$38,560","https://www.google.com/maps/place/3501+E+26th+St,+Kansas+City,+MO+64127/@39.078492,-94.541956,18z","https://data.kcmo.org/Neighborhoods/Dangerous-Buildings-List/ax3m-jhxx","Dangerous building case 2025-00272 filed Oct 2025; deteriorated structure",""
"3004 E 49th St, Kansas City, MO 64130","39.037258","-94.549798","Kansas City","MO","64130","RESIDENTIAL","PROBABLY VACANT","","","https://www.google.com/maps/place/3004+E+49th+St,+Kansas+City,+MO+64130/@39.037258,-94.549798,18z","https://data.kcmo.org/Neighborhoods/Dangerous-Buildings-List/ax3m-jhxx","Dangerous building case 2022-00305 filed Dec 2022; red brick building",""
"3543 Prospect Ave, Kansas City, MO 64128","39.061898","-94.553168","Kansas City","MO","64128","COMMERCIAL","PROBABLY VACANT","","","https://www.google.com/maps/place/3543+Prospect+Ave,+Kansas+City,+MO+64128/@39.061898,-94.553168,18z","https://data.kcmo.org/Neighborhoods/Dangerous-Buildings-List/ax3m-jhxx","Dangerous building case 2025-00156 filed May 2025; commercial building on Prospect Ave corridor",""
"2914 E 40th St, Kansas City, MO 64130","39.053562","-94.550013","Kansas City","MO","64130","RESIDENTIAL","PROBABLY VACANT","PLAGMAN JEREMY","$72,370","https://www.google.com/maps/place/2914+E+40th+St,+Kansas+City,+MO+64130/@39.053562,-94.550013,18z","https://data.kcmo.org/Neighborhoods/Dangerous-Buildings-List/ax3m-jhxx","Dangerous building case 2022-00139 filed Jun 2022; deteriorating house with overgrown yard",""
"262 Old Gate Ln, Milford, CT 06460","41.232355","-73.027470","Milford","CT","06460","RESIDENTIAL","PROBABLY VACANT","","","https://www.google.com/maps/place/262+Old+Gate+Ln,+Milford,+CT+06460/@41.232355,-73.02747,18z","User-submitted via Google Maps Street View","User-submitted; property in Milford CT",""
"1074 Latham St, Memphis, TN 38106","35.118058","-90.052323","Memphis","TN","38106","RESIDENTIAL","PROBABLY VACANT","DOROTHY MCGAUGHY","$23,900","https://www.google.com/maps/place/1074+Latham+St,+Memphis,+TN+38106/@35.118058,-90.052323,18z","User-submitted via Google Maps Street View","User-submitted; South Memphis neighborhood",""
"639 Lincoln Ave, Pittsburgh, PA 15206","40.462327","-79.906682","Pittsburgh","PA","15206","COMMERCIAL","CONDEMNED","URBAN REDEVELOPMENT AUTHORITY OF PITTSBURGH","$187,800","https://www.google.com/maps/@40.462327,-79.906682,3a,75y,0h,90t","https://data.wprdc.org/dataset/condemned-properties","Condemned. Lodge hall/amusement. URA-owned. Larimer neighborhood.","HUMAN CONFIRMED"
"208 Chalfont St, Pittsburgh, PA 15210","40.416399","-80.003533","Pittsburgh","PA","15210","INSTITUTIONAL","CONDEMNED","SOUTH HILLS BAPTIST CHURCH","$160,000","https://www.google.com/maps/@40.416399,-80.003533,3a,75y,0h,90t","https://data.wprdc.org/dataset/condemned-properties","Condemned church. Beltzhoover neighborhood.",""
"120 W North Ave, Pittsburgh, PA 15212","40.455365","-80.008442","Pittsburgh","PA","15212","COMMERCIAL","CONDEMNED","OCTOBER REAL ESTATE HOLDINGS LLC","$159,800","https://www.google.com/maps/@40.455365,-80.008442,3a,75y,0h,90t","https://data.wprdc.org/dataset/condemned-properties","Condemned. Commercial auxiliary building. Central Northside neighborhood.",""
"921 Chartiers Ave, Pittsburgh, PA 15220","40.443539","-80.040517","Pittsburgh","PA","15220","MIXED USE","CONDEMNED","HOME 4 U PGH LLC","$85,000","https://www.google.com/maps/@40.443539,-80.040517,3a,75y,0h,90t","https://data.wprdc.org/dataset/condemned-properties","Condemned. Retail with apartments above. Chartiers Ave corridor in Elliott.",""
"2927 Chartiers Ave, Pittsburgh, PA 15204","40.453873","-80.057451","Pittsburgh","PA","15204","MIXED USE","CONDEMNED","TOMORROW REAL ESTATE LLC","$52,500","https://www.google.com/maps/@40.453873,-80.057451,3a,75y,0h,90t","https://data.wprdc.org/dataset/condemned-properties","Condemned. Office with apartments above. Chartiers Ave corridor in Sheraden.",""
"1461 Chartiers Ave, Pittsburgh, PA 15220","40.450399","-80.046302","Pittsburgh","PA","15220","RESTAURANT","CONDEMNED","DA BASE HOLDINGS LLC","$48,300","https://www.google.com/maps/@40.450399,-80.046302,3a,75y,0h,90t","https://data.wprdc.org/dataset/condemned-properties","Condemned. Former restaurant/bar. Chartiers Ave corridor in Crafton Heights.",""
"633 Lincoln Ave, Pittsburgh, PA 15206","40.462107","-79.906824","Pittsburgh","PA","15206","MIXED USE","CONDEMNED","JC PITTSBURGH INVESTMENTS LLC","$47,500","https://www.google.com/maps/@40.462107,-79.906824,3a,75y,0h,90t","https://data.wprdc.org/dataset/condemned-properties","Condemned. Commercial apartments (5-19 units). Larimer neighborhood.","HUMAN CONFIRMED"
"3200 Chartiers Ave, Pittsburgh, PA 15204","40.453932","-80.064316","Pittsburgh","PA","15204","MIXED USE","CONDEMNED","L&M PROPERTY GROUP INC","$11,500","https://www.google.com/maps/@40.453932,-80.064316,3a,75y,0h,90t","https://data.wprdc.org/dataset/condemned-properties","Condemned. Retail with apartments above. Chartiers Ave corridor in Sheraden.",""
"205 Orchard Pl, Pittsburgh, PA 15210","40.418265","-79.991464","Pittsburgh","PA","15210","INSTITUTIONAL","CONDEMNED","KNOXVILLE BAPTIST CHURCH","$8,700","https://www.google.com/maps/@40.418265,-79.991464,3a,75y,0h,90t","https://data.wprdc.org/dataset/condemned-properties","Condemned church. Knoxville neighborhood.",""
"34 E Trigg Ave, Memphis, TN 38106","35.112582","-90.061162","Memphis","TN","38106","RESIDENTIAL","ABANDONED","MAUD KING","$11,000","https://www.google.com/maps/@35.112514,-90.0612722,3a,75y,358.09h,75.15t/data=!3m7!1e1!3m5!1s7Kyt-_TYovLxzlhZpOE21w!2e0!6shttps:%2F%2Fstreetviewpixels-pa.googleapis.com%2Fv1%2Fthumbnail%3Fcb_client%3Dmaps_sv.tactile%26w%3D900%26h%3D600%26pitch%3D14.854690783564735%26panoid%3D7Kyt-_TYovLxzlhZpOE21w%26yaw%3D358.0939271881673!7i16384!8i8192","","South Memphis. User-verified via Street View.",""
"428 Forbes Ave, Pittsburgh, PA 15219","40.438952","-79.998118","Pittsburgh","PA","15219","COMMERCIAL OFFICE","VACANT","LUBERT-ADLER REAL ESTATE FUNDS","$2,280,000","https://www.google.com/maps/@40.438952,-79.998118,3a,75y,0h,90t","https://www.bizjournals.com/philadelphia/news/2026/03/26/downtown-pittsburgher-lubert-adler-residential.html","The Pittsburgher. 25-story office building built 1928. Former hotel. Entirely vacant. Listed for sale March 2026 after residential conversion plans fell through.",""
"6204 E 15th Ter, Kansas City, MO 64126","39.092969","-94.510066","Kansas City","MO","64126","RESIDENTIAL","PROBABLY VACANT","DE JESUS CUEVAS JOSE","$17,850","https://www.google.com/maps/place/6204+E+15th+Ter,+Kansas+City,+MO+64126/@39.092969,-94.510066,18z","https://data.kcmo.org/Neighborhoods/Dangerous-Buildings-List/ax3m-jhxx","Dangerous building case 2024-00148 filed Aug 2024; deteriorated houses visible",""
"6801 E Truman Rd, Kansas City, MO 64126","39.092840","-94.502010","Kansas City","MO","64126","COMMERCIAL","PROBABLY VACANT","ROYAL CASH & CARRY INC","$478,700","https://www.google.com/maps/place/6801+E+Truman+Rd,+Kansas+City,+MO+64126/@39.09284,-94.50201,18z","https://data.kcmo.org/Neighborhoods/Dangerous-Buildings-List/ax3m-jhxx","Dangerous building case 2023-00002 filed Jan 2023; commercial building on E Truman Rd",""
"3022 Bellefontaine Ave, Kansas City, MO 64128","39.071037","-94.547104","Kansas City","MO","64128","RESIDENTIAL","PROBABLY VACANT","ROOF4AL MCI 1 LLC","$28,780","https://www.google.com/maps/place/3022+Bellefontaine+Ave,+Kansas+City,+MO+64128/@39.071037,-94.547104,18z","https://data.kcmo.org/Neighborhoods/Dangerous-Buildings-List/ax3m-jhxx","Dangerous building case 2025-00316 filed Nov 2025; overgrown property with vegetation",""
"2931 Wabash Ave, Kansas City, MO 64109","39.073014","-94.553766","Kansas City","MO","64109","RESIDENTIAL","PROBABLY VACANT","MCAFEE MARNIQUE","$105,300","https://www.google.com/maps/place/2931+Wabash+Ave,+Kansas+City,+MO+64109/@39.073014,-94.553766,18z","https://data.kcmo.org/Neighborhoods/Dangerous-Buildings-List/ax3m-jhxx","Dangerous building case 2023-00282 filed Jan 2024; deteriorated houses",""
"1315 W 23rd St, Kansas City, MO 64108","39.086005","-94.599691","Kansas City","MO","64108","RESIDENTIAL","PROBABLY VACANT","ZAMORA PEDRO A & HELEN T","","https://www.google.com/maps/place/1315+W+23rd+St,+Kansas+City,+MO+64108/@39.086005,-94.599691,18z","https://data.kcmo.org/Neighborhoods/Dangerous-Buildings-List/ax3m-jhxx","Dangerous building case 2024-00202 filed Aug 2024; overgrown area",""
"2510 Jackson Ave, Kansas City, MO 64127","39.079871","-94.533993","Kansas City","MO","64127","RESIDENTIAL","PROBABLY VACANT","BR HOMES KCMO LLC","$53,840","https://www.google.com/maps/place/2510+Jackson+Ave,+Kansas+City,+MO+64127/@39.079871,-94.533993,18z","https://data.kcmo.org/Neighborhoods/Dangerous-Buildings-List/ax3m-jhxx","Dangerous building case 2024-00237 filed Nov 2024; house visible in SV",""
"2714 Tracy Ave, Kansas City, MO 64109","39.077372","-94.568430","Kansas City","MO","64109","RESIDENTIAL","PROBABLY VACANT","SHAMROCK CAPITAL LLC","$191,700","https://www.google.com/maps/place/2714+Tracy+Ave,+Kansas+City,+MO+64109/@39.077372,-94.56843,18z","https://data.kcmo.org/Neighborhoods/Dangerous-Buildings-List/ax3m-jhxx","Dangerous building case 2024-00108 filed Apr 2024; building visible in SV",""
"2746 Brooklyn Ave, Kansas City, MO 64109","39.076409","-94.557218","Kansas City","MO","64109","RESIDENTIAL","PROBABLY VACANT","COA ENTERPRISES LLC","$52,300","https://www.google.com/maps/place/2746+Brooklyn+Ave,+Kansas+City,+MO+64109/@39.076409,-94.557218,18z","https://data.kcmo.org/Neighborhoods/Dangerous-Buildings-List/ax3m-jhxx","Dangerous building case 2021-00400 filed Sep 2017; house on dangerous list since 2017",""
"5208 E 24th St, Kansas City, MO 64127","39.081691","-94.522127","Kansas City","MO","64127","RESIDENTIAL","PROBABLY VACANT","BIG PROPERTIES KC LLC","$88,700","https://www.google.com/maps/place/5208+E+24th+St,+Kansas+City,+MO+64127/@39.081691,-94.522127,18z","https://data.kcmo.org/Neighborhoods/Dangerous-Buildings-List/ax3m-jhxx","Dangerous building case 2025-00311 filed Nov 2025; limited SV view",""
"1019 W 27th St, Kansas City, MO 64108","39.078612","-94.596727","Kansas City","MO","64108","RESIDENTIAL","PROBABLY VACANT","VALDIVIA CHRISTINA","$91,870","https://www.google.com/maps/place/1019+W+27th+St,+Kansas+City,+MO+64108/@39.078612,-94.596727,18z","https://data.kcmo.org/Neighborhoods/Dangerous-Buildings-List/ax3m-jhxx","Dangerous building case 2024-00286 filed Dec 2024; houses on residential street",""
"4000 E 24th St, Kansas City, MO 64127","39.082205","-94.535815","Kansas City","MO","64127","COMMERCIAL","PROBABLY VACANT","MACIAS MASIEL DIAZ","$40,910","https://www.google.com/maps/place/4000+E+24th+St,+Kansas+City,+MO+64127/@39.082205,-94.535815,18z","https://data.kcmo.org/Neighborhoods/Dangerous-Buildings-List/ax3m-jhxx","Dangerous building case 2024-00210 filed Aug 2024; small commercial building",""
"2410 E 9th St, Kansas City, MO 64124","39.102597","-94.553360","Kansas City","MO","64124","RESIDENTIAL","PROBABLY VACANT","","","https://www.google.com/maps/place/2410+E+9th+St,+Kansas+City,+MO+64124/@39.102597,-94.55336,18z","https://data.kcmo.org/Neighborhoods/Dangerous-Buildings-List/ax3m-jhxx","Dangerous building case 2025-00266 filed Oct 2025; overgrown property",""
"1814 Vine St, Kansas City, MO 64108","39.090993","-94.563443","Kansas City","MO","64108","COMMERCIAL","PROBABLY VACANT","CITY OF KANSAS CITY","$20,000","https://www.google.com/maps/place/1814+Vine+St,+Kansas+City,+MO+64108/@39.090993,-94.563443,18z","https://data.kcmo.org/Neighborhoods/Dangerous-Buildings-List/ax3m-jhxx","Dangerous building case 2021-00297 filed Aug 2019; concrete structure in 18th & Vine area, on hold",""
"2952 Victor St, Kansas City, MO 64128","39.073694","-94.548578","Kansas City","MO","64128","RESIDENTIAL","PROBABLY VACANT","VINEYARD ACQUISITIONS LLC","$63,200","https://www.google.com/maps/place/2952+Victor+St,+Kansas+City,+MO+64128/@39.073694,-94.548578,18z","https://data.kcmo.org/Neighborhoods/Dangerous-Buildings-List/ax3m-jhxx","Dangerous building case 2025-00034 filed Jan 2025; residential house",""
"4319 E 35th St, Kansas City, MO 64128","39.061960","-94.533378","Kansas City","MO","64128","RESIDENTIAL","PROBABLY VACANT","TWENTYNINE 16 DVELOPMENT LLC","$8,400","https://www.google.com/maps/place/4319+E+35th+St,+Kansas+City,+MO+64128/@39.06196,-94.533378,18z","https://data.kcmo.org/Neighborhoods/Dangerous-Buildings-List/ax3m-jhxx","Dangerous building case 2025-00139 filed May 2025; overgrown house behind vegetation",""
"2110 Kansas Ave, Kansas City, MO 64127","39.086403","-94.548617","Kansas City","MO","64127","COMMERCIAL","PROBABLY VACANT","JOHNSON CHARLENA","$58,310","https://www.google.com/maps/place/2110+Kansas+Ave,+Kansas+City,+MO+64127/@39.086403,-94.548617,18z","https://data.kcmo.org/Neighborhoods/Dangerous-Buildings-List/ax3m-jhxx","Dangerous building case 2022-00265 filed Nov 2024; industrial/commercial structures",""
"3406 College Ave, Kansas City, MO 64128","39.064028","-94.545116","Kansas City","MO","64128","RESIDENTIAL","PROBABLY VACANT","CAMISANTI 6 LLC","$10,600","https://www.google.com/maps/place/3406+College+Ave,+Kansas+City,+MO+64128/@39.064028,-94.545116,18z","https://data.kcmo.org/Neighborhoods/Dangerous-Buildings-List/ax3m-jhxx","Dangerous building case 2024-00084 filed Mar 2024; brick structure behind overgrowth",""
"2835 Van Brunt Blvd, Kansas City, MO 64128","39.073215","-94.520319","Kansas City","MO","64128","COMMERCIAL","PROBABLY VACANT","KELLY BRANDON","$24,790","https://www.google.com/maps/place/2835+Van+Brunt+Blvd,+Kansas+City,+MO+64128/@39.073215,-94.520319,18z","https://data.kcmo.org/Neighborhoods/Dangerous-Buildings-List/ax3m-jhxx","Dangerous building case 2023-00219 filed Sep 2023; building on Van Brunt Blvd commercial corridor",""
"43 W Trigg Ave, Memphis, TN 38106","35.112467","-90.063530","Memphis","TN","38106","RESIDENTIAL","PROBABLY VACANT","SHARONDA GILL","$39,500","https://www.google.com/maps/place/43+W+Trigg+Ave,+Memphis,+TN+38106/@35.112467,-90.06353,18z","User-submitted via Google Maps Street View","User-submitted; South Memphis neighborhood",""
"1052 Florida St, Memphis, TN 38106","35.118871","-90.062084","Memphis","TN","38106","RESIDENTIAL","PROBABLY VACANT","","","https://www.google.com/maps/place/1052+Florida+St,+Memphis,+TN+38106/@35.118871,-90.062084,18z","User-submitted via Google Maps Street View","User-submitted; South Memphis neighborhood",""
"1098 Florida St, Memphis, TN 38106","35.117625","-90.062132","Memphis","TN","38106","RESIDENTIAL","PROBABLY VACANT","JOSEPH GINN","","https://www.google.com/maps/place/1098+Florida+St,+Memphis,+TN+38106/@35.117625,-90.062132,18z","User-submitted via Google Maps Street View","User-submitted; South Memphis neighborhood",""
"5631 E 29th St, Kansas City, MO 64128","39.072298","-94.517736","Kansas City","MO","64128","RESIDENTIAL","PROBABLY VACANT","GOODWIN ALTHEA","$34,270","https://www.google.com/maps/place/5631+E+29th+St,+Kansas+City,+MO+64128/@39.072298,-94.517736,18z","https://data.kcmo.org/Neighborhoods/Dangerous-Buildings-List/ax3m-jhxx","Dangerous building case 2025-00159 filed May 2025; deteriorated house with overgrowth",""
"4428 Mersington Ave, Kansas City, MO 64130","39.045345","-94.539196","Kansas City","MO","64130","RESIDENTIAL","PROBABLY VACANT","LAND BANK OF KANSAS CITY MISSOURI","$12,600","https://www.google.com/maps/place/4428+Mersington+Ave,+Kansas+City,+MO+64130/@39.045345,-94.539196,18z","https://data.kcmo.org/Neighborhoods/Dangerous-Buildings-List/ax3m-jhxx","Dangerous building case 2025-00102 filed Apr 2025; overgrown house behind trees",""
"5119 Hardesty Ave, Kansas City, MO 64130","39.032083","-94.521768","Kansas City","MO","64130","RESIDENTIAL","PROBABLY VACANT","SILVA NORMA A","$59,850","https://www.google.com/maps/place/5119+Hardesty+Ave,+Kansas+City,+MO+64130/@39.032083,-94.521768,18z","https://data.kcmo.org/Neighborhoods/Dangerous-Buildings-List/ax3m-jhxx","Dangerous building case 2022-00126 filed May 2022; deteriorated structures",""
"4643 E 9th St, Kansas City, MO 64124","39.101713","-94.527684","Kansas City","MO","64124","RESIDENTIAL","PROBABLY VACANT","PARMAN JUDITH K","$18,050","https://www.google.com/maps/place/4643+E+9th+St,+Kansas+City,+MO+64124/@39.101713,-94.527684,18z","https://data.kcmo.org/Neighborhoods/Dangerous-Buildings-List/ax3m-jhxx","Dangerous building case 2025-00047 filed Feb 2025; deteriorated house",""
"2317 Park Ave, Kansas City, MO 64127","39.084205","-94.555506","Kansas City","MO","64127","RESIDENTIAL","PROBABLY VACANT","VISION REHAB & INVESTMENTS LLC","$42,820","https://www.google.com/maps/place/2317+Park+Ave,+Kansas+City,+MO+64127/@39.084205,-94.555506,18z","https://data.kcmo.org/Neighborhoods/Dangerous-Buildings-List/ax3m-jhxx","Dangerous building case 2025-00004 filed Jan 2025; deteriorated house with overgrowth",""
"5101 E 23rd St, Kansas City, MO 64127","39.083315","-94.523286","Kansas City","MO","64127","RESIDENTIAL","PROBABLY VACANT","FRAZIER ROBBIE","$26,690","https://www.google.com/maps/place/5101+E+23rd+St,+Kansas+City,+MO+64127/@39.083315,-94.523286,18z","https://data.kcmo.org/Neighborhoods/Dangerous-Buildings-List/ax3m-jhxx","Dangerous building case 2025-00079 filed Mar 2025; building visible in SV",""
"4447 Virginia Ave, Kansas City, MO 64110","39.046191","-94.569024","Kansas City","MO","64110","RESIDENTIAL","PROBABLY VACANT","RICH STEP INVESTMENTS LLC","$20,230","https://www.google.com/maps/place/4447+Virginia+Ave,+Kansas+City,+MO+64110/@39.046191,-94.569024,18z","https://data.kcmo.org/Neighborhoods/Dangerous-Buildings-List/ax3m-jhxx","Dangerous building case 2021-00312 filed Dec 2020; building on dangerous list since 2020",""
"6919 E 17th St, Kansas City, MO 64126","39.089961","-94.502127","Kansas City","MO","64126","RESIDENTIAL","PROBABLY VACANT","JUAREZ PIMENTEL IRIS & JUAREZ MOSSO AGUSTIN","$81,210","https://www.google.com/maps/place/6919+E+17th+St,+Kansas+City,+MO+64126/@39.089961,-94.502127,18z","https://data.kcmo.org/Neighborhoods/Dangerous-Buildings-List/ax3m-jhxx","Dangerous building case 2025-00013 filed Jan 2025; overgrown property with structures",""
"3019 E 31st St, Kansas City, MO 64128","39.069625","-94.547274","Kansas City","MO","64128","RESIDENTIAL","PROBABLY VACANT","TRUST AGREEMENT OF ROBINSON AND PARTNERS TRUST","$63,560","https://www.google.com/maps/place/3019+E+31st+St,+Kansas+City,+MO+64128/@39.069625,-94.547274,18z","https://data.kcmo.org/Neighborhoods/Dangerous-Buildings-List/ax3m-jhxx","Dangerous building case 2025-00140 filed May 2025; heavily overgrown area",""
"6218 E 17th St, Kansas City, MO 64126","39.090285","-94.510039","Kansas City","MO","64126","RESIDENTIAL","PROBABLY VACANT","DEL ROSARIO MARIA & MORENO PEDRO PABLO","$26,250","https://www.google.com/maps/place/6218+E+17th+St,+Kansas+City,+MO+64126/@39.090285,-94.510039,18z","https://data.kcmo.org/Neighborhoods/Dangerous-Buildings-List/ax3m-jhxx","Dangerous building case 2021-00163 filed Feb 2021; deteriorated houses",""
"2805 Tracy Ave, Kansas City, MO 64109","39.075665","-94.568362","Kansas City","MO","64109","RESIDENTIAL","PROBABLY VACANT","TAYLOR RESSIE L","$153,050","https://www.google.com/maps/place/2805+Tracy+Ave,+Kansas+City,+MO+64109/@39.075665,-94.568362,18z","https://data.kcmo.org/Neighborhoods/Dangerous-Buildings-List/ax3m-jhxx","Dangerous building case 2025-00263 filed Sep 2025; house on dangerous list",""
"120 White Ave, Kansas City, MO 64123","39.111993","-94.511802","Kansas City","MO","64123","RESIDENTIAL","PROBABLY VACANT","GARCIA GUSTAVO","$55,680","https://www.google.com/maps/place/120+White+Ave,+Kansas+City,+MO+64123/@39.111993,-94.511802,18z","https://data.kcmo.org/Neighborhoods/Dangerous-Buildings-List/ax3m-jhxx","Dangerous building case 2025-00037 filed Feb 2025; house visible in SV",""
"2434 Prospect Ave, Kansas City, MO 64127","39.081423","-94.552356","Kansas City","MO","64127","RESIDENTIAL","PROBABLY VACANT","MASON KIMBERLY & RAYMOND","$60,370","https://www.google.com/maps/place/2434+Prospect+Ave,+Kansas+City,+MO+64127/@39.081423,-94.552356,18z","https://data.kcmo.org/Neighborhoods/Dangerous-Buildings-List/ax3m-jhxx","Dangerous building case 2025-00243 filed Sep 2025; overgrown property on Prospect Ave",""
"1701 Woodland Ave, Kansas City, MO 64108","39.092175","-94.560905","Kansas City","MO","64108","RESIDENTIAL","PROBABLY VACANT","PARADE PARK HOMES INC","","https://www.google.com/maps/place/1701+Woodland+Ave,+Kansas+City,+MO+64108/@39.092175,-94.560905,18z","https://data.kcmo.org/Neighborhoods/Dangerous-Buildings-List/ax3m-jhxx","Dangerous building case 2025-00177 filed Jun 2025; structure visible in SV",""
"4015 E 11th St, Kansas City, MO 64127","39.099412","-94.535700","Kansas City","MO","64127","RESIDENTIAL","PROBABLY VACANT","ORTIZ VERONICA","$29,890","https://www.google.com/maps/place/4015+E+11th+St,+Kansas+City,+MO+64127/@39.099412,-94.5357,18z","https://data.kcmo.org/Neighborhoods/Dangerous-Buildings-List/ax3m-jhxx","Dangerous building case 2024-00296 filed Jan 2025; overgrown structure",""
"4902 E 20th St, Kansas City, MO 64127","39.087126","-94.525808","Kansas City","MO","64127","RESIDENTIAL","PROBABLY VACANT","ALL 4 PROPERTY SOLUTIONS LLC","$9,450","https://www.google.com/maps/place/4902+E+20th+St,+Kansas+City,+MO+64127/@39.087126,-94.525808,18z","https://data.kcmo.org/Neighborhoods/Dangerous-Buildings-List/ax3m-jhxx","Dangerous building case 2025-00214 filed Sep 2025; deteriorated houses",""
"2533 Montgall Ave, Kansas City, MO 64127","39.080068","-94.551069","Kansas City","MO","64127","RESIDENTIAL","PROBABLY VACANT","WHITE DAWN A","$17,240","https://www.google.com/maps/place/2533+Montgall+Ave,+Kansas+City,+MO+64127/@39.080068,-94.551069,18z","https://data.kcmo.org/Neighborhoods/Dangerous-Buildings-List/ax3m-jhxx","Dangerous building case 2025-00294 filed Oct 2025; deteriorated house",""
"405 W 2nd St, Hastings, NE 68901","40.585088","-98.386364","Hastings","NE","68901","COMMERCIAL","VACANT","COMMUNITY REDEVELOPMENT AUTHORITY","$361,028","https://www.google.com/maps/place/405+W+2nd+St,+Hastings,+NE+68901/@40.585088,-98.386364,17z","https://nebraskataxesonline.us/","City-owned commercial property held by Hastings Community Redevelopment Authority. 2025 property taxes unpaid ($5,644.64). Valued $361,028 per Nebraska Taxes Online 2025. Parcel 0010006145.",""
"614 Woodward Ave, Ridgewood, NY 11385","40.699700","-73.906000","New York","NY","11385","MIXED USE","ABANDONED","614 WOODWARD LLC","$1,457,000","https://www.google.com/maps/place/614+Woodward+Ave,+Ridgewood,+NY+11385/@40.6997,-73.906,17z","https://a836-pts-access.nyc.gov/care/search/commonsearch.aspx?mode=persprop","Corner mixed-use building (Building Class K4, retail w/ other uses) abandoned over a decade. Corroding scaffolding, crumbling structure, trash accumulation, rodent infestation. Placed in NYC Unsafe Buildings Program as chronic neighborhood blight. BBL 4-3408-48. Market value $1,457,000 per NYC Finance FY2026.",""
"363 Gaston Ave, Memphis, TN 38126","35.117775","-90.049949","Memphis","TN","38126","RESIDENTIAL","ABANDONED","PRESTIGIOUS LEARNING ACADEMY","$15,500","https://www.google.com/maps/place/363+Gaston+Ave,+Memphis,+TN+38126/@35.117775,-90.049949,17z","https://assessormelvinburgess.com/propertyDetails?IR=true&parcelid=013047%20%2000007","Abandoned residential structure. 0.16 acres, 50x140 lot, Washington Heights Blk 5 subdivision. Owner mailing address 399 Gaston Ave. Total appraisal $15,500 (land $6,000, building $9,500) per Shelby County Assessor 2025. Parcel 013047 00007.",""
"1415 Florida St, Memphis, TN 38106","35.109541","-90.062421","Memphis","TN","38106","RESIDENTIAL","ABANDONED","SANDERS KEEVIN C","$69,500","https://www.google.com/maps/place/1415+Florida+St,+Memphis,+TN+38106/@35.109541,-90.062421,17z","https://assessormelvinburgess.com/propertyDetails?IR=true&parcelid=024031%20A00010","Abandoned residential structure in Wilbert Heights 4th Addition. 0.22 acres, 73x130 lot (9,398 sqft). Owner mailing same as property address. Total appraisal $69,500 (land $12,000, building $57,500) per Shelby County Assessor 2025. Parcel 024031 A00010.",""
"1325 5th Ave, Pittsburgh, PA 15219","40.438864","-79.987369","Pittsburgh","PA","15219","MIXED USE","CONDEMNED","URBAN REDEVELOPMENT AUTHORITY OF PITTSBURGH","$281,600","https://www.google.com/maps/@40.438864,-79.987369,3a,75y,0h,90t","https://data.wprdc.org/dataset/condemned-properties","Condemned. Retail with apartments above. URA-owned. Crawford-Roberts neighborhood.",""
"3100 Brighton Rd, Pittsburgh, PA 15212","40.473956","-80.028828","Pittsburgh","PA","15212","MIXED USE","CONDEMNED","LESKO GEORGE","$132,200","https://www.google.com/maps/@40.473956,-80.028828,3a,75y,0h,90t","https://data.wprdc.org/dataset/condemned-properties","Condemned. Office with apartments above. Brighton Rd corridor in Marshall-Shadeland.",""
"7315 Frankstown Ave, Pittsburgh, PA 15208","40.456997","-79.893391","Pittsburgh","PA","15208","MIXED USE","CONDEMNED","PALMER FLOYD","$79,500","https://www.google.com/maps/@40.456997,-79.893391,3a,75y,0h,90t","https://data.wprdc.org/dataset/condemned-properties","Condemned. Retail with apartments above. Frankstown Ave corridor in Homewood North.","HUMAN CONFIRMED"
"2420 Brownsville Rd, Pittsburgh, PA 15210","40.386631","-79.982072","Pittsburgh","PA","15210","RETAIL","CONDEMNED","NEPAL SURAJ","$61,800","https://www.google.com/maps/@40.386631,-79.982072,3a,75y,0h,90t","https://data.wprdc.org/dataset/condemned-properties","Condemned. Small detached retail. Brownsville Rd corridor in Carrick.",""
"620 E Ohio St, Pittsburgh, PA 15212","40.454151","-79.998402","Pittsburgh","PA","15212","RETAIL","VACANT","HISTORIC DEUTSCHTOWN DEVELOPMENT CORPORATION","$60,000","https://www.google.com/maps/@40.454151,-79.998402,3a,75y,0h,90t","https://data.wprdc.org/dataset/condemned-properties","Vacant since 2008. Small retail. East Ohio St corridor in Deutschtown. $4.9M redevelopment plan announced 2021 but not yet started.",""
"1501 5th Ave, Pittsburgh, PA 15219","40.438755","-79.984866","Pittsburgh","PA","15219","MIXED USE","CONDEMNED","FIELDS DAVID L","$50,000","https://www.google.com/maps/@40.438755,-79.984866,3a,75y,0h,90t","https://data.wprdc.org/dataset/condemned-properties","Condemned. Retail with store above. Crawford-Roberts neighborhood.",""
"7203 Frankstown Ave, Pittsburgh, PA 15208","40.457511","-79.895951","Pittsburgh","PA","15208","RETAIL","CONDEMNED","THOMAS WILLIAM & DARLENE L CALDWELL","$30,400","https://www.google.com/maps/@40.457511,-79.895951,3a,75y,0h,90t","https://data.wprdc.org/dataset/condemned-properties","Condemned. Small detached retail. Frankstown Ave corridor in Homewood North.",""
"611 Lincoln Ave, Pittsburgh, PA 15206","40.461912","-79.907557","Pittsburgh","PA","15206","MIXED USE","CONDEMNED","LE KEVIN","$28,000","https://www.google.com/maps/@40.461912,-79.907557,3a,75y,0h,90t","https://data.wprdc.org/dataset/condemned-properties","Condemned. Retail with apartments above. Larimer neighborhood.","HUMAN CONFIRMED"
"2219 Brownsville Rd, Pittsburgh, PA 15210","40.390835","-79.985921","Pittsburgh","PA","15210","MIXED USE","CONDEMNED","NEPAL DEWAKAR","$21,000","https://www.google.com/maps/@40.390835,-79.985921,3a,75y,0h,90t","https://data.wprdc.org/dataset/condemned-properties","Condemned. Office with apartments above. Brownsville Rd corridor in Carrick.",""
"8036 Frankstown Ave, Pittsburgh, PA 15221","40.455289","-79.883400","Pittsburgh","PA","15221","RETAIL","CONDEMNED","TIPTON ERIC & ADORATION BOYD","$15,300","https://www.google.com/maps/@40.455289,-79.883400,3a,75y,0h,90t","https://data.wprdc.org/dataset/condemned-properties","Condemned. Small detached retail. Frankstown Ave corridor in East Hills.",""
"2007 Centre Ave, Pittsburgh, PA 15219","40.444147","-79.980227","Pittsburgh","PA","15219","COMMERCIAL","CONDEMNED","NEW GRANADA DEVELOP LLC","$14,100","https://www.google.com/maps/@40.444147,-79.980227,3a,75y,0h,90t","https://data.wprdc.org/dataset/condemned-properties","Condemned. Commercial auxiliary building. Centre Ave corridor in Middle Hill District.",""
"4551 Prospect Ave, Kansas City, MO 64130","39.043674","-94.554136","Kansas City","MO","64130","COMMERCIAL","PROBABLY VACANT","JAMIERSON DIANE L","$116,200","https://www.google.com/maps/place/4551+Prospect+Ave,+Kansas+City,+MO+64130/@39.043674,-94.554136,18z","https://data.kcmo.org/Neighborhoods/Dangerous-Buildings-List/ax3m-jhxx","Dangerous building case 2023-00208 filed Jun 2025; commercial building on Prospect Ave",""
"1219 Wyandotte St, Kansas City, MO 64105","39.099718","-94.585523","Kansas City","MO","64105","COMMERCIAL","PROBABLY VACANT","MFH OFFICE PROPERTY LLC","$470,000","https://www.google.com/maps/place/1219+Wyandotte+St,+Kansas+City,+MO+64105/@39.099718,-94.585523,18z","https://data.kcmo.org/Neighborhoods/Dangerous-Buildings-List/ax3m-jhxx","Dangerous building case 2025-00191 filed Jul 2025; commercial building in downtown area",""
"6032 E 12th Ter, Kansas City, MO 64126","39.096674","-94.511893","Kansas City","MO","64126","RESIDENTIAL","PROBABLY VACANT","BRIONES AZAEL","$41,480","https://www.google.com/maps/place/6032+E+12th+Ter,+Kansas+City,+MO+64126/@39.096674,-94.511893,18z","https://data.kcmo.org/Neighborhoods/Dangerous-Buildings-List/ax3m-jhxx","Dangerous building case 2024-00157 filed Jun 2024; deteriorated houses",""
"3706 Bales Ave, Kansas City, MO 64128","39.058538","-94.543109","Kansas City","MO","64128","RESIDENTIAL","PROBABLY VACANT","STRONG ELLA J","$47,940","https://www.google.com/maps/place/3706+Bales+Ave,+Kansas+City,+MO+64128/@39.058538,-94.543109,18z","https://data.kcmo.org/Neighborhoods/Dangerous-Buildings-List/ax3m-jhxx","Dangerous building case 2025-00069 filed Mar 2025; house on dangerous list",""
"4200 E 20th Ter, Kansas City, MO 64127","39.086491","-94.533537","Kansas City","MO","64127","RESIDENTIAL","PROBABLY VACANT","CLARK DOMINIC ANDRE SR & RUSHONDA DENISE","$31,440","https://www.google.com/maps/place/4200+E+20th+Ter,+Kansas+City,+MO+64127/@39.086491,-94.533537,18z","https://data.kcmo.org/Neighborhoods/Dangerous-Buildings-List/ax3m-jhxx","Dangerous building case 2025-00306 filed Nov 2025; deteriorated building",""
"3001 Spruce Ave, Kansas City, MO 64128","39.070673","-94.533116","Kansas City","MO","64128","RESIDENTIAL","PROBABLY VACANT","ALVAREZ TEPETZI ARTURO","$36,490","https://www.google.com/maps/place/3001+Spruce+Ave,+Kansas+City,+MO+64128/@39.070673,-94.533116,18z","https://data.kcmo.org/Neighborhoods/Dangerous-Buildings-List/ax3m-jhxx","Dangerous building case 2023-00003 filed Jan 2023; deteriorated structure with overgrowth",""
"3911 Chestnut Ave, Kansas City, MO 64130","39.054843","-94.551233","Kansas City","MO","64130","RESIDENTIAL","PROBABLY VACANT","JF REALTY GROUP LLC","$67,780","https://www.google.com/maps/place/3911+Chestnut+Ave,+Kansas+City,+MO+64130/@39.054843,-94.551233,18z","https://data.kcmo.org/Neighborhoods/Dangerous-Buildings-List/ax3m-jhxx","Dangerous building case 2023-00089 filed Apr 2023; house behind heavy vegetation",""
"5300 E 26th St, Kansas City, MO 64127","39.077958","-94.520828","Kansas City","MO","64127","RESIDENTIAL","PROBABLY VACANT","PALODE FANTIA L","$50,000","https://www.google.com/maps/place/5300+E+26th+St,+Kansas+City,+MO+64127/@39.077958,-94.520828,18z","https://data.kcmo.org/Neighborhoods/Dangerous-Buildings-List/ax3m-jhxx","Dangerous building case 2025-00153 filed May 2025; structure visible",""
"5645 E 10th St, Kansas City, MO 64127","39.099928","-94.516207","Kansas City","MO","64127","RESIDENTIAL","PROBABLY VACANT","WEST CHERYL","$34,620","https://www.google.com/maps/place/5645+E+10th+St,+Kansas+City,+MO+64127/@39.099928,-94.516207,18z","https://data.kcmo.org/Neighborhoods/Dangerous-Buildings-List/ax3m-jhxx","Dangerous building case 2025-00142 filed May 2025; overgrown property with structures",""
"4835 Independence Ave, Kansas City, MO 64124","39.105365","-94.524843","Kansas City","MO","64124","COMMERCIAL","PROBABLY VACANT","GALLAS ALAN B TRUSTEE","$527,500","https://www.google.com/maps/place/4835+Independence+Ave,+Kansas+City,+MO+64124/@39.105365,-94.524843,18z","https://data.kcmo.org/Neighborhoods/Dangerous-Buildings-List/ax3m-jhxx","Dangerous building case 2025-00234 filed Aug 2025; brick commercial building on Independence Ave",""
"3529 Norton Ave, Kansas City, MO 64128","39.061575","-94.535894","Kansas City","MO","64128","RESIDENTIAL","PROBABLY VACANT","WARD ADAM","$44,900","https://www.google.com/maps/place/3529+Norton+Ave,+Kansas+City,+MO+64128/@39.061575,-94.535894,18z","https://data.kcmo.org/Neighborhoods/Dangerous-Buildings-List/ax3m-jhxx","Dangerous building case 2024-00192 filed Aug 2024; deteriorated house",""
"2937 Spruce Ave, Kansas City, MO 64128","39.071576","-94.533069","Kansas City","MO","64128","RESIDENTIAL","PROBABLY VACANT","MADDOX CALVIN LASALLE JR","$12,910","https://www.google.com/maps/place/2937+Spruce+Ave,+Kansas+City,+MO+64128/@39.071576,-94.533069,18z","https://data.kcmo.org/Neighborhoods/Dangerous-Buildings-List/ax3m-jhxx","Dangerous building case 2022-00234 filed Oct 2022; deteriorated structure with heavy overgrowth",""
"5643 Paloma Ave, Kansas City, MO 64128","39.069385","-94.517279","Kansas City","MO","64128","RESIDENTIAL","PROBABLY VACANT","BORGER CRUZ ALESSANDRO PEREIRA","$30,710","https://www.google.com/maps/place/5643+Paloma+Ave,+Kansas+City,+MO+64128/@39.069385,-94.517279,18z","https://data.kcmo.org/Neighborhoods/Dangerous-Buildings-List/ax3m-jhxx","Dangerous building case 2023-00013 filed Jan 2023; house visible in SV",""
"3816 Walnut St, Kansas City, MO 64111","39.058007","-94.584903","Kansas City","MO","64111","RESIDENTIAL","PROBABLY VACANT","DPRP LLC","","https://www.google.com/maps/place/3816+Walnut+St,+Kansas+City,+MO+64111/@39.058007,-94.584903,18z","https://data.kcmo.org/Neighborhoods/Dangerous-Buildings-List/ax3m-jhxx","Dangerous building case 2022-00066 filed Mar 2022; overgrown property",""
"2908 Prospect Ave, Kansas City, MO 64128","39.073166","-94.552746","Kansas City","MO","64128","RESIDENTIAL","PROBABLY VACANT","TOWNSEND JAMES","","https://www.google.com/maps/place/2908+Prospect+Ave,+Kansas+City,+MO+64128/@39.073166,-94.552746,18z","https://data.kcmo.org/Neighborhoods/Dangerous-Buildings-List/ax3m-jhxx","Dangerous building case 2022-00245 filed Nov 2022; deteriorated house with heavy overgrowth",""
"2623 Bellefontaine Ave, Kansas City, MO 64127","39.078277","-94.546457","Kansas City","MO","64127","RESIDENTIAL","PROBABLY VACANT","WESTAR HOLDINGS TRUST","$23,260","https://www.google.com/maps/place/2623+Bellefontaine+Ave,+Kansas+City,+MO+64127/@39.078277,-94.546457,18z","https://data.kcmo.org/Neighborhoods/Dangerous-Buildings-List/ax3m-jhxx","Dangerous building case 2022-00125 filed May 2022; house on residential street",""
"5107 E 23rd St, Kansas City, MO 64127","39.083314","-94.523225","Kansas City","MO","64127","RESIDENTIAL","PROBABLY VACANT","HERNANDEZ JUAN","$14,220","https://www.google.com/maps/place/5107+E+23rd+St,+Kansas+City,+MO+64127/@39.083314,-94.523225,18z","https://data.kcmo.org/Neighborhoods/Dangerous-Buildings-List/ax3m-jhxx","Dangerous building case 2024-00043 filed Feb 2024; buildings visible in SV",""
"6717 E 18th St, Kansas City, MO 64126","39.088206","-94.504472","Kansas City","MO","64126","RESIDENTIAL","PROBABLY VACANT","TILLMAN MICHAEL JUAN II  & KEELER SARAH","$32,440","https://www.google.com/maps/place/6717+E+18th+St,+Kansas+City,+MO+64126/@39.088206,-94.504472,18z","https://data.kcmo.org/Neighborhoods/Dangerous-Buildings-List/ax3m-jhxx","Dangerous building case 2025-00007 filed Jan 2025; house with overgrowth",""
"3722 Agnes Ave, Kansas City, MO 64128","39.058451","-94.548893","Kansas City","MO","64128","RESIDENTIAL","PROBABLY VACANT","PLAGMAN JEREMY","$39,340","https://www.google.com/maps/place/3722+Agnes+Ave,+Kansas+City,+MO+64128/@39.058451,-94.548893,18z","https://data.kcmo.org/Neighborhoods/Dangerous-Buildings-List/ax3m-jhxx","Dangerous building case 2025-00305 filed Nov 2025; overgrown property",""
"3910 Flora Ave, Kansas City, MO 64110","39.055654","-94.566432","Kansas City","MO","64110","RESIDENTIAL","PROBABLY VACANT","KINNEY ANDREW BRYCE","$27,000","https://www.google.com/maps/place/3910+Flora+Ave,+Kansas+City,+MO+64110/@39.055654,-94.566432,18z","https://data.kcmo.org/Neighborhoods/Dangerous-Buildings-List/ax3m-jhxx","Dangerous building case 2025-00194 filed Jul 2025; overgrown area",""
"5639 E 29th St, Kansas City, MO 64128","39.072296","-94.517648","Kansas City","MO","64128","RESIDENTIAL","PROBABLY VACANT","HOOKER RENELL L","$24,150","https://www.google.com/maps/place/5639+E+29th+St,+Kansas+City,+MO+64128/@39.072296,-94.517648,18z","https://data.kcmo.org/Neighborhoods/Dangerous-Buildings-List/ax3m-jhxx","Dangerous building case 2022-00105 filed Apr 2022; houses/structures visible",""
"2107 Montgall Ave, Kansas City, MO 64127","39.086519","-94.550793","Kansas City","MO","64127","RESIDENTIAL","PROBABLY VACANT","VARNER ARTHUR THOMAS","$12,660","https://www.google.com/maps/place/2107+Montgall+Ave,+Kansas+City,+MO+64127/@39.086519,-94.550793,18z","https://data.kcmo.org/Neighborhoods/Dangerous-Buildings-List/ax3m-jhxx","Dangerous building case 2024-00249 filed Nov 2024; deteriorated house",""
"1815 E Truman Rd, Kansas City, MO 64127","39.095050","-94.560600","Kansas City","MO","64127","COMMERCIAL","PROBABLY VACANT","","","https://www.google.com/maps/place/1815+E+Truman+Rd,+Kansas+City,+MO+64127/@39.09505,-94.5606,18z","https://data.kcmo.org/Neighborhoods/Dangerous-Buildings-List/ax3m-jhxx","Dangerous building case 2025-00173 filed Jun 2025; commercial building on Truman Rd",""
"1816 Vine St, Kansas City, MO 64108","39.090967","-94.563445","Kansas City","MO","64108","COMMERCIAL","PROBABLY VACANT","CITY OF KANSAS CITY","$13,800","https://www.google.com/maps/place/1816+Vine+St,+Kansas+City,+MO+64108/@39.090967,-94.563445,18z","https://data.kcmo.org/Neighborhoods/Dangerous-Buildings-List/ax3m-jhxx","Dangerous building case 2021-00389 filed Aug 2019; concrete structure in 18th & Vine area, on hold",""
"2418 Lexington Ave, Kansas City, MO 64124","39.111027","-94.553219","Kansas City","MO","64124","RESIDENTIAL","PROBABLY VACANT","","","https://www.google.com/maps/place/2418+Lexington+Ave,+Kansas+City,+MO+64124/@39.111027,-94.553219,18z","https://data.kcmo.org/Neighborhoods/Dangerous-Buildings-List/ax3m-jhxx","Dangerous building case 2023-00164 filed Jul 2023; building visible in SV",""
"813 E 31st Ter, Kansas City, MO 64109","39.069593","-94.575214","Kansas City","MO","64109","RESIDENTIAL","PROBABLY VACANT","MULLINS RICHARD W & CATHERINE MICALA","$169,780","https://www.google.com/maps/place/813+E+31st+Ter,+Kansas+City,+MO+64109/@39.069593,-94.575214,18z","https://data.kcmo.org/Neighborhoods/Dangerous-Buildings-List/ax3m-jhxx","Dangerous building case 2025-00270 filed Oct 2025; damaged/deteriorated building",""
"3225 Smart Ave, Kansas City, MO 64124","39.109640","-94.544092","Kansas City","MO","64124","RESIDENTIAL","PROBABLY VACANT","RICHESON ALAN & LILLIAN","$51,000","https://www.google.com/maps/place/3225+Smart+Ave,+Kansas+City,+MO+64124/@39.10964,-94.544092,18z","https://data.kcmo.org/Neighborhoods/Dangerous-Buildings-List/ax3m-jhxx","Dangerous building case 2021-00224 filed Mar 2020; deteriorated houses on dangerous list since 2020",""
"3035 Walrond Ave, Kansas City, MO 64128","39.070222","-94.545937","Kansas City","MO","64128","RESIDENTIAL","PROBABLY VACANT","SANTOS MADRILES MIGUEL","$22,000","https://www.google.com/maps/place/3035+Walrond+Ave,+Kansas+City,+MO+64128/@39.070222,-94.545937,18z","https://data.kcmo.org/Neighborhoods/Dangerous-Buildings-List/ax3m-jhxx","Dangerous building case 2021-00392 filed Jun 2018; on dangerous list since 2018",""
"1517 Winchester Ave, Kansas City, MO 64126","39.092857","-94.500998","Kansas City","MO","64126","RESIDENTIAL","PROBABLY VACANT","LOPEZ ESTER CRISTINA","$20,950","https://www.google.com/maps/place/1517+Winchester+Ave,+Kansas+City,+MO+64126/@39.092857,-94.500998,18z","https://data.kcmo.org/Neighborhoods/Dangerous-Buildings-List/ax3m-jhxx","Dangerous building case 2024-00137 filed Jul 2024; blighted property",""
"3534 Askew Ave, Kansas City, MO 64128","39.061633","-94.541791","Kansas City","MO","64128","RESIDENTIAL","PROBABLY VACANT","ROU LLC","$65,590","https://www.google.com/maps/place/3534+Askew+Ave,+Kansas+City,+MO+64128/@39.061633,-94.541791,18z","https://data.kcmo.org/Neighborhoods/Dangerous-Buildings-List/ax3m-jhxx","Dangerous building case 2023-00237 filed Nov 2023; house on residential street",""
"2325 Monroe Ave, Kansas City, MO 64127","39.083580","-94.539380","Kansas City","MO","64127","RESIDENTIAL","PROBABLY VACANT","MCDONALD DENISE","$31,380","https://www.google.com/maps/place/2325+Monroe+Ave,+Kansas+City,+MO+64127/@39.08358,-94.53938,18z","https://data.kcmo.org/Neighborhoods/Dangerous-Buildings-List/ax3m-jhxx","Dangerous building case 2025-00033 filed Jan 2025; overgrown area",""
"2119 Tracy Ave, Kansas City, MO 64108","39.087013","-94.567778","Kansas City","MO","64108","INSTITUTIONAL","PROBABLY VACANT","WESTERN BAPTIST BIBLE COLLEGE OF KCMO","$681,200","https://www.google.com/maps/place/2119+Tracy+Ave,+Kansas+City,+MO+64108/@39.087013,-94.567778,18z","https://data.kcmo.org/Neighborhoods/Dangerous-Buildings-List/ax3m-jhxx","Dangerous building case 2024-00287 filed Dec 2024; Western Baptist Bible College building",""
"200 W 34th St, Kansas City, MO 64111","39.065678","-94.587974","Kansas City","MO","64111","RESIDENTIAL","PROBABLY VACANT","MANHEIM PROPERTIES LLC","$655,520","https://www.google.com/maps/place/200+W+34th+St,+Kansas+City,+MO+64111/@39.065678,-94.587974,18z","https://data.kcmo.org/Neighborhoods/Dangerous-Buildings-List/ax3m-jhxx","Dangerous building case 2023-00128 filed May 2023; overgrown property",""
"1527 E 49th Ter, Kansas City, MO 64110","39.036866","-94.566358","Kansas City","MO","64110","RESIDENTIAL","PROBABLY VACANT","KC WEBB II LLC","$48,290","https://www.google.com/maps/place/1527+E+49th+Ter,+Kansas+City,+MO+64110/@39.036866,-94.566358,18z","https://data.kcmo.org/Neighborhoods/Dangerous-Buildings-List/ax3m-jhxx","Dangerous building case 2025-00110 filed Apr 2025; house visible in SV",""
"4901 Walrond Ave, Kansas City, MO 64130","39.037056","-94.547581","Kansas City","MO","64130","RESIDENTIAL","PROBABLY VACANT","ROOF4AL MCI 1 LLC","$47,800","https://www.google.com/maps/place/4901+Walrond+Ave,+Kansas+City,+MO+64130/@39.037056,-94.547581,18z","https://data.kcmo.org/Neighborhoods/Dangerous-Buildings-List/ax3m-jhxx","Dangerous building case 2024-00189 filed Aug 2024; house on residential street",""
"1250 Liverpool St, Pittsburgh, PA 15233","40.455557","-80.024931","Pittsburgh","PA","15233","INSTITUTIONAL","CONDEMNED","MANCHESTER EDUCATIONAL FOUNDATION","$988,200","https://www.google.com/maps/@40.455557,-80.024931,3a,75y,0h,90t","https://data.wprdc.org/dataset/condemned-properties","Condemned church. Assessed at $988.2K. Manchester neighborhood.",""
"1208 Grandview Ave, Pittsburgh, PA 15211","40.437914","-80.018357","Pittsburgh","PA","15211","MIXED USE","CONDEMNED","1208 SUMMIT VIEW LLC","$709,400","https://www.google.com/maps/@40.437914,-80.018357,3a,75y,0h,90t","https://data.wprdc.org/dataset/condemned-properties","Condemned. Retail with apartments above. Grandview Ave corridor in Mount Washington.",""
"921 Saw Mill Run Blvd, Pittsburgh, PA 15220","40.428126","-80.023676","Pittsburgh","PA","15220","WAREHOUSE","CONDEMNED","BARK REAL ESTATE LLC","$581,100","https://www.google.com/maps/@40.428126,-80.023676,3a,75y,0h,90t","https://data.wprdc.org/dataset/condemned-properties","Condemned. Office/warehouse. Saw Mill Run corridor in Duquesne Heights.",""
"4749 Plummer St, Pittsburgh, PA 15201","40.475479","-79.958288","Pittsburgh","PA","15201","MIXED USE","CONDEMNED","COEN REAL ESTATE HOLDINGS 2 LLC","$162,100","https://www.google.com/maps/@40.475479,-79.958288,3a,75y,0h,90t","https://data.wprdc.org/dataset/condemned-properties","Condemned. Retail with apartments above. Central Lawrenceville neighborhood.",""
"2162 Wylie Ave, Pittsburgh, PA 15219","40.445601","-79.977091","Pittsburgh","PA","15219","MIXED USE","CONDEMNED","WILLIAMS HARRY & CLAUDETTE","$120,900","https://www.google.com/maps/@40.445601,-79.977091,3a,75y,0h,90t","https://data.wprdc.org/dataset/condemned-properties","Condemned. Retail with apartments above. Wylie Ave corridor in Middle Hill District.",""
"3016 Ashlyn St, Pittsburgh, PA 15204","40.455230","-80.055721","Pittsburgh","PA","15204","COMMERCIAL","CONDEMNED","PORTER CHRISTY","$119,300","https://www.google.com/maps/@40.455230,-80.055721,3a,75y,0h,90t","https://data.wprdc.org/dataset/condemned-properties","Condemned. Commercial building. Sheraden neighborhood.",""
"501 Brushton Ave, Pittsburgh, PA 15221","40.450069","-79.891369","Pittsburgh","PA","15221","COMMERCIAL","CONDEMNED","CITY OF PITTSBURGH","$94,700","https://www.google.com/maps/@40.450069,-79.891369,3a,75y,0h,90t","https://data.wprdc.org/dataset/condemned-properties","Condemned. Commercial garage. City-owned. Homewood South neighborhood.","HUMAN CONFIRMED"
"2405 Saw Mill Run Blvd, Pittsburgh, PA 15227","40.384672","-79.994711","Pittsburgh","PA","15227","MIXED USE","CONDEMNED","3230 WAINBELL AVENUE LLC","$90,000","https://www.google.com/maps/@40.384672,-79.994711,3a,75y,0h,90t","https://data.wprdc.org/dataset/condemned-properties","Condemned. Retail with offices above. Saw Mill Run corridor in Overbrook.",""
"3300 Webster Ave, Pittsburgh, PA 15219","40.452841","-79.964557","Pittsburgh","PA","15219","COMMERCIAL OFFICE","CONDEMNED","CITY OF PITTSBURGH","$75,800","https://www.google.com/maps/@40.452841,-79.964557,3a,75y,0h,90t","https://data.wprdc.org/dataset/condemned-properties","Condemned. 1-2 story office building. City-owned. Upper Hill District.",""
"1504 Saw Mill Run Blvd, Pittsburgh, PA 15210","40.398821","-80.000265","Pittsburgh","PA","15210","MIXED USE","CONDEMNED","MAHANEY HOWARD KEEGAN","$71,200","https://www.google.com/maps/@40.398821,-80.000265,3a,75y,0h,90t","https://data.wprdc.org/dataset/condemned-properties","Condemned. Retail with apartments above. Saw Mill Run corridor in Brookline.",""
"245 Spencer Ave, Pittsburgh, PA 15227","40.389704","-79.976548","Pittsburgh","PA","15227","MIXED USE","CONDEMNED","BRICKLEY FAMILY LP","$67,900","https://www.google.com/maps/@40.389704,-79.976548,3a,75y,0h,90t","https://data.wprdc.org/dataset/condemned-properties","Condemned. Retail with apartments above. Carrick neighborhood.",""
"2104 Arlington Ave, Pittsburgh, PA 15210","40.417572","-79.977141","Pittsburgh","PA","15210","COMMERCIAL","CONDEMNED","CITY OF PITTSBURGH","$52,600","https://www.google.com/maps/@40.417572,-79.977141,3a,75y,0h,90t","https://data.wprdc.org/dataset/condemned-properties","Condemned. Former lodge hall. City-owned. Arlington neighborhood.",""
"437 Chalfont St, Pittsburgh, PA 15210","40.416904","-79.998917","Pittsburgh","PA","15210","MIXED USE","CONDEMNED","DUNCAN JASMINE","$40,300","https://www.google.com/maps/@40.416904,-79.998917,3a,75y,0h,90t","https://data.wprdc.org/dataset/condemned-properties","Condemned. Retail with apartments above. Beltzhoover neighborhood.",""
"11 Carrie St, Pittsburgh, PA 15212","40.461440","-80.002142","Pittsburgh","PA","15212","RESTAURANT","CONDEMNED","GROSS LAWRENCE J & GLORIA M","$36,100","https://www.google.com/maps/@40.461440,-80.002142,3a,75y,0h,90t","https://data.wprdc.org/dataset/condemned-properties","Condemned. Former bar. Fineview neighborhood.",""
"427 N Braddock Ave, Pittsburgh, PA 15208","40.451134","-79.892418","Pittsburgh","PA","15208","RETAIL","CONDEMNED","CITY OF PITTSBURGH","$33,500","https://www.google.com/maps/@40.451134,-79.892418,3a,75y,0h,90t","https://data.wprdc.org/dataset/condemned-properties","Condemned. Small retail. City-owned. Homewood South neighborhood.","HUMAN CONFIRMED"
"7082 Lemington Ave, Pittsburgh, PA 15206","40.469138","-79.896717","Pittsburgh","PA","15206","MIXED USE","CONDEMNED","COOPER EUGENE","$32,200","https://www.google.com/maps/@40.469138,-79.896717,3a,75y,0h,90t","https://data.wprdc.org/dataset/condemned-properties","Condemned. Retail with store above. Lincoln-Lemington-Belmar neighborhood.","HUMAN CONFIRMED"
"29 Noblestown Rd, Pittsburgh, PA 15220","40.439659","-80.034989","Pittsburgh","PA","15220","MIXED USE","CONDEMNED","BOEN EARL D","$23,700","https://www.google.com/maps/@40.439659,-80.034989,3a,75y,0h,90t","https://data.wprdc.org/dataset/condemned-properties","Condemned. Retail with store above. West End neighborhood.",""
"1148 Province St, Pittsburgh, PA 15212","40.457640","-79.989727","Pittsburgh","PA","15212","WAREHOUSE","CONDEMNED","FLETCHER JEFFREY","$17,300","https://www.google.com/maps/@40.457640,-79.989727,3a,75y,0h,90t","https://data.wprdc.org/dataset/condemned-properties","Condemned. Office/warehouse. Troy Hill neighborhood.",""
"7608 Frankstown Ave, Pittsburgh, PA 15208","40.455613","-79.889705","Pittsburgh","PA","15208","COMMERCIAL","CONDEMNED","HARVIN BRUCE","$14,000","https://www.google.com/maps/@40.455613,-79.889705,3a,75y,0h,90t","https://data.wprdc.org/dataset/condemned-properties","Condemned. Commercial building. Frankstown Ave corridor in Homewood South.","HUMAN CONFIRMED"
"632 Fort Duquesne Blvd, Pittsburgh, PA 15222","40.443500","-80.002800","Pittsburgh","PA","15222","COMMERCIAL OFFICE","VACANT","MARK CUBAN","","https://www.google.com/maps/@40.443500,-80.002800,3a,75y,0h,90t","https://www.downtowncdc.org/easter-seals-building-for-sale/","Former Easter Seals HQ. 9-story building built 1917. Vacant for years. Owned by Mark Cuban. 139-apartment conversion announced 2022 but status unclear. Update Apr 2026: Under active renovation by Douglas Development. 137-apartment conversion underway. Masonry contractor filed lien 2024 (settled 2025). No longer just VACANT.",""
"1640 Saw Mill Run Blvd, Pittsburgh, PA 15210","40.396449","-79.998750","Pittsburgh","PA","15210","COMMERCIAL","CONDEMNED","LADANI & UKANI ENTERPRISE LLC","$525,000","https://www.google.com/maps/@40.396449,-79.998750,3a,75y,0h,90t","https://data.wprdc.org/dataset/condemned-properties","Condemned. Former convenience store/gas station. Saw Mill Run corridor in Brookline.",""
"1500 Bingham St, Pittsburgh, PA 15203","40.429329","-79.983260","Pittsburgh","PA","15203","WAREHOUSE","CONDEMNED","SOUTHSIDE REH LLC","$326,700","https://www.google.com/maps/@40.429329,-79.983260,3a,75y,0h,90t","https://data.wprdc.org/dataset/condemned-properties","Condemned. Office/warehouse. South Side Flats neighborhood.",""
"1018 Bidwell St, Pittsburgh, PA 15233","40.452712","-80.020261","Pittsburgh","PA","15233","INSTITUTIONAL","CONDEMNED","RESACA ASSOCIATES LLC","$288,647","https://www.google.com/maps/@40.452712,-80.020261,3a,75y,0h,90t","https://data.wprdc.org/dataset/condemned-properties","Condemned church. Manchester neighborhood.",""
"1919 Mary St, Pittsburgh, PA 15203","40.426115","-79.978513","Pittsburgh","PA","15203","COMMERCIAL","CONDEMNED","1919 MARY STREET LLC","$239,000","https://www.google.com/maps/@40.426115,-79.978513,3a,75y,0h,90t","https://data.wprdc.org/dataset/condemned-properties","Condemned. Commercial garage. South Side Flats neighborhood.",""
"1410 Grotto St, Pittsburgh, PA 15206","40.467605","-79.895865","Pittsburgh","PA","15206","INSTITUTIONAL","CONDEMNED","BETHEL CHURCH OF GOD IN CHRIST OF PITTSBURGH","$152,200","https://www.google.com/maps/@40.467605,-79.895865,3a,75y,0h,90t","https://data.wprdc.org/dataset/condemned-properties","Condemned church. Lincoln-Lemington-Belmar neighborhood.","HUMAN CONFIRMED"
"2539 Perrysville Ave, Pittsburgh, PA 15214","40.470860","-80.008895","Pittsburgh","PA","15214","MIXED USE","CONDEMNED","PRF 100 LLC","$127,300","https://www.google.com/maps/@40.470860,-80.008895,3a,75y,0h,90t","https://data.wprdc.org/dataset/condemned-properties","Condemned. Retail with apartments above. Perrysville Ave corridor in Perry South.",""
"3022 Viola St, Pittsburgh, PA 15214","40.476916","-80.011035","Pittsburgh","PA","15214","COMMERCIAL","CONDEMNED","ONEOFF LLC","$61,200","https://www.google.com/maps/@40.476916,-80.011035,3a,75y,0h,90t","https://data.wprdc.org/dataset/condemned-properties","Condemned. Commercial building. Perry North neighborhood.",""
"400 Greentree Rd, Pittsburgh, PA 15220","40.435883","-80.034022","Pittsburgh","PA","15220","MIXED USE","CONDEMNED","WEST SIDE DEVELOPMENT LLC","$58,700","https://www.google.com/maps/@40.435883,-80.034022,3a,75y,0h,90t","https://data.wprdc.org/dataset/condemned-properties","Condemned. Retail with store above. West End neighborhood.",""
"1417 Adams St, Pittsburgh, PA 15233","40.458231","-80.028372","Pittsburgh","PA","15233","MIXED USE","CONDEMNED","1417 ADAMS ST LLC","$47,500","https://www.google.com/maps/@40.458231,-80.028372,3a,75y,0h,90t","https://data.wprdc.org/dataset/condemned-properties","Condemned. Retail with apartments above. Manchester neighborhood.",""
"650 Herron Ave, Pittsburgh, PA 15219","40.452566","-79.964325","Pittsburgh","PA","15219","MIXED USE","CONDEMNED","HERRON VILLAGE LLC","$43,600","https://www.google.com/maps/@40.452566,-79.964325,3a,75y,0h,90t","https://data.wprdc.org/dataset/condemned-properties","Condemned. Retail with apartments above. Upper Hill District.",""
"722 Sterrett St, Pittsburgh, PA 15208","40.455774","-79.894461","Pittsburgh","PA","15208","MIXED USE","CONDEMNED","R T HOMEWOOD LLC","$35,000","https://www.google.com/maps/@40.455774,-79.894461,3a,75y,0h,90t","https://data.wprdc.org/dataset/condemned-properties","Condemned. Office with apartments above. Homewood South neighborhood.",""
"250 N Church St, Canova, SD 57321","43.882824","-97.500212","Canova","SD","57321","INSTITUTIONAL","VACANT","KELLY CHRISTOPHERSON","","https://www.google.com/maps/place/250+N+Church+St,+Canova,+SD+57321/@43.882824,-97.5002122,200m/data=!3m1!1e3","https://www.1stdistrict.org/minerts/","Former hospital built 1922. 15-room building, 9,000 sqft on 0.59 acres. Operated as hospital, then medical clinic, then nursing home. Last occupied by a family until 2012, vacant since. Needs new roof. Listed for sale at $79,900 (March 2025). No Street View available - satellite view only. Miner County GIS Record 3176, Lot 2 Block 3 Canova Village-Aldrichs.",""
"11 W Hunter St, Sumter, SC 29150","33.949483","-80.342500","Sumter","SC","29150","RESIDENTIAL","ABANDONED","WILCHER EVA","$14,076","https://www.google.com/maps/place/11+W+Hunter+St,+Sumter,+SC+29150/@33.949483,-80.3425,18z","https://www.sumtersc.gov/sites/default/files/uploads/Departments/Planning/Reports/vacant_housing_survey_2022_final.pdf","Poor condition per 2022 city survey; zero water consumption 4+ years; mobile home visible in Street View",""
"1003 Porter St, Sumter, SC 29150","33.947159","-80.350441","Sumter","SC","29150","RESIDENTIAL","PROBABLY VACANT","PATEL DHIREN","$24,213","https://www.google.com/maps/place/1003+Porter+St,+Sumter,+SC+29150/@33.947159,-80.350441,18z","https://www.sumtersc.gov/sites/default/files/uploads/Departments/Planning/Reports/vacant_housing_survey_2022_final.pdf","Poor condition per 2022 city survey; zero water consumption 4+ years",""
"115 E Moore St, Sumter, SC 29150","33.943849","-80.339891","Sumter","SC","29150","RESIDENTIAL","ABANDONED","BLANDING DEION ALEXANDER","$5,531","https://www.google.com/maps/place/115+E+Moore+St,+Sumter,+SC+29150/@33.943849,-80.339891,18z","https://www.sumtersc.gov/sites/default/files/uploads/Departments/Planning/Reports/vacant_housing_survey_2022_final.pdf","Poor condition per 2022 city survey; brick house with neglected yard visible in SV",""
"51 W Moore St, Sumter, SC 29150","33.943154","-80.347436","Sumter","SC","29150","RESIDENTIAL","ABANDONED","SWINTON FRANCIS HEIRS OF","$10,005","https://www.google.com/maps/place/51+W+Moore+St,+Sumter,+SC+29150/@33.943154,-80.347436,18z","https://www.sumtersc.gov/sites/default/files/uploads/Departments/Planning/Reports/vacant_housing_survey_2022_final.pdf","Poor condition per 2022 city survey; small house with leaf-covered yard, no activity",""
"329 Church St, Sumter, SC 29150","33.929982","-80.346027","Sumter","SC","29150","RESIDENTIAL","PROBABLY VACANT","SC ELLITE PROPERTIES LLC","$29,985","https://www.google.com/maps/place/329+Church+St,+Sumter,+SC+29150/@33.929982,-80.346027,18z","https://www.sumtersc.gov/sites/default/files/uploads/Departments/Planning/Reports/vacant_housing_survey_2022_final.pdf","Poor condition per 2022 city survey; zero water consumption 4+ years",""
"523 President Dr, Sumter, SC 29150","33.935800","-80.367862","Sumter","SC","29150","RESIDENTIAL","ABANDONED","JENKINS JANNETTE N","$33,319","https://www.google.com/maps/place/523+President+Dr,+Sumter,+SC+29150/@33.935800,-80.367862,18z","https://www.sumtersc.gov/sites/default/files/uploads/Departments/Planning/Reports/vacant_housing_survey_2022_final.pdf","Poor condition per 2022 city survey; structure confirmed in Google Maps photos; heavily vegetated",""
"527 President Dr, Sumter, SC 29150","33.935792","-80.367969","Sumter","SC","29150","RESIDENTIAL","ABANDONED","MCGILL MARVIN","$15,810","https://www.google.com/maps/place/527+President+Dr,+Sumter,+SC+29150/@33.935792,-80.367969,18z","https://www.sumtersc.gov/sites/default/files/uploads/Departments/Planning/Reports/vacant_housing_survey_2022_final.pdf","Poor condition per 2022 city survey; structure confirmed in Google Maps photos; heavily vegetated",""
"39 Lemmon St, Sumter, SC 29150","33.938237","-80.335576","Sumter","SC","29150","RESIDENTIAL","PROBABLY VACANT","VAUGHN GREGORY","$71,174","https://www.google.com/maps/place/39+Lemmon+St,+Sumter,+SC+29150/@33.938237,-80.335576,18z","https://www.sumtersc.gov/sites/default/files/uploads/Departments/Planning/Reports/vacant_housing_survey_2022_final.pdf","Poor condition per 2022 city survey; structure obscured by dense vegetation in SV",""
"24 Branch St, Sumter, SC 29150","33.906139","-80.346660","Sumter","SC","29150","RESIDENTIAL","PROBABLY VACANT","CHURCH OF GOD BY FAITH INC","$46,361","https://www.google.com/maps/place/24+Branch+St,+Sumter,+SC+29150/@33.906139,-80.346660,18z","https://www.sumtersc.gov/sites/default/files/uploads/Departments/Planning/Reports/vacant_housing_survey_2022_final.pdf","Poor condition per 2022 city survey; survey confirmed as vacant structure; area appears mostly open in SV",""
"521 W Oakland Ave, Sumter, SC 29150","33.915837","-80.352710","Sumter","SC","29150","RESIDENTIAL","VACANT","OSMOND 3 DEV HOLDING LLC","$39,005","https://www.google.com/maps/place/521+W+Oakland+Ave,+Sumter,+SC+29150/@33.915837,-80.352710,18z","https://www.sumtersc.gov/sites/default/files/uploads/Departments/Planning/Reports/vacant_housing_survey_2022_final.pdf","Fair condition per 2022 city survey; small white house with bare yard visible in SV",""
"646 W Oakland Ave, Sumter, SC 29150","33.915322","-80.357530","Sumter","SC","29150","RESIDENTIAL","VACANT","ALLEN THOMAS ETAL","$29,451","https://www.google.com/maps/place/646+W+Oakland+Ave,+Sumter,+SC+29150/@33.915322,-80.357530,18z","https://www.sumtersc.gov/sites/default/files/uploads/Departments/Planning/Reports/vacant_housing_survey_2022_final.pdf","Fair condition per 2022 city survey; zero water consumption 4+ years",""
"932 Bailey St, Sumter, SC 29150","33.897350","-80.347613","Sumter","SC","29150","RESIDENTIAL","PROBABLY VACANT","CAPITAL INVES PROP LLC","$123,066","https://www.google.com/maps/place/932+Bailey+St,+Sumter,+SC+29150/@33.897350,-80.347613,18z","https://www.sumtersc.gov/sites/default/files/uploads/Departments/Planning/Reports/vacant_housing_survey_2022_final.pdf","Fair condition per 2022 city survey; zero water consumption 4+ years; structure partially visible behind trees",""
"548 S Main St, Sumter, SC 29150","33.908331","-80.342940","Sumter","SC","29150","RESIDENTIAL","VACANT","ROSE CLARENCE ETAL","$19,985","https://www.google.com/maps/place/548+S+Main+St,+Sumter,+SC+29150/@33.908331,-80.342940,18z","https://www.sumtersc.gov/sites/default/files/uploads/Departments/Planning/Reports/vacant_housing_survey_2022_final.pdf","Fair condition per 2022 city survey; near S Main St corridor; note: 2025 demolition program active on this corridor",""
"118 S Salem Ave, Sumter, SC 29150","33.917105","-80.350854","Sumter","SC","29150","RESIDENTIAL","PROBABLY VACANT","MORWOOD DANIEL","$56,641","https://www.google.com/maps/place/118+S+Salem+Ave,+Sumter,+SC+29150/@33.917105,-80.350854,18z","https://www.sumtersc.gov/sites/default/files/uploads/Departments/Planning/Reports/vacant_housing_survey_2022_final.pdf","Fair condition per 2022 city survey; zero water consumption 4+ years; neighborhood appears maintained",""
"615 N Magnolia St, Sumter, SC 29150","33.931101","-80.338013","Sumter","SC","29150","RESIDENTIAL","VACANT","SMITH CLYDE R & DIANE L","$48,256","https://www.google.com/maps/place/615+N+Magnolia+St,+Sumter,+SC+29150/@33.931101,-80.338013,18z","https://www.sumtersc.gov/sites/default/files/uploads/Departments/Planning/Reports/vacant_housing_survey_2022_final.pdf","Fair condition per 2022 city survey; white building with porch visible in SV; leaf-covered yard",""
"101 Middle St, Sumter, SC 29150","33.937732","-80.366040","Sumter","SC","29150","RESIDENTIAL","PROBABLY VACANT","MA WEI","$31,129","https://www.google.com/maps/place/101+Middle+St,+Sumter,+SC+29150/@33.937732,-80.366040,18z","https://www.sumtersc.gov/sites/default/files/uploads/Departments/Planning/Reports/vacant_housing_survey_2022_final.pdf","Fair condition per 2022 city survey; ranch-style house visible; note: 2025 demolition program active on Middle St",""
"307 Brand St, Sumter, SC 29150","33.906181","-80.338519","Sumter","SC","29150","RESIDENTIAL","PROBABLY VACANT","BLANDING RUTH M","$29,907","https://www.google.com/maps/place/307+Brand+St,+Sumter,+SC+29150/@33.906181,-80.338519,18z","https://www.sumtersc.gov/sites/default/files/uploads/Departments/Planning/Reports/vacant_housing_survey_2022_final.pdf","Fair condition per 2022 city survey; zero water consumption 4+ years",""
"813 Boulevard Rd, Sumter, SC 29150","33.905145","-80.319906","Sumter","SC","29150","RESIDENTIAL","PROBABLY VACANT","BOSTIC JIMMY","$54,250","https://www.google.com/maps/place/813+Boulevard+Rd,+Sumter,+SC+29150/@33.905145,-80.319906,18z","https://www.sumtersc.gov/sites/default/files/uploads/Departments/Planning/Reports/vacant_housing_survey_2022_final.pdf","Fair condition per 2022 city survey; zero water consumption 4+ years",""
"3910 Granby St, Norfolk, VA 23504","36.882091","-76.281752","Norfolk","VA","23504","RETAIL","VACANT","3910 GRANBY HOLDINGS LLC","$724,600","https://www.google.com/maps/@36.8820841,-76.2817824,3a,75y,90h,90t/data=!3m7!1e1!3m5!1sCIHM0ogKEICAgIDanaTbdg!2e10","https://air.norfolk.gov/#/search?term=3910%20GRANBY%20ST","Single-story commercial building with empty storefront. Active Open and Vacant code enforcement violation (Extension Granted Mar 2026). Jul 2019 Street View confirms vacancy. Norfolk AIR: Tax Acct 35307400, Com Other Retail Bldg, built 1947, 15196 sqft parcel. Sold 09/2023 $847,500. Active Open and Vacant violation (Extension Granted Mar 2026).",""
"4504 Colley Ave, Norfolk, VA 23508","36.885153","-76.294879","Norfolk","VA","23508","COMMERCIAL OFFICE","CONDEMNED","REED B THOMAS & KATHLEEN V","$204,800","https://www.google.com/maps/@36.885175,-76.2949342,3a,75y,90h,90t/data=!3m7!1e1!3m5!1stdoBFkb-lbry1d2EiKQRmA!2e0","https://data.norfolk.gov/Government/Neighborhood-Quality-Code-Enforcement-Cases/mxtv-99gh","Small 1-2 story office building. Active Vacating Unsafe Structure violation (Work in Progress Jan 2026). Assessor: Com 1 & 2 Sty Office Bldg. 0.19 acres.",""
"1601 Marshall Ave, Portsmouth, VA 23704","36.814867","-76.318183","Portsmouth","VA","23704","WAREHOUSE","ABANDONED","","$1,526,716","https://www.google.com/maps/place/1601+Marshall+Ave%2C+Portsmouth%2C+VA+23704/@36.8154775%2C-76.319629%2C17z","http://data.portsmouthva.gov/assessor/data/realestateresultscomm.aspx?MAP_PARCEL=01330030","41034 sq ft warehouse on 5.74 acres. Fire June 2023. Listed AS-IS 1.7M Aug 2024. Satellite confirms damaged roof and empty fenced lot. Assessor: Industrial, 5.739 acres, built 1925. Sold 06/2024 $1,089,000. Sold 01/2022 $1,350,000.",""
"309 High St, Portsmouth, VA 23704","36.835279","-76.299547","Portsmouth","VA","23704","RETAIL","PROBABLY VACANT","","$206,460","https://www.google.com/maps/@36.8353878%2C-76.2998072%2C3a%2C75y%2C177h%2C90t/data=!3m7!1e1!3m5!1sgYt8AprdDxFSVV5gsWmdmw!2e0","http://data.portsmouthva.gov/assessor/data/realestateresultscomm.aspx?MAP_PARCEL=00070120","Multi-story brick commercial. Ground floor storefronts appear vacant with dark windows. LEASE sign visible. LoopNet listing expired. Assessor: Commercial store, 10893 sqft, 3 stories, built 1900. Sold 01/2025 $575,000.",""
"432 Broad St, Portsmouth, VA 23707","36.847703","-76.335444","Portsmouth","VA","23707","INSTITUTIONAL","VACANT","CITY OF PORTSMOUTH","$386,280","https://www.google.com/maps/place/432+Broad+St%2C+Portsmouth%2C+VA+23707/@36.847703%2C-76.335444%2C17z","https://www.pilotonline.com/government/local/vp-nw-port-norfolk-recreation-center-20220707-3vuw5c6yr5bnpjn3s56lqae6n4-story.html","Port Norfolk Recreation Center. City-owned. Described as dark and vacant since at least 2022. Voting site removed. Assessor: Exempt commercial, public use facility, 7048 sqft, built 1924.",""
"1001 Frederick Blvd, Portsmouth, VA 23707","36.830035","-76.339898","Portsmouth","VA","23707","RESTAURANT","PROBABLY VACANT","","","https://www.google.com/maps/place/1001+Frederick+Blvd%2C+Portsmouth%2C+VA+23707/@36.830035%2C-76.339898%2C17z","https://www.loopnet.com/Listing/1001-Frederick-Blvd-Portsmouth-VA/22913552/","Former IHOP. Permanently closed. LoopNet lists as Redevelopment Opportunity. No visual verification of building vacancy. Not found in Portsmouth assessor (addresses skip from 901 to 1027 on Frederick Blvd).",""
"7330 Old Wake Forest Rd, Raleigh, NC 27616","35.866997","-78.577263","Raleigh","NC","27616","RETAIL","VACANT","LT RALEIGH NC LLC","$11,564,135","https://www.google.com/maps/place/7330+Old+Wake+Forest+Rd,+Raleigh,+NC+27616/@35.866997,-78.577263,17z","https://services.wake.gov/realestate/Account.asp?id=0280478","Former Sears at Triangle Town Center. 154,049 sqft heated area, 12.3 acres. Vacant since Sears closed Aug 2021. Sold 08/2021 $5,850,000. SV confirms large retail building (Feb 2026).",""
"5959 Triangle Town Blvd, Raleigh, NC 27616","35.866569","-78.575942","Raleigh","NC","27616","RETAIL","CHRONICALLY VACANT","TRIANGLE TOWN CENTER REALTY HOLDING","$61,433,020","https://www.google.com/maps/place/5959+Triangle+Town+Blvd,+Raleigh,+NC+27616/@35.866569,-78.575942,17z","https://services.wake.gov/realestate/Account.asp?id=0280471","Triangle Town Center mall. 684,730 sqft, 35.37 acres. Macy's closed Q1 2026, Saks Fifth Avenue closing May 2026. Commons outdoor section described as ghost town. Sold to Summit Properties USA Dec 2024 for redevelopment.",""
"1100 New Bern Ave, Raleigh, NC 27610","35.778537","-78.622988","Raleigh","NC","27610","COMMERCIAL OFFICE","ABANDONED","CITY OF RALEIGH","$27,567,751","https://www.google.com/maps/place/1100+New+Bern+Ave,+Raleigh,+NC+27610/@35.778537,-78.622988,17z","https://raleighnc.gov/projects/former-dmv-site","Former NC DMV headquarters. Vacated ~2020-2021 when DMV relocated to Rocky Mount. Purchased by City of Raleigh June 2024 for $20M. Fenced off, asbestos abatement underway. Demolition contracted but still in planning phase as of Apr 2026. SV from Jul 2018 shows Motor Vehicle Building still standing.",""
"1058 W Club Blvd, Durham, NC 27701","36.016943","-78.911052","Durham","NC","27701","RETAIL","ABANDONED","NORTHWOOD INVESTORS","","https://www.google.com/maps/@36.016943,-78.911052,17z","","Northgate Mall. Closed 2020 after anchors (Sears, JCPenney) departed. Satellite shows large retail building with empty parking lot still standing. Plans for mixed-use redevelopment by Northwood Ravin announced but not yet begun as of Apr 2026.",""
"505 W Chapel Hill St, Durham, NC 27701","35.996929","-78.908927","Durham","NC","27701","COMMERCIAL OFFICE","VACANT","CITY OF DURHAM","$38,891,314","https://www.google.com/maps/@35.996929,-78.908927,3a,75y,180h,90t/data=!3m7!1e1!3m5!1s!2e0!6s!7i16384!8i8192","https://taxcama.dconc.gov/camapwa/PropertySummary.aspx?PARCELPK=13783","Former Durham Police HQ. Vacated 2018-2019 when police relocated to new HQ. 4.09 acres, 70,567 sqft gross leasable area. City-owned, exempt from taxes. May 2024 SV shows multi-story office building. REID 114577.",""
"311 E Main St, Durham, NC 27701","35.993675","-78.898154","Durham","NC","27701","INSTITUTIONAL","VACANT","","$1,209,867","https://www.google.com/maps/@35.993675,-78.898154,3a,75y,90h,90t/data=!3m7!1e1!3m5!1s!2e0!6s!7i16384!8i8192","","Former Durham County Library. Closed ~2019 when main library relocated to new facility on Roxboro St. Stone/brick classical building, iron gates. Listed for sale at $3.5M. Sep 2025 SV shows building standing but gated/unused.",""
"306 S Gregson St, Durham, NC 27701","35.997679","-78.910356","Durham","NC","27701","COMMERCIAL OFFICE","ABANDONED","WILLIAM B FIELDS & PATRICE FIELDS","","https://www.google.com/maps/@35.997679,-78.910356,3a,75y,90h,90t/data=!3m7!1e1!3m5!1s!2e0!6s!7i16384!8i8192","","Medical Arts Building. Vacant since early 1990s (~30 years). 3-story cream/white building visible on Sep 2025 SV with mostly empty parking lot. Adjacent to Durham Bulls Athletic Park area. One of Durham's longest-standing vacant buildings.",""
"4425 Eddleman Rd, Charlotte, NC 28208","35.251242","-80.897304","Charlotte","NC","28208","HOSPITALITY","CONDEMNED","FULA LLC","$1,349,000","https://www.google.com/maps/@35.251242,-80.897304,17z","https://www.wfae.org/race-equity/2024-12-09/the-closure-of-a-rundown-motel-is-the-latest-test-to-charlottes-push-to-find-people-homes-fast","Lamplighter Inn motel. City of Charlotte condemned and boarded up Dec 2024 due to unsafe plumbing, pests, no trash collection. 68 residents displaced. Double homicide reported at shuttered property afterward. Building still standing per satellite.",""
"1600 Tyvola Rd, Charlotte, NC 28210","35.163412","-80.871587","Charlotte","NC","28210","INSTITUTIONAL","ABANDONED","CHARLOTTE-MECKLENBURG SCHOOLS","","https://www.google.com/maps/@35.163412,-80.871587,17z","https://www.wfae.org/education/2026-03-03/parents-push-cms-to-demolish-vacant-building-next-to-collinswood-school","Former Smith Family Center (CMS). Vacant since 2021, closed due to asbestos concerns. Boarded up, no power. Evidence of trespassing and drug use. Adjacent to Collinswood Language Academy. CMS still evaluating options as of Mar 2026.",""
"400 S Tryon St, Charlotte, NC 28202","35.224929","-80.846479","Charlotte","NC","28202","COMMERCIAL OFFICE","VACANT","SPANDREL DEVELOPMENT PARTNERS","$115,300,000","https://www.google.com/maps/@35.224929,-80.846479,3a,75y,180h,90t/data=!3m7!1e1!3m5!1s!2e0!6s!7i16384!8i8192","https://www.axios.com/local/charlotte/2026/04/03/uptown-charlotte-400-south-tryon-conversion","Former Wachovia Center. 32-story, 587,000 SF office tower. Foreclosed 2024, lenders seized with $36M credit bid vs $115.3M assessed. Spandrel bought Apr 2025 for conversion to apartments/hotel. Building largely vacant as of Apr 2026. Dec 2025 SV shows tower standing.",""
"1685 E Broad St, Statesville, NC 28625","35.790792","-80.857306","Statesville","NC","28625","RETAIL","ABANDONED","","","https://www.google.com/maps/@35.790792,-80.857306,3a,75y,0h,90t/data=!3m7!1e1!3m5!1s!2e0!6s!7i16384!8i8192","","Signal Hill Mall. Enclosed regional mall opened 1973. Interior closed to public Jan 2024. Previously 40+ stores, only Belk remained by closure. Severe mold, deep disrepair. For sale since 2022. Jan 2026 SV confirms large white building with completely empty parking lot.",""
"5300 High Point Rd, Greensboro, NC 27407","36.019281","-79.885245","Greensboro","NC","27407","COMMERCIAL OFFICE","ABANDONED","CLACHAN PROPERTIES LLC","","https://www.google.com/maps/@36.019281,-79.885245,17z","https://www.wfmynews2.com/article/news/local/pilot-life-insurance-co-building-greensboro-historic-public-hearing/83-5163c8a0-3844-4d68-9f3d-2a2a97e5334a","Former Pilot Life Insurance Co. headquarters. Built 1920s on 43-acre wooded campus. Vacant since 1990 (~35 years). Boarded up with broken windows. Listed on National Register of Historic Places (2022). Clachan Properties (Richmond VA) bought for $5.5M in 2022. Conversion to luxury apartments planned but not yet started. Jan 2024 SV shows building through trees.",""
"1 W Fourth St, Winston-Salem, NC 27101","36.098582","-80.244086","Winston-Salem","NC","27101","COMMERCIAL OFFICE","CHRONICALLY VACANT","","","https://www.google.com/maps/@36.098582,-80.244086,3a,75y,90h,90t/data=!3m7!1e1!3m5!1s!2e0!6s!7i16384!8i8192","https://journalnow.com/news/local/business/real-estate/winston-salem-facing-daunting-challenge-filling-increasing-vacant-downtown-office-space/article_902c3db8-917a-11ef-b4eb-2b082d150e72.html","One West Fourth (former BB&T/Wells Fargo HQ). 13-story, 431,465 SF Class A office tower. Accounts for ~31% of all vacant office space in downtown Winston-Salem. Downtown CBD hit record 31.3% vacancy rate. Mar 2025 SV shows tower standing.",""
"2101 Peters Creek Pkwy, Winston-Salem, NC 27127","36.069922","-80.257844","Winston-Salem","NC","27127","RETAIL","CHRONICALLY VACANT","SAMCO PROPERTIES","","https://www.google.com/maps/@36.069922,-80.257844,3a,75y,90h,90t/data=!3m7!1e1!3m5!1s!2e0!6s!7i16384!8i8192","","Marketplace Mall. 166,000 SF on 25 acres. Opened as enclosed mall, now classified as dead mall. Only a handful of tenants remain (Dollar Tree, Hamrick's). Lost majority of tenants by 2003. Multiple failed revitalization attempts. Jan 2025 SV shows mostly empty parking lot with cinema building.",""
"101 Gillespie St, Fayetteville, NC 28301","35.052323","-78.878326","Fayetteville","NC","28301","COMMERCIAL OFFICE","VACANT","","","https://www.google.com/maps/@35.052323,-78.878326,3a,75y,0h,90t/data=!3m7!1e1!3m5!1s!2e0!6s!7i16384!8i8192","https://www.cityviewnc.com/stories/five-of-downtown-fayettevilles-largest-buildings-are-for-sale/","Lawyers Building. Fayetteville's first skyscraper, built 1916. 5-story, 10,725 sqft. National Register of Historic Places. Ground-floor windows boarded up. For sale at $2.65M. Requires full upfit of all floors.",""
"405 Hay St, Fayetteville, NC 28301","35.053937","-78.882441","Fayetteville","NC","28301","MIXED USE","VACANT","","","https://www.google.com/maps/@35.053937,-78.882441,3a,75y,0h,90t/data=!3m7!1e1!3m5!1s!2e0!6s!7i16384!8i8192","https://bizfayetteville.com/commercial-real-estate/2024/3/22/historic-huske-hardware-buildings-now-for-sale-in-downtown-fayetteville/2832","Huske Hardware House Building. 4-story, 41,950 sqft historic hardware building. Former restaurant/brewery closed Apr 15, 2024. For sale at $4.65M (packaged with 417 Hay St). No new tenant confirmed.",""
"100 S Third St, Wilmington, NC 28401","34.234366","-77.946018","Wilmington","NC","28401","HOSPITALITY","CONDEMNED","GRAYSTONE LODGINGS LLC","","https://www.google.com/maps/@34.234366,-77.946018,3a,75y,180h,90t/data=!3m7!1e1!3m5!1s!2e0!6s!7i16384!8i8192","https://portcitydaily.com/local-news/government/2025/11/17/now-condemned-graystone-fire-ruled-accidental-owners-still-hopeful-of-future/","Graystone Inn (Bridgers Mansion). Historic boutique hotel/B&B. Two fires within two years. Nov 2025 fire collapsed roof. New Hanover County condemned days later. Limestone exterior still standing. Owner says no demolition planned.",""
"255 N Front St, Wilmington, NC 28401","34.238233","-77.949143","Wilmington","NC","28401","COMMERCIAL","CONDEMNED","ADRIAN HOLDINGS LLC","","https://www.google.com/maps/@34.238233,-77.949143,3a,75y,0h,90t/data=!3m7!1e1!3m5!1s!2e0!6s!7i16384!8i8192","https://portcitydaily.com/local-news/2024/08/27/as-downtown-waffle-house-closes-building-owners-face-code-violations-going-back-2-years/","Elks Temple Building (1902). 4-story mixed commercial. Persistent code violations since 2022: cracked walls, rotted floors, water intrusion. Waffle House (ground floor) closed permanently Aug 2024. City ordered repair or vacate Sep 2024.",""
"205 Princess St, Wilmington, NC 28401","34.236627","-77.947440","Wilmington","NC","28401","COMMERCIAL OFFICE","CONDEMNED","","","https://www.google.com/maps/@34.236627,-77.94744,3a,75y,0h,90t/data=!3m7!1e1!3m5!1s!2e0!6s!7i16384!8i8192","https://portcitydaily.com/local-news/2024/08/09/downtown-building-condemned-after-roof-collapse-city-opens-case-to-track-situation/","Partial structural collapse Aug 2024 during Tropical Storm Debby. History of neglect and structural concerns. Condemned by New Hanover County Building Safety. Former web design firm tenant displaced.",""
"2 Peachtree St NW, Atlanta, GA 30303","33.753790","-84.390292","Atlanta","GA","30303","COMMERCIAL OFFICE","VACANT","CITY OF ATLANTA","","https://www.google.com/maps/@33.75379,-84.390292,3a,75y,0h,90t/data=!3m7!1e1!3m5!1s!2e0!6s!7i16384!8i8192","https://atlantaciviccircle.org/2026/03/20/atlanta-two-peachtree-affordable-housing-stalled/","41-story office tower built 1966. State vacated; City purchased 2023 for $39M for affordable housing. Project stalled Mar 2026. Building remains vacant. Dec 2025 SV shows shuttered ground floor.",""
"4001 Presidential Pkwy, Doraville, GA 30340","33.889345","-84.260902","Doraville","GA","30340","HOSPITALITY","ABANDONED","PEACOCK PARTNERSHIP INC","","https://www.google.com/maps/@33.889345,-84.260902,17z","https://www.atlantamagazine.com/news-culture-articles/ask-atlanta-whats-the-status-of-the-refurb-of-spaghetti-junctions-abandoned-presidential-hotel/","Presidential Hotel/Tower. 15-story former hotel built 1973. Closed 1987, briefly condos ~2010, fully vacant since ~2015. Prominent eyesore at Spaghetti Junction (I-85/I-285). $100M senior housing conversion announced but unclear if started.",""
"4800 Briarcliff Rd NE, Atlanta, GA 30345","33.848869","-84.256765","Atlanta","GA","30345","RETAIL","CHRONICALLY VACANT","ATR CORINTH PARTNERS","","https://www.google.com/maps/@33.848869,-84.256765,3a,75y,0h,90t/data=!3m7!1e1!3m5!1s!2e0!6s!7i16384!8i8192","https://www.fox5atlanta.com/news/tucker-city-council-discuss-northlake-malls-transformation-mixed-use-complex","Northlake Mall. ~1M sqft enclosed mall on 80+ acres. Macy's (last anchor) closing Jan 2026. Dead mall with no anchors. Mixed-use redevelopment proposed but not yet underway. Apr 2024 SV shows mall with parking lot.",""
"143 Alabama St SW, Atlanta, GA 30303","33.753900","-84.392491","Atlanta","GA","30303","COMMERCIAL OFFICE","ABANDONED","CITY OF ATLANTA","$1,033,520","https://www.google.com/maps/@33.7539,-84.392491,3a,75y,0h,90t/data=!3m7!1e1!3m5!1s!2e0!6s!7i16384!8i8192","https://saportareport.com/city-kicks-off-abandoned-atlanta-constitution-building-redo/columnists/delaney-tarr/delaneytarr/","Former Atlanta Constitution Building. Art Moderne style built 1947. Vacant since ~1972 (50+ years). $40.6M renovation announced Jun 2025 but building still dilapidated. Nov 2025 SV shows distinctive curved building with scaffolding.",""
"2841 Greenbriar Pkwy SW, Atlanta, GA 30331","33.686408","-84.492092","Atlanta","GA","30331","RETAIL","CHRONICALLY VACANT","HENDON PROPERTIES","","https://www.google.com/maps/@33.686408,-84.492092,3a,75y,0h,90t/data=!3m7!1e1!3m5!1s!2e0!6s!7i16384!8i8192","","Greenbriar Mall. Enclosed mall opened 1965. 2 vacant anchors (former Burlington and Fallas). Macy's closed Apr 2021. Some small tenants remain but majority vacant. Feb 2026 SV shows mall with nearly empty parking lot.",""
"2801 Candler Rd, Decatur, GA 30034","33.708111","-84.272193","Decatur","GA","30034","RETAIL","CHRONICALLY VACANT","NAMDAR REALTY GROUP","","https://www.google.com/maps/@33.708111,-84.272193,3a,75y,0h,90t/data=!3m7!1e1!3m5!1s!2e0!6s!7i16384!8i8192","","Gallery at South DeKalb. 800000 sqft enclosed mall. Macy's closed Jan 2020. Multiple vacant anchor spaces. Namdar Realty bought Dec 2021 for ~$19.3M. Some small tenants remain but significant vacancy. Apr 2025 SV.",""
"384 Peachtree St NE, Atlanta, GA 30308","33.763850","-84.387599","Atlanta","GA","30308","COMMERCIAL OFFICE","ABANDONED","GBX GROUP LLC","","https://www.google.com/maps/@33.76385,-84.387599,3a,75y,90h,90t/data=!3m7!1e1!3m5!1s!2e0!6s!7i16384!8i8192","https://atlanta.urbanize.city/post/medical-arts-building-for-sale-biggest-historic-eyesore-now-what","Medical Arts Building. 12-story, 88000 sqft, designed 1927 by G. Lloyd Preacher. First high-rise built for medical profession. Vacant since four-alarm fire in 1995 (30+ years). On Atlanta Preservation Center Endangered list since 2001. Multiple redevelopment proposals, none completed. Dec 2025 SV.",""
"225 Peachtree St NE, Atlanta, GA 30303","33.761907","-84.387476","Atlanta","GA","30303","COMMERCIAL OFFICE","VACANT","WILMINGTON TRUST NATIONAL ASSOCIATION","$2,012,000","https://www.google.com/maps/@33.761907,-84.387476,17z","https://atlanta.urbanize.city/post/labor-day-the-forge-peachtree-center-atl-apartment-building-real-estate-news","Peachtree Center South Tower. 40-story, 336000 sqft Class A office tower, built 1969 by John Portman. Completely vacant (0% occupancy). Part of Peachtree Center complex listed for sale by JLL after Banyan Street Capital foreclosure. Complex appraised at $121M. Owner considering apartment conversion.",""
"1155 Peachtree St NE, Atlanta, GA 30309","33.785054","-84.386215","Atlanta","GA","30309","COMMERCIAL OFFICE","ABANDONED","DEWBERRY GROUP","","https://www.google.com/maps/@33.785054,-84.386215,3a,75y,0h,90t/data=!3m7!1e1!3m5!1s!2e0!6s!7i16384!8i8192","https://atlanta.urbanize.city/post/city-files-abandoned-project-complaint-against-dewberrys-midtown-job","The Campanile. 21-story office tower. Dewberry Group began $186M renovation 2019, construction halted early 2020. City of Atlanta filed abandoned project complaint. Loan sold as non-performing. Stripped exterior visible from street. May 2025 SV shows construction site with no activity.",""
"300 Ponce de Leon Ave NE, Atlanta, GA 30308","33.772556","-84.377016","Atlanta","GA","30308","COMMERCIAL","CONDEMNED","ALY MANAGEMENT GROUP LLC","","https://www.google.com/maps/@33.772556,-84.377016,3a,75y,180h,90t/data=!3m7!1e1!3m5!1s!2e0!6s!7i16384!8i8192","https://roughdraftatlanta.com/2024/07/18/heavy-fire-breaks-out-at-iconic-kodak-building-on-ponce-de-leon-avenue/","Kodak Building. Early 1900s commercial building, former Star Photo/Kodak shop. Abandoned for years. Two major fires in June and July 2024. Condemned. Facade designated historic landmark. Adjacent to former Atlanta Eagle bar (also fire-damaged). Mar 2025 SV shows fenced-off property.",""
"2101 Finley Blvd, Birmingham, AL 35234","33.543552","-86.822561","Birmingham","AL","35234","INDUSTRIAL","ABANDONED","NORFOLK SOUTHERN RAILWAY","","https://www.google.com/maps/@33.543552,-86.822561,3a,75y,270h,90t/data=!3m7!1e1!3m5!1s!2e0!6s!7i16384!8i8192","https://www.abandonedalabama.com/finley-roundhouse/","Finley Roundhouse. Historic 25-berth reinforced concrete railway roundhouse built 1915 by Southern Railway. Largest reinforced concrete roundhouse in Alabama. Decommissioned 1952, leased for warehousing until 2003. Vacant since. Roof partially collapsed from 2013 tornado. On Alabama Places in Peril list 2017. May 2024 SV.",""
"1915 19th St Ensley, Birmingham, AL 35218","33.510159","-86.882775","Birmingham","AL","35218","INSTITUTIONAL","ABANDONED","FAITH CHAPEL CHRISTIAN CENTER","","https://www.google.com/maps/@33.510159,-86.882775,3a,75y,0h,90t/data=!3m7!1e1!3m5!1s!2e0!6s!7i16384!8i8192","https://www.bhamwiki.com/w/Holy_Family_Community_Hospital","Holy Family Community Hospital. Brick institutional building, original 12-bed hospital completed 1946 by Sisters of Charity of Nazareth for African-American community. Expanded over decades. Sold 1986, operated as Medical Park West until closing 1988. On Alabama Register of Landmarks 2008. Vandalized 2023. Mar 2024 SV shows abandoned multi-story brick building.",""
"51 W Forsyth St, Jacksonville, FL 32202","30.327218","-81.658465","Jacksonville","FL","32202","COMMERCIAL OFFICE","ABANDONED","LAURA TRIO LLC","","https://www.google.com/maps/@30.327218,-81.658465,3a,75y,0h,90t/data=!3m7!1e1!3m5!1s!2e0!6s!7i16384!8i8192","https://www.jaxdailyrecord.com/news/2025/mar/20/negotiations-on-sale-of-laura-street-trio-falter-prompting-city-to-resume-action-on-foreclosure-suit/","Laura Street Trio: Marble Bank (1902), Bisbee Building (1909, first reinforced-concrete high-rise in South), and Florida Life Building (1912). Three adjacent historic buildings at Laura/Forsyth intersection. Vacant since mid-1990s (30+ years). $800K+ unpaid code violation fines. City pursuing foreclosure Apr 2025 after sale negotiations failed.",""
"9501 Arlington Expressway, Jacksonville, FL 32225","30.321868","-81.548498","Jacksonville","FL","32225","RETAIL","ABANDONED","BLACKWATER DEVELOPMENT","$3,400,000","https://www.google.com/maps/@30.321868,-81.548498,17z","https://jaxtoday.org/2024/05/30/bulk-of-regency-square-mall-could-be-demolished/","Regency Square Mall. 900000+ sqft enclosed mall opened 1967. JCPenney (last original anchor) departed 2020. $1.8M in city code enforcement fines for leaks, floor damage, exposed wiring. Blackwater Development purchased for $19.1M, plans for Nexus at Regency mixed-use. East wing demolition in review Apr 2026. Building still standing.",""
"5000 Norwood Ave, Jacksonville, FL 32208","30.369787","-81.663284","Jacksonville","FL","32208","RETAIL","CHRONICALLY VACANT","GATEWAY RETAIL CENTER LLC","","https://www.google.com/maps/@30.369787,-81.663284,17z","https://www.jaxdailyrecord.com/news/2024/sep/23/gateway-town-center-investor-starting-toward-redevelopment-of-almost-11-acres/","Gateway Town Center. Enclosed mall opened 1960s, expanded 1967 with JCPenney and Montgomery Ward. Indoor mall section abandoned. Outdoor portion has few remaining tenants (Publix). Global Building converting former JCPenney to self-storage. Affordable housing (90-95 units) planned on 3.5 acres.",""
"233 W Duval St, Jacksonville, FL 32202","30.329974","-81.660162","Jacksonville","FL","32202","COMMERCIAL OFFICE","ABANDONED","PEP10 LLC","$3,521,428","https://www.google.com/maps/@30.329974,-81.660162,3a,75y,0h,90t/data=!3m7!1e1!3m5!1s!2e0!6s!7i16384!8i8192","https://www.thejaxsonmag.com/article/inside-the-abandoned-old-independent-life-building/","Independent Life Building. 162000 sqft office tower built 1955 by KBJ Architects for Independent Life and Accident Insurance Co. JEA (electric utility) occupied 1976-1999. Abandoned since Mar 1999 (27 years). Augustine Development Group's $30M adaptive reuse plan stalled. Downtown Jacksonville's tallest abandoned building.",""
"2901 E South Blvd, Montgomery, AL 36116","32.344600","-86.261500","Montgomery","AL","36116","RETAIL","CHRONICALLY VACANT","","","https://www.google.com/maps/@32.3446,-86.2615,17z","https://www.abandonedalabama.com/montgomery-mall-2/","Montgomery Mall (now One Center). 700000 sqft enclosed mall opened 1970, closed 2008. Anchor buildings repurposed (city police precinct, fire station, schools). Inline retail section (256333 sqft) approximately 95% vacant. Blue Ridge Capital rebranded as One Center 2015. Listed for redevelopment.",""
"634 E Patton Ave, Montgomery, AL 36111","32.333528","-86.295301","Montgomery","AL","36111","RETAIL","CHRONICALLY VACANT","","","https://www.google.com/maps/@32.333528,-86.295301,17z","https://www.abandonedalabama.com/normandale-shopping-center/","Normandale Shopping Center. Alabama's first post-war shopping plaza, opened 1954 on 22.5 acres. Originally 186000 leasable sqft with 29 stores. Anchor Loveman's closed 1981. 1995 tornado damaged southern arcade. A few businesses remain but most sits empty.",""
"470 Dauphin St, Mobile, AL 36602","30.689967","-88.047495","Mobile","AL","36602","COMMERCIAL","CONDEMNED","WALKER BROTHERS INVESTMENTS","","https://www.google.com/maps/@30.689967,-88.047495,3a,75y,0h,90t/data=!3m7!1e1!3m5!1s!2e0!6s!7i16384!8i8192","https://utv44.com/news/local/long-vacant-dauphin-st-properties-being-cited-for-being-unsafe-unsecured","Vacant commercial storefront on Dauphin Street. Exterior wall collapsed in 20 mph winds Feb 2026. City issued Emergency Declaration of Nuisance Property requiring immediate securing. Part of corridor of blighted properties in downtown Mobile's entertainment district.",""
"661 Dauphin St, Mobile, AL 36602","30.688690","-88.050708","Mobile","AL","36602","COMMERCIAL","ABANDONED","WALKER BROTHERS INVESTMENTS","","https://www.google.com/maps/@30.68869,-88.050708,3a,75y,0h,90t/data=!3m7!1e1!3m5!1s!2e0!6s!7i16384!8i8192","https://mynbc15.com/news/local/two-more-downtown-dauphin-street-storefronts-declared-nuisance-properties","Former OK Bicycle Shop/restaurant. Owned by Walker Brothers Investments. Vacant for years with broken front door. Declared nuisance property by Mobile City Council. Part of vacant structure registry ordinance requiring securing, fire alarms, and annual registration fees.",""
"301 N Jefferson Davis Pkwy, New Orleans, LA 70119","29.972001","-90.092779","New Orleans","LA","70119","INSTITUTIONAL","ABANDONED","","","https://www.google.com/maps/@29.972001,-90.092779,3a,75y,0h,90t/data=!3m7!1e1!3m5!1s!2e0!6s!7i16384!8i8192","https://www.wwltv.com/article/news/local/new-efforts-to-turn-former-lindy-boggs-hospital-into-art-installation-as-permanent-plans-are-made/289-5e9ec4c4-b5d3-48f6-b826-86401760831a","Lindy Boggs Medical Center (formerly Mercy Hospital). 187-bed, 400000 sqft hospital built 1959 in Mid-City. Abandoned since Hurricane Katrina Aug 2005. 19 people died inside during storm. Severely deteriorated with graffiti. Nursing home conversion scrapped Nov 2024. Voter-approved demolition funded for 2026. Building still standing.",""
"8400 Kirby Dr, Houston, TX 77054","29.684900","-95.410600","Houston","TX","77054","COMMERCIAL","ABANDONED","HARRIS COUNTY","","https://www.google.com/maps/@29.6849,-95.4106,17z","https://www.houstonpublicmedia.org/articles/news/houston/2025/12/22/539385/astrodome-harris-county-renovation-demolition-nrg-park/","Houston Astrodome. 66000-seat domed stadium opened 1965 at NRG Park. 'Eighth Wonder of the World.' Shuttered 2008 (18 years vacant). $750M renovation estimate. State antiquities landmark. Deemed eligible for National Historic Landmark 2026. No redevelopment plan finalized. Largest abandoned structure in Houston.",""
"1720 S Boulder Ave, Tulsa, OK 74119","36.137030","-95.988673","Tulsa","OK","74119","INSTITUTIONAL","ABANDONED","SHARP BOULDER ENTERPRISES","","https://www.google.com/maps/@36.1370675,-95.9884488,3a,90y,270h,100t/data=!3m7!1e1!3m5!1sGUIw7SDUhEEyke3VWH3Pbw!2e0!6s!7i16384!8i8192","https://www.atlasobscura.com/places/abundant-life-building","Abundant Life Building. 7-story windowless concrete building built 1957-58 as headquarters of Oral Roberts Evangelistic Association. Distinctive diamond-faceted exterior removed 2019 as safety precaution. Abandoned since early 1980s (40+ years). $2M asbestos remediation funded by state/city. Owner Sharp Boulder Enterprises has no solid redevelopment plans. Featured on Discovery Channel's Mysteries of the Abandoned.",""
"525 Milam St, Shreveport, LA 71101","32.511300","-93.749300","Shreveport","LA","71101","COMMERCIAL OFFICE","VACANT","","","https://www.google.com/maps/@32.5113,-93.7493,3a,75y,0h,90t/data=!3m7!1e1!3m5!1s!2e0!6s!7i16384!8i8192","https://www.shreveportbossieradvocate.com/business/downtown-shreveport-525-milam-centerpoint-building-auction/article_aea992c8-1b14-42e7-aee3-6f817bd835d6.html","CenterPoint Energy Building (former ARKLA Gas HQ). 14-story office tower, 287444 sqft. Long-time headquarters of Arkansas Louisiana Gas Company. Delivered vacant. Failed Ten-X online auction Jul 2025 — no bids met $250K reserve. Well-maintained with 24/7 security, data center. Eligible for state/federal historic tax credits. Tallest vacant office building in downtown Shreveport.",""
"509 Marshall St, Shreveport, LA 71101","32.512700","-93.749300","Shreveport","LA","71101","COMMERCIAL OFFICE","CHRONICALLY VACANT","","","https://www.google.com/maps/@32.5127,-93.7493,3a,75y,90h,130t/data=!3m7!1e1!3m5!1smIuYAkH-2tN-sH0zig-5_w!2e0!6s!7i16384!8i8192","https://www.ktbs.com/news/arklatex-indepth/collector-of-buildings-leaves-downtown-shreveport-properties-empty/article_54805900-a4c5-11e8-81b6-2fae5f7feab8.html","Slattery Building. 17-story office tower completed 1924. Tallest privately owned building in Louisiana when dedicated Aug 1924. Named for businessman John Bernard Slattery. Won by developer Eddie Hakim in 2012 lawsuit. Front doors locked, most floors vacant. Couple retail tenants on ground floor. Part of downtown Shreveport's vacant building ordinance requiring registry and fees.",""
"103 E 7th St, Little Rock, AR 72201","34.743000","-92.269400","Little Rock","AR","72201","COMMERCIAL OFFICE","VACANT","","","https://www.google.com/maps/@34.743,-92.2694,3a,75y,0h,90t/data=!3m7!1e1!3m5!1s!2e0!6s!7i16384!8i8192","https://preservearkansas.org/donaghey-building/","Donaghey Building. 14-story office building completed 1926, tallest in Little Rock at time of construction. Named for Gov. George Washington Donaghey. Completely empty and for sale at $8M. Chi Hotel Group purchased 2014 for $4.6M, planned Aloft hotel conversion but work stalled. Listed on LoopNet. Corner of E 7th St and S Main St in downtown Little Rock.",""
"996 Early Maxwell Blvd, Memphis, TN 38104","35.118700","-90.035800","Memphis","TN","38104","COMMERCIAL","ABANDONED","CITY OF MEMPHIS","","https://www.google.com/maps/@35.1187,-90.0358,17z","https://www.memphisheritage.org/historic-properties/mid-south-coliseum/","Mid-South Coliseum. 11000-seat arena at Mid-South Fairgrounds built 1964. Hosted Elvis Presley, Led Zeppelin, wrestling, hockey. Closed 2006 (20 years). Listed on National Register of Historic Places 2000. Memphis 901 FC proposed demolition for soccer stadium 2022. Coliseum Conservancy formed Mar 2024 seeking $25M for restoration. Building still standing, mothballed.",""
"601 N St Marys St, San Antonio, TX 78205","29.429409","-98.491557","San Antonio","TX","78205","COMMERCIAL OFFICE","ABANDONED","BRMK ST MARYS LLC","","https://www.google.com/maps/@29.4292627,-98.4915838,3a,90y,10h,120t/data=!3m7!1e1!3m5!1sMRZFjmNpGdp17ocM4busOA!2e0!6s!7i16384!8i8192","https://www.heresanantonio.com/hedrick-building-san-antonio-future/","Hedrick Building. 10-story, 42000 sqft office building at N St Mary's and E Martin. Vacant since 1986 (40 years). Aluminum facade removed 2017 revealing original 1920s exterior. Craig Glendenning planned $15.2M extended-stay hotel conversion but project stalled. Ready Capital Corp foreclosed Oct 2024. Partially boarded up. City rejected 2008 demolition request due to historic significance.",""
"1112 NW 23rd St, Oklahoma City, OK 73106","35.492805","-97.530805","Oklahoma City","OK","73106","COMMERCIAL","VACANT","","","https://www.google.com/maps/@35.492805,-97.530805,3a,75y,185h,90t/data=!3m7!1e1!3m5!1sM5QiOXL_sKLHPVhQKqc5Aw!2e0!6s!7i16384!8i8192","https://en.wikipedia.org/wiki/Gold_Dome","Gold Dome. Geodesic dome structure built 1958 on Route 66 at NW 23rd and Classen Blvd. Originally Citizens State Bank. Vacant for decades after multiple failed uses. OKC City Council approved $10M renovation plan Jan 2026 ($3M TIF + $7M private) for 2000-3000 seat concert venue. Construction may begin late 2026. Building still vacant and unused as of Apr 2026.",""
"101 E Sheridan Ave, Oklahoma City, OK 73104","35.466777","-97.510346","Oklahoma City","OK","73104","RESTAURANT","ABANDONED","","","https://www.google.com/maps/@35.4664841,-97.5100239,3a,75y,315h,95t/data=!3m7!1e1!3m5!1sNhqCP_N5SQtjOy6xokZ5Iw!2e0!6s!7i16384!8i8192","https://tulsaworld.com/business/spaghetti-warehouse-in-oklahoma-city-bricktown-set-to-be-declared-an-abandoned-building/article_fef18a9d-8077-5c3e-a710-f12e809f0fe4.html","Former Spaghetti Warehouse. 98000 sqft, 6 floors plus basement, on 0.32 acres in Bricktown entertainment district. Sparked Bricktown's launch as entertainment district in 1990s. Restaurant closed Feb 2016. Declared abandoned building by OKC Council. Sam Coury bought 2017 for $3.8M but building still vacant and for sale on LoopNet. Original trolley car still on first floor. In Opportunity Zone.",""
"34 N Main St, Dayton, OH 45402","39.760550","-84.191813","Dayton","OH","45402","COMMERCIAL OFFICE","VACANT","MONTGOMERY COUNTY LAND BANK","","https://www.google.com/maps/@39.760499,-84.1921334,3a,90y,80h,120t/data=!3m7!1e1!3m5!1sP2M_swpMRBrgSZ5I__T2UQ!2e0!6s!7i16384!8i8192","https://spectrumnews1.com/oh/columbus/news/2025/03/19/dayton-officials-declare-emergency-for-vacant-downtown-building","Paru Tower (formerly Third National Bank/Society Bank/KeyBank Building). 14-story office tower built 1926. KeyBank vacated 2008. Owned by Montgomery County Land Bank since 2017. Parapet collapsed in Mar 2025 windstorm, damaging neighboring Stratacache Tower. City approved $5M emergency repairs. Sandvick Architects studying reuse options. Congressman formed committee to explore redevelopment.",""
"160 Jewell St, Hartford, CT 06103","41.764300","-72.681400","Hartford","CT","06103","INSTITUTIONAL","ABANDONED","NORTHLAND INVESTMENT CORP","","https://www.google.com/maps/@41.7643,-72.6814,3a,75y,0h,90t/data=!3m7!1e1!3m5!1s!2e0!6s!7i16384!8i8192","https://www.hartfordbusiness.com/article/vacant-buildings-parking-lots-continue-to-blanket-a-key-gateway-to-downtown-hartford","Former YMCA of Greater Hartford. 11-story building across from Bushnell Park. YMCA relocated to XL Center 2006, building vacant since (20 years). Owned by Northland Investment Corp (Larry Gottesdiener). Mayor criticized Northland for letting properties deteriorate and remain blights. Part of cluster of vacant buildings along Jewell and Pearl streets near downtown gateway.",""
"20 W Mill St, Akron, OH 44308","41.082800","-81.519900","Akron","OH","44308","HOSPITALITY","ABANDONED","UNIVERSITY OF AKRON","","https://www.google.com/maps/@41.0828,-81.5199,3a,75y,0h,90t/data=!3m7!1e1!3m5!1s!2e0!6s!7i16384!8i8192","https://en.wikipedia.org/wiki/Akron_City_Center_Hotel","Akron City Center Hotel. 18-story former Holiday Inn/Radisson in Cascade Plaza complex. Built 1971, closed winter 2016-17. Contents liquidated. Testa Cos. proposed $22M conversion to 137 apartments (some affordable) and applied for tax credits, but building still fully vacant. Part of downtown Akron's 1M+ sqft office vacancy crisis.",""
"626 E Wisconsin Ave, Milwaukee, WI 53202","43.039081","-87.903143","Milwaukee","WI","53202","COMMERCIAL OFFICE","CHRONICALLY VACANT","RIALTO CAPITAL ADVISORS","","https://www.google.com/maps/@43.0389367,-87.9031102,3a,90y,0h,120t/data=!3m7!1e1!3m5!1sesGYnR6Vs-CIVhtzRPgK_g!2e0!6s!7i16384!8i8192","https://biztimes.com/gas-light-building-milwaukee-foreclosure/","Gas Light Building (Wisconsin Gas Building). 20-story Art Deco office tower built 1930, 132000 sqft. 63% vacant per court filings. M&J Wilkow affiliate foreclosed — $14M default judgment Jan 2025. Sold at sheriff's sale Apr 2025 to Miami-based Rialto Capital Advisors for $4M. Famous for flame-shaped neon sign indicating weather. Listed on National Register of Historic Places.",""
"3203 N 4th St, Harrisburg, PA 17110","40.298391","-76.897941","Harrisburg","PA","17110","INSTITUTIONAL","VACANT","HARRISBURG CITY OF REDEVELOPMENT AUTHORITY","$45,700","https://www.google.com/maps/@40.2984236,-76.8981988,3a,75y,90h,90t/data=!3m7!1e1!3m5!1s7JoXz4mDZmXW5jH3sIF69Q!2e0!6shttps:%2F%2Fstreetviewpixels-pa.googleapis.com%2Fv1%2Fthumbnail%3Fcb_client%3Dmaps_sv.tactile%26w%3D900%26h%3D600%26pitch%3D0%26panoid%3D7JoXz4mDZmXW5jH3sIF69Q%26yaw%3D90!7i13312!8i6656","https://dauphinpa.devnetwedge.com/parcel/view/140110020000000/2026","Riverside Fire Company No. 15. Built 1923, vacant for decades. Transferred from City to Redevelopment Authority Dec 2025 for $1. Historic preservation priority.",""
"336 S 2nd St, Harrisburg, PA 17104","40.256541","-76.876443","Harrisburg","PA","17104","INSTITUTIONAL","VACANT","PAXTON FIRE COMPANY","$145,700","https://www.google.com/maps/place/336+S+2nd+St,+Harrisburg,+PA+17104/@40.2565406,-76.8764434,17z","https://dauphinpa.devnetwedge.com/parcel/view/020060160000000/2026","Paxton Firehouse. Built 1937 by architect William Lynch Murray, closed 2014. Shipoke neighborhood. Being considered for homeless services center.",""
"220 N 2nd St, Harrisburg, PA 17101","40.261354","-76.884803","Harrisburg","PA","17101","COMMERCIAL OFFICE","ABANDONED","BRATIC DUSAN","$106,600","https://www.google.com/maps/place/220+N+2nd+St,+Harrisburg,+PA+17101/@40.261354,-76.8848028,17z","https://dauphinpa.devnetwedge.com/parcel/view/040300230000000/2026","Balsley House. Federal-period building, nearly 200 years old. Demolition by neglect. $7,360 in delinquent taxes. HHA preservation priority since 2018.",""
"901 Shanois St, Harrisburg, PA 17104","40.247770","-76.865026","Harrisburg","PA","17104","HOSPITALITY","ABANDONED","CASH FLOW MANAGEMENT LLC","$288,100","https://www.google.com/maps/place/901+Shanois+St,+Harrisburg,+PA+17104/@40.2477699,-76.8650259,17z","https://dauphinpa.devnetwedge.com/parcel/view/010490330000000/2026","Lochiel Hotel. Historic hotel, second floor boarded up and falling into disrepair. $40,019 in delinquent taxes. Foreclosed and scheduled for sheriff's sale.",""
"62 Market St, Brownsville, PA 15417","40.022180","-79.885740","Brownsville","PA","15417","COMMERCIAL OFFICE","ABANDONED","REDEVELOPMENT AUTH CO OF FAYETTE","$28,630","https://www.google.com/maps/@40.0224285,-79.8861382,3a,75y,180h,90t/data=!3m7!1e1!3m5!1szZHgry5i-_YyLkuRiGy8fg!2e0!6shttps:%2F%2Fstreetviewpixels-pa.googleapis.com%2Fv1%2Fthumbnail%3Fcb_client%3Dmaps_sv.tactile%26w%3D900%26h%3D600%26pitch%3D0%26panoid%3DzZHgry5i-_YyLkuRiGy8fg%26yaw%3D180!7i16384!8i6656","http://property.co.fayette.pa.us/detail.aspx?uxParid=02060157","Second National Bank / Monongahela National Bank. Neoclassical bank building, built 1900, 5,840 sq ft. Boarded windows, completely abandoned. Sold to Redevelopment Authority for $1 in 2009. Part of Brownsville Commercial Historic District.",""
"56 Market St, Brownsville, PA 15417","40.022350","-79.885960","Brownsville","PA","15417","COMMERCIAL","ABANDONED","REDEVELOPMENT AUTH CO OF FAYETTE","$59,950","https://www.google.com/maps/@40.0223549,-79.8863874,3a,75y,0h,90t/data=!3m7!1e1!3m5!1sxM3QSa-P-HINOCj2IbYMLg!2e0!6shttps:%2F%2Fstreetviewpixels-pa.googleapis.com%2Fv1%2Fthumbnail%3Fcb_client%3Dmaps_sv.tactile%26w%3D900%26h%3D600%26pitch%3D0%26panoid%3DxM3QSa-P-HINOCj2IbYMLg%26yaw%3D0!7i16384!8i6656","http://property.co.fayette.pa.us/detail.aspx?uxParid=02060158","Union Station / Monongahela Railway Building. Massive 5-story brick, built 1900, 36,093 sq ft. Completely boarded up, all entrances sealed. Sold to Redevelopment Authority for $1 in 2009. Former train station hosted 68 daily passenger trains at peak (1915). Oct 2023 Street View confirms still standing.",""
"31 Market St, Brownsville, PA 15417","40.022246","-79.887098","Brownsville","PA","15417","COMMERCIAL","ABANDONED","33 MARKET STREET HOLDINGS LLC","$28,360","https://www.google.com/maps/place/31+Market+St,+Brownsville,+PA+15417/@40.021950,-79.885350,17z","http://property.co.fayette.pa.us/detail.aspx?uxParid=02060143","Odd Fellows Building. Built 1876, 6,390 sq ft downtown row type. Absentee owner in Boca Raton, FL. Sold for $55,000 in Sept 2019. Part of Brownsville Commercial Historic District.",""
"647 McKean Ave, Donora, PA 15033","40.178400","-79.856100","Donora","PA","15033","MIXED USE","CONDEMNED","DONORA BOROUGH","$65,500","https://www.google.com/maps/@40.1784056,-79.8561427,3a,75y,90h,90t/data=!3m7!1e1!3m5!1s6TKQ4pf8gCvBAWxi-kAGpw!2e0!6shttps:%2F%2Fstreetviewpixels-pa.googleapis.com%2Fv1%2Fthumbnail%3Fcb_client%3Dmaps_sv.tactile%26w%3D900%26h%3D600%26pitch%3D0%26panoid%3D6TKQ4pf8gCvBAWxi-kAGpw%26yaw%3D90!7i16384!8i6656","https://tyler.washcopa.org/pt/Datalets/Datalet.aspx?sIndex=1&idx=1","Blighted downtown commercial building. Year built 1907, downtown row type, mixed retail/apartments. Lead-based paint found in environmental report. Borough received $90K demolition grant from DCED. Still standing as of Nov 2021 Street View.",""
"618 McKean Ave, Donora, PA 15033","40.178241","-79.855875","Donora","PA","15033","COMMERCIAL","CONDEMNED","","","https://www.google.com/maps/place/618+McKean+Ave,+Donora,+PA+15033/@40.1782414,-79.8558745,17z","https://www.observer-reporter.com/news/local-news/2024/jul/13/donora-seeks-emergency-demolition-for-condemned-building/","Condemned commercial building next to borough parking garage. Roof caved in through 3 floors per drone inspection. Emergency demolition authorized July 2024 but may still be standing. Out-of-state owner (NJ) reportedly bought on eBay for $6K. Exempt from tax rolls.",""
"134 N Main St, Shenandoah, PA 17976","40.822295","-76.201686","Shenandoah","PA","17976","COMMERCIAL","ABANDONED","","","https://www.google.com/maps/@40.8222906,-76.2016861,3a,75y,250h,90t/data=!3m7!1e1!3m5!1sPQvLlg5lWBHnmBIMWzvCrw!2e0!6shttps:%2F%2Fstreetviewpixels-pa.googleapis.com%2Fv1%2Fthumbnail%3Fcb_client%3Dmaps_sv.tactile%26w%3D900%26h%3D600%26pitch%3D0%26panoid%3DPQvLlg5lWBHnmBIMWzvCrw%26yaw%3D250!7i16384!8i8192","https://cinematreasures.org/theaters/13285","Capitol Theatre. Art Deco movie theater, opened 1947, closed 1980, seating 1,400. Upper floors have broken/missing windows; ground floor has marginal retail use. Second theater on this site after 1946 fire destroyed the original. Aug 2025 Street View confirms still standing.",""
"115 W Cherry St, Shenandoah, PA 17976","40.818447","-76.202499","Shenandoah","PA","17976","INSTITUTIONAL","CONDEMNED","","","https://www.google.com/maps/@40.8182982,-76.2025198,3a,75y,0h,90t/data=!3m7!1e1!3m5!1sm018En96Po9Dz1wfoJIZBA!2e0!6shttps:%2F%2Fstreetviewpixels-pa.googleapis.com%2Fv1%2Fthumbnail%3Fcb_client%3Dmaps_sv.tactile%26w%3D900%26h%3D600%26pitch%3D0%26panoid%3Dm018En96Po9Dz1wfoJIZBA%26yaw%3D0!7i16384!8i8192","https://www.redfin.com/PA/Shenandoah/115-W-Cherry-St-17976/home/191978521","St. John's Evangelical Lutheran Church. Gothic stone church with stained glass, built c.1880s. Rectory at 119 W Cherry condemned by Shenandoah Boro. Property sold $25,000 Aug 2024. Broken window panes, signs of neglect. Aug 2025 Street View confirms still standing.",""
"211 E Sunbury St, Shamokin, PA 17872","40.793357","-76.553372","Shamokin","PA","17872","COMMERCIAL","ABANDONED","","","https://www.google.com/maps/@40.7931773,-76.5533479,3a,75y,0h,90t/data=!3m7!1e1!3m5!1sPILkitABi9qR-00-2fZIfQ!2e0!6shttps:%2F%2Fstreetviewpixels-pa.googleapis.com%2Fv1%2Fthumbnail%3Fcb_client%3Dmaps_sv.tactile%26w%3D900%26h%3D600%26pitch%3D0%26panoid%3DPILkitABi9qR-00-2fZIfQ%26yaw%3D0!7i16384!8i8192","https://www.northcentralpa.com/life/fire-guts-shamokin-winery/article_4ee4beee-00c9-11ef-9353-bb7e7a55a438.html","Former Liberty Hose Company / Firehouse Winery. Late 19th century firehouse converted to winery 2016. Gutted by 2-alarm fire April 21, 2024; owner uninsured. Ground floor boarded with plywood, upper windows covered with PolyPro sheeting. Aug 2025 Street View confirms still standing as fire-damaged shell.",""
"725 N Shamokin St, Shamokin, PA 17872","40.793017","-76.550870","Shamokin","PA","17872","MIXED USE","CONDEMNED","HUSSAM ELAYYAN","","https://www.google.com/maps/@40.7930969,-76.5509063,3a,75y,180h,90t/data=!3m7!1e1!3m5!1sSX-e_09ESb_w-1jn0FcCVQ!2e0!6shttps:%2F%2Fstreetviewpixels-pa.googleapis.com%2Fv1%2Fthumbnail%3Fcb_client%3Dmaps_sv.tactile%26w%3D900%26h%3D600%26pitch%3D0%26panoid%3DSX-e_09ESb_w-1jn0FcCVQ%26yaw%3D180!7i16384!8i8192","https://www.newsitem.com/news/local/police-file-misdemeanors-against-owner-of-alleged-dilapidated-apartment-building-in-shamokin/article_e076de1b-d2d0-424f-8607-ac0778fde5be.html","Three-story mixed-use building. All ground-floor openings boarded with plywood, upper windows broken/missing. Owner (Philadelphia, PA) charged with misdemeanor public nuisance for decay and deterioration. Adjacent to Domino's site. Aug 2025 Street View confirms abandoned.",""
"600 S 9th St, Reading, PA 19602","40.326899","-75.920708","Reading","PA","19602","INDUSTRIAL","CHRONICALLY VACANT","600 S 9TH ST LLC","$151,900","https://www.google.com/maps/place/600+S+9th+St,+Reading,+PA+19602/@40.32689930738624,-75.92070806118919,19z","https://www.readingpa.gov/certified-blighted-properties","Certified blighted by City of Reading 2026-04-02; building value $102,100; INDUSTRIAL BUILDING",""
"744 Franklin St, Reading, PA 19602","40.333360","-75.922352","Reading","PA","19602","COMMERCIAL","CHRONICALLY VACANT","THE CARGO GROUP OF AMERICA LLC","$211,300","https://www.google.com/maps/place/744+Franklin+St,+Reading,+PA+19602/@40.33336035123558,-75.92235171888872,19z","https://www.readingpa.gov/certified-blighted-properties","Certified blighted by City of Reading 2025-08-07; building value $193,300; COMMERCIAL BUILDING",""
"253 N 5th St, Reading, PA 19601","40.339920","-75.927436","Reading","PA","19601","COMMERCIAL","CHRONICALLY VACANT","FIVE KIDS PROPERTIES LLC","$87,700","https://www.google.com/maps/place/253+N+5th+St,+Reading,+PA+19601/@40.339920210416736,-75.92743622062659,19z","https://www.readingpa.gov/certified-blighted-properties","Certified blighted by City of Reading 2026-04-02; building value $63,000; COMMERCIAL BUILDING",""
"62 S 6th St, Reading, PA 19602","40.333772","-75.926189","Reading","PA","19602","COMMERCIAL","CHRONICALLY VACANT","ANTOINE MARIE","$80,400","https://www.google.com/maps/place/62+S+6th+St,+Reading,+PA+19602/@40.3337715694057,-75.92618927763426,19z","https://www.readingpa.gov/certified-blighted-properties","Certified blighted by City of Reading 2026-04-02; building value $67,400; COMMERCIAL BUILDING",""
"355 N 8th St, Reading, PA 19601","40.341328","-75.921491","Reading","PA","19601","COMMERCIAL","CHRONICALLY VACANT","355 N 8TH ST LLC","$70,300","https://www.google.com/maps/place/355+N+8th+St,+Reading,+PA+19601/@40.34132781483426,-75.9214908312724,19z","https://www.readingpa.gov/certified-blighted-properties","Certified blighted by City of Reading 2025-12-04; building value $52,300; COMMERCIAL BUILDING",""
"826 Franklin St, Reading, PA 19602","40.333398","-75.920959","Reading","PA","19602","COMMERCIAL","CHRONICALLY VACANT","WHISKERS BARBER COMPANY LLC","$59,900","https://www.google.com/maps/place/826+Franklin+St,+Reading,+PA+19602/@40.3333983923792,-75.92095926550819,19z","https://www.readingpa.gov/certified-blighted-properties","Certified blighted by City of Reading 2024-10-03; building value $45,900; COMMERCIAL BUILDING",""
"216 Buttonwood St, Reading, PA 19601","40.341116","-75.932710","Reading","PA","19601","COMMERCIAL","CHRONICALLY VACANT","PHAN DUNG","$48,200","https://www.google.com/maps/place/216+Buttonwood+St,+Reading,+PA+19601/@40.34111647765814,-75.93270961899924,19z","https://www.readingpa.gov/certified-blighted-properties","Certified blighted by City of Reading 2025-08-07; building value $6,200; COMMERCIAL BUILDING",""
"850 Weiser St, Reading, PA 19601","40.349036","-75.938000","Reading","PA","19601","RESIDENTIAL","CHRONICALLY VACANT","RICHARD MIRACIA","$59,800","https://www.google.com/maps/place/850+Weiser+St,+Reading,+PA+19601/@40.34903638878798,-75.93799996947534,19z","https://www.readingpa.gov/certified-blighted-properties","Certified blighted by City of Reading 2026-04-02; building value $50,200; 3 STORY BRICK/MASONRY",""
"331 N 6th St, Reading, PA 19601","40.340980","-75.925399","Reading","PA","19601","RESIDENTIAL","CHRONICALLY VACANT","RICHARD MIRACIA","$44,600","https://www.google.com/maps/place/331+N+6th+St,+Reading,+PA+19601/@40.34098049223332,-75.92539919874373,19z","https://www.readingpa.gov/certified-blighted-properties","Certified blighted by City of Reading 2025-12-04; building value $34,000; 3 STORY BRICK/MASONRY",""
"1145 Locust St, Reading, PA 19604","40.352710","-75.914419","Reading","PA","19604","RESIDENTIAL","CHRONICALLY VACANT","BBL PROPERTIES TWO LLC","$39,100","https://www.google.com/maps/place/1145+Locust+St,+Reading,+PA+19604/@40.35271023140682,-75.91441871164136,19z","https://www.readingpa.gov/certified-blighted-properties","Certified blighted by City of Reading 2025-08-07; building value $24,100; 2 STORY BRICK/MASONRY",""
"1649 Cotton St, Reading, PA 19606","40.328461","-75.905258","Reading","PA","19606","RESIDENTIAL","CHRONICALLY VACANT","FITPRO INVESTMENTS LLC","$37,000","https://www.google.com/maps/place/1649+Cotton+St,+Reading,+PA+19606/@40.32846136140988,-75.90525821129613,19z","https://www.readingpa.gov/certified-blighted-properties","Certified blighted by City of Reading 2025-12-04; building value $23,000; 3 STORY BRICK/MASONRY",""
"928 Franklin St, Reading, PA 19602","40.333360","-75.919025","Reading","PA","19602","RESIDENTIAL","CHRONICALLY VACANT","267 LINDEN ST LLC","$36,600","https://www.google.com/maps/place/928+Franklin+St,+Reading,+PA+19602/@40.33336033624514,-75.91902529103459,19z","https://www.readingpa.gov/certified-blighted-properties","Certified blighted by City of Reading 2026-04-02; building value $27,800; 3 STORY BRICK/MASONRY",""
"1743 Thorn St, Reading, PA 19601","40.361839","-75.931727","Reading","PA","19601","RESIDENTIAL","CHRONICALLY VACANT","SARGE EUGENE M","$33,000","https://www.google.com/maps/place/1743+Thorn+St,+Reading,+PA+19601/@40.3618389215249,-75.93172722925519,19z","https://www.readingpa.gov/certified-blighted-properties","Certified blighted by City of Reading 2026-04-02; building value $20,000; 2 STORY BRICK/MASONRY",""
"1103 Spruce St, Reading, PA 19602","40.330787","-75.916138","Reading","PA","19602","RESIDENTIAL","CHRONICALLY VACANT","MURPHY ANDRE & JENKINS DANEA & MURPHY KENNETH","$31,600","https://www.google.com/maps/place/1103+Spruce+St,+Reading,+PA+19602/@40.330787424781235,-75.91613770761924,19z","https://www.readingpa.gov/certified-blighted-properties","Certified blighted by City of Reading 2025-04-03; building value $23,900; 2 STORY BRICK/MASONRY",""
"549 S 6th St, Reading, PA 19602","40.326284","-75.925818","Reading","PA","19602","RESIDENTIAL","CHRONICALLY VACANT","REYES MARIA & SEMEDO THELMA","$30,400","https://www.google.com/maps/place/549+S+6th+St,+Reading,+PA+19602/@40.326283521318445,-75.92581841105695,19z","https://www.readingpa.gov/certified-blighted-properties","Certified blighted by City of Reading 2025-12-04; building value $21,600; 2 STORY BRICK/MASONRY",""
"211 N 4th St, Reading, PA 19601","40.339003","-75.929448","Reading","PA","19601","RESIDENTIAL","CHRONICALLY VACANT","DESTA ERSTIE","$29,300","https://www.google.com/maps/place/211+N+4th+St,+Reading,+PA+19601/@40.33900314057687,-75.92944814876553,19z","https://www.readingpa.gov/certified-blighted-properties","Certified blighted by City of Reading 2025-08-07; building value $21,300; 3 STORY BRICK/MASONRY",""
"626 Schuylkill Ave, Reading, PA 19601","40.345225","-75.940511","Reading","PA","19601","RESIDENTIAL","CHRONICALLY VACANT","REDEVELOPMENT AUTHORITY OF THE CITY OF READING","$26,700","https://www.google.com/maps/place/626+Schuylkill+Ave,+Reading,+PA+19601/@40.34522530475736,-75.94051139169184,19z","https://www.readingpa.gov/certified-blighted-properties","Certified blighted by City of Reading 2025-08-07; building value $19,700; 3 STORY BRICK/MASONRY",""
"1411 Cotton St, Reading, PA 19602","40.328738","-75.910433","Reading","PA","19602","RESIDENTIAL","CHRONICALLY VACANT","LIBERTY LEGAL CONSULTANT FIRM LLC","$26,800","https://www.google.com/maps/place/1411+Cotton+St,+Reading,+PA+19602/@40.32873765963238,-75.91043300897044,19z","https://www.readingpa.gov/certified-blighted-properties","Certified blighted by City of Reading 2025-12-04; building value $14,500; 2 STORY BRICK/MASONRY",""
"413 S 9th St, Reading, PA 19602","40.329322","-75.920010","Reading","PA","19602","RESIDENTIAL","CHRONICALLY VACANT","BURDIER HOME BUYERS LLC","$26,500","https://www.google.com/maps/place/413+S+9th+St,+Reading,+PA+19602/@40.32932168301316,-75.92000959077359,19z","https://www.readingpa.gov/certified-blighted-properties","Certified blighted by City of Reading 2026-04-02; building value $21,000; 3 STORY BRICK/MASONRY",""
"863 Schuylkill Ave, Reading, PA 19601","40.349107","-75.942154","Reading","PA","19601","RESIDENTIAL","CHRONICALLY VACANT","OVIEDO HOMES LLC","$22,700","https://www.google.com/maps/place/863+Schuylkill+Ave,+Reading,+PA+19601/@40.3491067266574,-75.9421536981652,19z","https://www.readingpa.gov/certified-blighted-properties","Certified blighted by City of Reading 2026-04-02; building value $13,100; 3 STORY BRICK/MASONRY",""
"201 S 6th St, Reading, PA 19602","40.331779","-75.925487","Reading","PA","19602","INDUSTRIAL","CHRONICALLY VACANT","GROWING LEBANON","$188,600","https://www.google.com/maps/place/201+S+6th+St,+Reading,+PA+19602/@40.33177917235854,-75.9254868540808,19z","https://www.readingpa.gov/certified-blighted-properties","Certified blighted by City of Reading 2020-09-17; building value $166,400; INDUSTRIAL BUILDING",""
"1125 Moss St, Reading, PA 19604","40.352806","-75.918357","Reading","PA","19604","INDUSTRIAL","CHRONICALLY VACANT","DUKA PROPERTIES LLC","$126,300","https://www.google.com/maps/place/1125+Moss+St,+Reading,+PA+19604/@40.352806407824836,-75.91835658540923,19z","https://www.readingpa.gov/certified-blighted-properties","Certified blighted by City of Reading 2013-04-18; building value $91,000; INDUSTRIAL BUILDING",""
"500 N 3rd St, Reading, PA 19601","40.344128","-75.932153","Reading","PA","19601","INDUSTRIAL","CHRONICALLY VACANT","500 N 3RD ST LLC","$70,000","https://www.google.com/maps/place/500+N+3rd+St,+Reading,+PA+19601/@40.344128208426945,-75.93215314609382,19z","https://www.readingpa.gov/certified-blighted-properties","Certified blighted by City of Reading 2022-05-19; building value $31,100; INDUSTRIAL BUILDING",""
"243 N 4th St, Reading, PA 19601","40.339830","-75.929104","Reading","PA","19601","COMMERCIAL","CHRONICALLY VACANT","KBLJ LLC","$262,400","https://www.google.com/maps/place/243+N+4th+St,+Reading,+PA+19601/@40.33983024138893,-75.9291039605571,19z","https://www.readingpa.gov/certified-blighted-properties","Certified blighted by City of Reading 2012-11-18; building value $214,400; PARKING GARAGE",""
"506 N 12th St, Reading, PA 19604","40.343295","-75.914292","Reading","PA","19604","COMMERCIAL","CHRONICALLY VACANT","DUKA MUSLI","$169,700","https://www.google.com/maps/place/506+N+12th+St,+Reading,+PA+19604/@40.343295363639704,-75.91429230389255,19z","https://www.readingpa.gov/certified-blighted-properties","Certified blighted by City of Reading 2021-10-21; building value $139,700; COMMERCIAL BUILDING",""
"940 Penn St, Reading, PA 19602","40.334690","-75.918583","Reading","PA","19602","COMMERCIAL","CHRONICALLY VACANT","CHI ZHENGUAN","$132,200","https://www.google.com/maps/place/940+Penn+St,+Reading,+PA+19602/@40.33468969766207,-75.91858330172494,19z","https://www.readingpa.gov/certified-blighted-properties","Certified blighted by City of Reading 2012-11-15; building value $82,500; COMMERCIAL BUILDING",""
"511 Penn St, Reading, PA 19601","40.335796","-75.927246","Reading","PA","19601","COMMERCIAL","CHRONICALLY VACANT","CROCODILE PROPERTY MANAGEMENT OF READING LLC","$107,100","https://www.google.com/maps/place/511+Penn+St,+Reading,+PA+19601/@40.33579568750782,-75.92724552674595,19z","https://www.readingpa.gov/certified-blighted-properties","Certified blighted by City of Reading 2012-12-20; building value $69,100; COMMERCIAL BUILDING",""
"670 Schuylkill Ave, Reading, PA 19601","40.346196","-75.941057","Reading","PA","19601","COMMERCIAL","CHRONICALLY VACANT","VARELA JACQUELINE","$94,500","https://www.google.com/maps/place/670+Schuylkill+Ave,+Reading,+PA+19601/@40.346196250393774,-75.94105705874584,19z","https://www.readingpa.gov/certified-blighted-properties","Certified blighted by City of Reading 2025-04-03; building value $81,500; COMMERCIAL BUILDING",""
"1014 Windsor St, Reading, PA 19604","40.348587","-75.917003","Reading","PA","19604","COMMERCIAL","CHRONICALLY VACANT","APARICIO SANCHEZ JOSE EDGAR & APARICIO ROMINGUEZ JOSE C","$61,200","https://www.google.com/maps/place/1014+Windsor+St,+Reading,+PA+19604/@40.34858715340606,-75.9170030555655,19z","https://www.readingpa.gov/certified-blighted-properties","Certified blighted by City of Reading 2011-11-17; building value $17,500; COMMERCIAL BUILDING",""
"1436 Cotton St, Reading, PA 19602","40.328295","-75.909581","Reading","PA","19602","COMMERCIAL","CHRONICALLY VACANT","TOP ACQUISITIONS LLC","$48,500","https://www.google.com/maps/place/1436+Cotton+St,+Reading,+PA+19602/@40.328295149107575,-75.90958112777241,19z","https://www.readingpa.gov/certified-blighted-properties","Certified blighted by City of Reading 2019-10-17; building value $25,100; COMMERCIAL BUILDING",""
"207 N 4th St, Reading, PA 19601","40.338907","-75.929506","Reading","PA","19601","RESIDENTIAL","CHRONICALLY VACANT","143 EAST MANAGEMENT LLC","$25,800","https://www.google.com/maps/place/207+N+4th+St,+Reading,+PA+19601/@40.33890734685711,-75.92950560013547,19z","https://www.readingpa.gov/certified-blighted-properties","Certified blighted by City of Reading 2026-04-02; building value $17,800; 3 STORY BRICK/MASONRY",""
"39 S 2nd St, Reading, PA 19602","40.334247","-75.933406","Reading","PA","19602","RESIDENTIAL","CHRONICALLY VACANT","SHARK INVESTMENTS 1 LLC","$24,900","https://www.google.com/maps/place/39+S+2nd+St,+Reading,+PA+19602/@40.33424689322014,-75.93340626704783,19z","https://www.readingpa.gov/certified-blighted-properties","Certified blighted by City of Reading 2026-04-02; building value $16,100; 2 STORY BRICK/MASONRY",""
"424 W Greenwich St, Reading, PA 19601","40.343500","-75.942596","Reading","PA","19601","RESIDENTIAL","CHRONICALLY VACANT","RAMOS JAIME E & MARIBEL","$24,000","https://www.google.com/maps/place/424+W+Greenwich+St,+Reading,+PA+19601/@40.343500492787555,-75.94259550161398,19z","https://www.readingpa.gov/certified-blighted-properties","Certified blighted by City of Reading 2026-04-02; building value $17,900; 3 STORY BRICK/MASONRY",""
"311 Hollenbach St, Reading, PA 19601","40.347183","-75.940191","Reading","PA","19601","RESIDENTIAL","CHRONICALLY VACANT","311 HOLLENBACH LLC","$24,000","https://www.google.com/maps/place/311+Hollenbach+St,+Reading,+PA+19601/@40.347182860607134,-75.94019106415013,19z","https://www.readingpa.gov/certified-blighted-properties","Certified blighted by City of Reading 2025-04-03; building value $17,900; 3 STORY BRICK/MASONRY",""
"919 Spruce St, Reading, PA 19602","40.330741","-75.919561","Reading","PA","19602","RESIDENTIAL","CHRONICALLY VACANT","WILKINSON NORMAN","$21,200","https://www.google.com/maps/place/919+Spruce+St,+Reading,+PA+19602/@40.330740626892045,-75.91956053749449,19z","https://www.readingpa.gov/certified-blighted-properties","Certified blighted by City of Reading 2026-04-02; building value $15,700; 2 STORY BRICK/MASONRY",""
"812 Bingaman St, Reading, PA 19602","40.330789","-75.921528","Reading","PA","19602","RESIDENTIAL","CHRONICALLY VACANT","SANTOS JEOVANI DELGADO","$19,800","https://www.google.com/maps/place/812+Bingaman+St,+Reading,+PA+19602/@40.33078874512451,-75.9215278910577,19z","https://www.readingpa.gov/certified-blighted-properties","Certified blighted by City of Reading 2025-04-03; building value $12,100; 2 STORY BRICK/MASONRY",""
"513 N Front St, Reading, PA 19601","40.343444","-75.935105","Reading","PA","19601","RESIDENTIAL","CHRONICALLY VACANT","SPRADLEY RUSSELL H","$18,800","https://www.google.com/maps/place/513+N+Front+St,+Reading,+PA+19601/@40.343444467383,-75.93510473038482,19z","https://www.readingpa.gov/certified-blighted-properties","Certified blighted by City of Reading 2026-04-02; building value $12,700; 3 STORY BRICK/MASONRY",""
"110 Moss St, Reading, PA 19601","40.337191","-75.919215","Reading","PA","19601","RESIDENTIAL","CHRONICALLY VACANT","HOOVER THOMAS R & SARALEE M","$27,900","https://www.google.com/maps/place/110+Moss+St,+Reading,+PA+19601/@40.33719067107292,-75.91921521880397,19z","https://www.readingpa.gov/certified-blighted-properties","Certified blighted by City of Reading 2013-04-18; building value $19,800; 2 STORY BRICK/MASONRY",""
"142 Elm St, Reading, PA 19601","40.339884","-75.934138","Reading","PA","19601","RESIDENTIAL","CHRONICALLY VACANT","ROAMKE REAL PROPERTIES LLC","$25,700","https://www.google.com/maps/place/142+Elm+St,+Reading,+PA+19601/@40.339883850591164,-75.93413804610113,19z","https://www.readingpa.gov/certified-blighted-properties","Certified blighted by City of Reading 2025-08-07; building value $20,100; 3 STORY BRICK/MASONRY",""
"209 Hudson St, Reading, PA 19601","40.344121","-75.933195","Reading","PA","19601","RESIDENTIAL","CHRONICALLY VACANT","JR SKYS LIMIT LLC","$12,300","https://www.google.com/maps/place/209+Hudson+St,+Reading,+PA+19601/@40.344120643866944,-75.93319540151464,19z","https://www.readingpa.gov/certified-blighted-properties","Certified blighted by City of Reading 2026-04-02; building value $7,000; 2 STORY BRICK/MASONRY",""
"754 N 9th St, Reading, PA 19604","40.347224","-75.920002","Reading","PA","19604","COMMERCIAL","CHRONICALLY VACANT","A GROUP OF FOUR NY LLC","$149,700","https://www.google.com/maps/place/754+N+9th+St,+Reading,+PA+19604/@40.34722433723932,-75.92000234311344,19z","https://www.readingpa.gov/certified-blighted-properties","Certified blighted by City of Reading 2013-08-15; building value $126,300; COMMERCIAL BUILDING",""
"125 S 6th St, Reading, PA 19602","40.332858","-75.925576","Reading","PA","19602","COMMERCIAL","CHRONICALLY VACANT","BBL PROPERTIES FIVE LLC","$131,200","https://www.google.com/maps/place/125+S+6th+St,+Reading,+PA+19602/@40.332858104035196,-75.92557635071255,19z","https://www.readingpa.gov/certified-blighted-properties","Certified blighted by City of Reading 2011-06-16; building value $117,200; COMMERCIAL BUILDING",""
"324 N 5th St, Reading, PA 19601","40.340848","-75.928182","Reading","PA","19601","COMMERCIAL","CHRONICALLY VACANT","CORRECT REAL ESTATE LLC","$115,200","https://www.google.com/maps/place/324+N+5th+St,+Reading,+PA+19601/@40.34084810856818,-75.92818161713164,19z","https://www.readingpa.gov/certified-blighted-properties","Certified blighted by City of Reading 2017-10-19; building value $67,900; COMMERCIAL BUILDING",""
"251 N 6th St, Reading, PA 19601","40.339895","-75.925432","Reading","PA","19601","RESIDENTIAL","CHRONICALLY VACANT","251 N 6TH ST REALTY CORP","$98,000","https://www.google.com/maps/place/251+N+6th+St,+Reading,+PA+19601/@40.3398947026345,-75.92543246643284,19z","https://www.readingpa.gov/certified-blighted-properties","Certified blighted by City of Reading 2012-10-18; building value $88,000; APARTMENT BUILDING",""
"245 S 5th St, Reading, PA 19602","40.330870","-75.927406","Reading","PA","19602","COMMERCIAL","CHRONICALLY VACANT","MERCEDES S8TH LLC","$83,800","https://www.google.com/maps/place/245+S+5th+St,+Reading,+PA+19602/@40.330870320428915,-75.92740555537888,19z","https://www.readingpa.gov/certified-blighted-properties","Certified blighted by City of Reading 2018-10-23; building value $51,800; COMMERCIAL BUILDING",""
"802 N 9th St, Reading, PA 19604","40.347485","-75.919996","Reading","PA","19604","COMMERCIAL","CHRONICALLY VACANT","DIAKITE AMADOU","$74,500","https://www.google.com/maps/place/802+N+9th+St,+Reading,+PA+19604/@40.347484617153484,-75.91999619085905,19z","https://www.readingpa.gov/certified-blighted-properties","Certified blighted by City of Reading 2020-09-17; building value $48,400; COMMERCIAL BUILDING",""
"1400 Hampden Bl, Reading, PA 19604","40.356400","-75.908374","Reading","PA","19604","RESIDENTIAL","CHRONICALLY VACANT","SMIECHOWSKI MICHAEL & DABKOWSKI DAVID & SMIECHOWSKI DANUTA","$137,800","https://www.google.com/maps/place/1400+Hampden+Bl,+Reading,+PA+19604/@40.35640037857855,-75.90837392139788,19z","https://www.readingpa.gov/certified-blighted-properties","Certified blighted by City of Reading 2013-10-17; building value $98,500; 2 STORY STONE",""
"1500 Fairview St, Reading, PA 19606","40.326747","-75.908571","Reading","PA","19606","RESIDENTIAL","CHRONICALLY VACANT","RATZLAFF GAIL","$95,700","https://www.google.com/maps/place/1500+Fairview+St,+Reading,+PA+19606/@40.32674695803686,-75.90857138665709,19z","https://www.readingpa.gov/certified-blighted-properties","Certified blighted by City of Reading 2016-10-20; building value $67,700; 2 STORY BRICK/MASONRY",""
"1510 N 15th St, Reading, PA 19604","40.358337","-75.908018","Reading","PA","19604","RESIDENTIAL","CHRONICALLY VACANT","NAYLOR MICHAEL C","$89,900","https://www.google.com/maps/place/1510+N+15th+St,+Reading,+PA+19604/@40.35833715310326,-75.9080175250415,19z","https://www.readingpa.gov/certified-blighted-properties","Certified blighted by City of Reading 2018-10-18; building value $72,100; 2 STORY MASONRY/FRAME",""
"1220 Hampden Bl, Reading, PA 19604","40.354208","-75.909601","Reading","PA","19604","RESIDENTIAL","CHRONICALLY VACANT","CASTILLO VICTOR & DORALINA","$86,300","https://www.google.com/maps/place/1220+Hampden+Bl,+Reading,+PA+19604/@40.354207580851124,-75.9096009339402,19z","https://www.readingpa.gov/certified-blighted-properties","Certified blighted by City of Reading 2015-10-15; building value $65,300; 2 STORY BRICK/MASONRY",""
"906 N 5th St, Reading, PA 19601","40.349233","-75.927785","Reading","PA","19601","RESIDENTIAL","CHRONICALLY VACANT","HENRIQUEZ ANDRES F","$82,400","https://www.google.com/maps/place/906+N+5th+St,+Reading,+PA+19601/@40.34923322469766,-75.92778539206768,19z","https://www.readingpa.gov/certified-blighted-properties","Certified blighted by City of Reading 2023-06-01; building value $71,600; 3 STORY BRICK/MASONRY",""
"1321 Mineral Spring Rd, Reading, PA 19602","40.332168","-75.911241","Reading","PA","19602","RESIDENTIAL","CHRONICALLY VACANT","LOPEZ ELENILSA A","$77,600","https://www.google.com/maps/place/1321+Mineral+Spring+Rd,+Reading,+PA+19602/@40.33216762526387,-75.91124083062724,19z","https://www.readingpa.gov/certified-blighted-properties","Certified blighted by City of Reading 2014-10-16; building value $46,100; 3 STORY BRICK/MASONRY",""
"221 Colston St, Reading, PA 19605","40.369401","-75.943052","Reading","PA","19605","RESIDENTIAL","CHRONICALLY VACANT","FIGUEROA RAFAEL JR","$75,300","https://www.google.com/maps/place/221+Colston+St,+Reading,+PA+19605/@40.36940101035979,-75.94305201404876,19z","https://www.readingpa.gov/certified-blighted-properties","Certified blighted by City of Reading 2012-05-17; building value $43,100; 1 1/2 STORY ALUM/VINYL/STL",""
"806 N 3rd St, Reading, PA 19601","40.347861","-75.931724","Reading","PA","19601","RESIDENTIAL","CHRONICALLY VACANT","DIAKITE AMADOU","$73,400","https://www.google.com/maps/place/806+N+3rd+St,+Reading,+PA+19601/@40.347861047437405,-75.93172445075405,19z","https://www.readingpa.gov/certified-blighted-properties","Certified blighted by City of Reading 2025-08-07; building value $64,300; 3 STORY BRICK/MASONRY",""
"209 Gregg Ave, Reading, PA 19611","40.322617","-75.936118","Reading","PA","19611","RESIDENTIAL","CHRONICALLY VACANT","SHAULER LLC","$72,300","https://www.google.com/maps/place/209+Gregg+Ave,+Reading,+PA+19611/@40.322617280741284,-75.93611764530851,19z","https://www.readingpa.gov/certified-blighted-properties","Certified blighted by City of Reading 2019-10-17; building value $49,300; 1 STORY BRICK/MASONRY",""
"1538 Mineral Spring Rd, Reading, PA 19602","40.331194","-75.907503","Reading","PA","19602","RESIDENTIAL","CHRONICALLY VACANT","TRAN JOHNSON","$70,600","https://www.google.com/maps/place/1538+Mineral+Spring+Rd,+Reading,+PA+19602/@40.3311940389539,-75.90750323976158,19z","https://www.readingpa.gov/certified-blighted-properties","Certified blighted by City of Reading 2013-03-21; building value $49,600; 3 STORY BRICK/MASONRY",""
"1417 Monroe St, Reading, PA 19601","40.352754","-75.956191","Reading","PA","19601","RESIDENTIAL","CHRONICALLY VACANT","JM DIAMOND ENTERPRISES LLC","$69,700","https://www.google.com/maps/place/1417+Monroe+St,+Reading,+PA+19601/@40.35275447426144,-75.95619139356862,19z","https://www.readingpa.gov/certified-blighted-properties","Certified blighted by City of Reading 2022-05-19; building value $53,100; 1 STORY BRICK/MASONRY",""
"170 W Oley St, Reading, PA 19601","40.345940","-75.937673","Reading","PA","19601","RESIDENTIAL","CHRONICALLY VACANT","MELO SUINDA","$61,100","https://www.google.com/maps/place/170+W+Oley+St,+Reading,+PA+19601/@40.345939999644955,-75.9376730124337,19z","https://www.readingpa.gov/certified-blighted-properties","Certified blighted by City of Reading 2014-10-16; building value $50,900; 3 STORY BRICK/MASONRY",""
"1246 Eckert Ave, Reading, PA 19602","40.333214","-75.911130","Reading","PA","19602","RESIDENTIAL","CHRONICALLY VACANT","DIAKITE AMADOU","$54,000","https://www.google.com/maps/place/1246+Eckert+Ave,+Reading,+PA+19602/@40.33321441666946,-75.91113028589173,19z","https://www.readingpa.gov/certified-blighted-properties","Certified blighted by City of Reading 2021-10-21; building value $36,500; 3 STORY BRICK/MASONRY",""
"801 N 10th St, Reading, PA 19604","40.347435","-75.917540","Reading","PA","19604","RESIDENTIAL","CHRONICALLY VACANT","TAVERAS NIOMAN & FRANCIA","$54,000","https://www.google.com/maps/place/801+N+10th+St,+Reading,+PA+19604/@40.34743502561182,-75.9175403248247,19z","https://www.readingpa.gov/certified-blighted-properties","Certified blighted by City of Reading 2021-05-20; building value $42,000; 3 STORY BRICK/MASONRY",""
"502 Heine St, Reading, PA 19606","40.327350","-75.899863","Reading","PA","19606","RESIDENTIAL","CHRONICALLY VACANT","SECOND LEVEL REALTY","$52,000","https://www.google.com/maps/place/502+Heine+St,+Reading,+PA+19606/@40.32734982556968,-75.89986288701189,19z","https://www.readingpa.gov/certified-blighted-properties","Certified blighted by City of Reading 2013-04-18; building value $38,000; 2 STORY BRICK/MASONRY",""
"513 S 15th St, Reading, PA 19602","40.328070","-75.908362","Reading","PA","19602","RESIDENTIAL","CHRONICALLY VACANT","PROPERTY 19601 LLC","$46,600","https://www.google.com/maps/place/513+S+15th+St,+Reading,+PA+19602/@40.3280701055632,-75.90836222742797,19z","https://www.readingpa.gov/certified-blighted-properties","Certified blighted by City of Reading 2024-01-17; building value $32,600; 3 STORY BRICK/MASONRY",""
"938 N 11th St, Reading, PA 19604","40.349684","-75.916037","Reading","PA","19604","RESIDENTIAL","CHRONICALLY VACANT","RASS PROPERTIES LLC","$46,600","https://www.google.com/maps/place/938+N+11th+St,+Reading,+PA+19604/@40.34968412942828,-75.91603713941092,19z","https://www.readingpa.gov/certified-blighted-properties","Certified blighted by City of Reading 2017-10-19; building value $30,300; 3 STORY BRICK/MASONRY",""
"1128 Greenwich St, Reading, PA 19604","40.344122","-75.914849","Reading","PA","19604","RESIDENTIAL","CHRONICALLY VACANT","DIAZ NUNEZ YOSAIRA","$45,300","https://www.google.com/maps/place/1128+Greenwich+St,+Reading,+PA+19604/@40.344121928929965,-75.91484868241106,19z","https://www.readingpa.gov/certified-blighted-properties","Certified blighted by City of Reading 2022-05-19; building value $33,300; 3 STORY BRICK/MASONRY",""
"1353 Walnut St, Reading, PA 19604","40.338444","-75.910654","Reading","PA","19604","RESIDENTIAL","CHRONICALLY VACANT","ROSARIO JORDY J DIAZ","$44,700","https://www.google.com/maps/place/1353+Walnut+St,+Reading,+PA+19604/@40.338443691887996,-75.91065427214926,19z","https://www.readingpa.gov/certified-blighted-properties","Certified blighted by City of Reading 2021-10-21; building value $32,700; 3 STORY BRICK/MASONRY",""
"558 S 15th St, Reading, PA 19602","40.327171","-75.908984","Reading","PA","19602","RESIDENTIAL","CHRONICALLY VACANT","MARRERO ANA MARIA","$43,100","https://www.google.com/maps/place/558+S+15th+St,+Reading,+PA+19602/@40.32717135976424,-75.90898352713634,19z","https://www.readingpa.gov/certified-blighted-properties","Certified blighted by City of Reading 2017-05-18; building value $29,100; 3 STORY BRICK/MASONRY",""
"849 Church St, Reading, PA 19601","40.348627","-75.926202","Reading","PA","19601","RESIDENTIAL","CHRONICALLY VACANT","ANG-HOMEBUYERS LLC","$40,400","https://www.google.com/maps/place/849+Church+St,+Reading,+PA+19601/@40.34862744348946,-75.92620202641656,19z","https://www.readingpa.gov/certified-blighted-properties","Certified blighted by City of Reading 2021-10-21; building value $27,400; 2 STORY COMPOSITION",""
"742 N 11th St, Reading, PA 19604","40.346943","-75.916114","Reading","PA","19604","RESIDENTIAL","CHRONICALLY VACANT","DELOS SANTOS VIDAL SUSANA & ROSELL HILARY","$40,300","https://www.google.com/maps/place/742+N+11th+St,+Reading,+PA+19604/@40.346942726720634,-75.9161138850623,19z","https://www.readingpa.gov/certified-blighted-properties","Certified blighted by City of Reading 2023-06-01; building value $27,300; 3 STORY BRICK/MASONRY",""
"804 Chestnut St, Reading, PA 19602","40.331875","-75.921878","Reading","PA","19602","RESIDENTIAL","CHRONICALLY VACANT","CABA JOHN A","$40,100","https://www.google.com/maps/place/804+Chestnut+St,+Reading,+PA+19602/@40.33187465202214,-75.92187793178158,19z","https://www.readingpa.gov/certified-blighted-properties","Certified blighted by City of Reading 2022-10-20; building value $33,500; 3 STORY BRICK/MASONRY",""
"1033 Marion St, Reading, PA 19604","40.353423","-75.916498","Reading","PA","19604","RESIDENTIAL","CHRONICALLY VACANT","WILKINSON NORMAN","$39,300","https://www.google.com/maps/place/1033+Marion+St,+Reading,+PA+19604/@40.35342330726242,-75.9164980387043,19z","https://www.readingpa.gov/certified-blighted-properties","Certified blighted by City of Reading 2019-10-17; building value $23,000; 3 STORY BRICK/MASONRY",""
"913 Oley St, Reading, PA 19604","40.346126","-75.919196","Reading","PA","19604","RESIDENTIAL","CHRONICALLY VACANT","WEIDNER RANDY","$39,200","https://www.google.com/maps/place/913+Oley+St,+Reading,+PA+19604/@40.34612619286007,-75.9191961366597,19z","https://www.readingpa.gov/certified-blighted-properties","Certified blighted by City of Reading 2025-04-03; building value $26,200; 2 STORY BRICK/MASONRY",""
"827 Church St, Reading, PA 19601","40.348213","-75.926215","Reading","PA","19601","RESIDENTIAL","CHRONICALLY VACANT","DURHAM IVAN P","$38,000","https://www.google.com/maps/place/827+Church+St,+Reading,+PA+19601/@40.34821323259502,-75.92621464388169,19z","https://www.readingpa.gov/certified-blighted-properties","Certified blighted by City of Reading 2024-01-17; building value $26,000; 2 STORY BRICK/MASONRY",""
"8 Nottingham Ct, Reading, PA 19601","40.340661","-75.939184","Reading","PA","19601","RESIDENTIAL","CHRONICALLY VACANT","LA MAIN FORTE AUTO CENTER LLC","$36,800","https://www.google.com/maps/place/8+Nottingham+Ct,+Reading,+PA+19601/@40.34066142047393,-75.93918369906443,19z","https://www.readingpa.gov/certified-blighted-properties","Certified blighted by City of Reading 2023-06-01; building value $28,600; 2 STORY ALUM/VINYL/STL",""
"807 Greenwich St, Reading, PA 19601","40.344597","-75.921504","Reading","PA","19601","RESIDENTIAL","CHRONICALLY VACANT","267 LINDEN ST LLC","$34,700","https://www.google.com/maps/place/807+Greenwich+St,+Reading,+PA+19601/@40.34459686521397,-75.92150374583981,19z","https://www.readingpa.gov/certified-blighted-properties","Certified blighted by City of Reading 2018-10-18; building value $26,700; 3 STORY BRICK/MASONRY",""
"363 N 2nd St, Reading, PA 19601","40.341552","-75.933208","Reading","PA","19601","COMMERCIAL","CHRONICALLY VACANT","DT INTERPRISE LLC","$32,500","https://www.google.com/maps/place/363+N+2nd+St,+Reading,+PA+19601/@40.34155231640998,-75.93320758475811,19z","https://www.readingpa.gov/certified-blighted-properties","Certified blighted by City of Reading 2017-10-19; building value $22,500; COMMERCIAL BUILDING",""
"645 S 17 1/2 St, Reading, PA 19606","40.325576","-75.903237","Reading","PA","19606","RESIDENTIAL","CHRONICALLY VACANT","AVENDANO CARLOS E & POCASANGRE SANTOS M","$32,100","https://www.google.com/maps/place/645+S+17+1/2+St,+Reading,+PA+19606/@40.325576293954796,-75.90323722807526,19z","https://www.readingpa.gov/certified-blighted-properties","Certified blighted by City of Reading 2022-10-20; building value $12,600; 2 STORY ALUM/VINYL/STL",""
"1129 Douglass St, Reading, PA 19604","40.347470","-75.914495","Reading","PA","19604","RESIDENTIAL","CHRONICALLY VACANT","QUINTUNA JOHN M & CHACHO CAMPOVERDE LUIS A","$31,800","https://www.google.com/maps/place/1129+Douglass+St,+Reading,+PA+19604/@40.34746976200709,-75.91449505337985,19z","https://www.readingpa.gov/certified-blighted-properties","Certified blighted by City of Reading 2024-10-03; building value $19,800; 2 STORY BRICK/MASONRY",""
"1321 Good St, Reading, PA 19602","40.332751","-75.911338","Reading","PA","19602","RESIDENTIAL","CHRONICALLY VACANT","MASTER INNOVATION LLC","$31,000","https://www.google.com/maps/place/1321+Good+St,+Reading,+PA+19602/@40.33275111347222,-75.91133801855864,19z","https://www.readingpa.gov/certified-blighted-properties","Certified blighted by City of Reading 2015-10-15; building value $22,100; 3 STORY BRICK/MASONRY",""
"520 Birch St, Reading, PA 19604","40.343400","-75.913246","Reading","PA","19604","RESIDENTIAL","CHRONICALLY VACANT","RIVERA DEYANIRA OZUNA","$30,900","https://www.google.com/maps/place/520+Birch+St,+Reading,+PA+19604/@40.34340000347608,-75.91324645467598,19z","https://www.readingpa.gov/certified-blighted-properties","Certified blighted by City of Reading 2015-04-16; building value $18,900; 2 STORY BRICK/MASONRY",""
"1417 Montgomery St, Reading, PA 19601","40.352214","-75.957255","Reading","PA","19601","RESIDENTIAL","CHRONICALLY VACANT","MARTE GUIDO & SANTANA BARBARA","$29,200","https://www.google.com/maps/place/1417+Montgomery+St,+Reading,+PA+19601/@40.352213867520916,-75.95725477989774,19z","https://www.readingpa.gov/certified-blighted-properties","Certified blighted by City of Reading 2022-05-19; building value $13,700; 1 STORY MASONRY/FRAME",""
"152 Elm St, Reading, PA 19601","40.339878","-75.933766","Reading","PA","19601","COMMERCIAL","CHRONICALLY VACANT","MCKNIGHTS CAFE INC","$66,000","https://www.google.com/maps/place/152+Elm+St,+Reading,+PA+19601/@40.33987783990358,-75.9337657394586,19z","https://www.readingpa.gov/certified-blighted-properties","Certified blighted by City of Reading 2022-10-20; building value $51,000; COMMERCIAL BUILDING",""
"112 S 6th St, Reading, PA 19602","40.333168","-75.926243","Reading","PA","19602","COMMERCIAL","CHRONICALLY VACANT","N EAST PROPERTY LLC","$55,600","https://www.google.com/maps/place/112+S+6th+St,+Reading,+PA+19602/@40.333168392453835,-75.92624251302769,19z","https://www.readingpa.gov/certified-blighted-properties","Certified blighted by City of Reading 2011-06-16; building value $44,600; COMMERCIAL BUILDING",""
"110 S 9th St, Reading, PA 19602","40.333186","-75.920645","Reading","PA","19602","COMMERCIAL","CHRONICALLY VACANT","REYES JULIO A","$47,000","https://www.google.com/maps/place/110+S+9th+St,+Reading,+PA+19602/@40.333185850603385,-75.92064504710656,19z","https://www.readingpa.gov/certified-blighted-properties","Certified blighted by City of Reading 2025-12-04; building value $31,000; COMMERCIAL BUILDING",""
"108 S 9th St, Reading, PA 19602","40.333242","-75.920513","Reading","PA","19602","COMMERCIAL","CHRONICALLY VACANT","REYES JULIO","$42,600","https://www.google.com/maps/place/108+S+9th+St,+Reading,+PA+19602/@40.33324154939362,-75.92051306923294,19z","https://www.readingpa.gov/certified-blighted-properties","Certified blighted by City of Reading 2025-12-04; building value $29,600; COMMERCIAL BUILDING",""
"110 S 6th St, Reading, PA 19602","40.333215","-75.926308","Reading","PA","19602","COMMERCIAL","CHRONICALLY VACANT","VENTURA CARLOS JOSE","$42,100","https://www.google.com/maps/place/110+S+6th+St,+Reading,+PA+19602/@40.33321497047932,-75.92630827432063,19z","https://www.readingpa.gov/certified-blighted-properties","Certified blighted by City of Reading 2021-10-21; building value $31,100; COMMERCIAL BUILDING",""
"1343 R Mineral Spring Rd, Reading, PA 19602","40.332117","-75.910507","Reading","PA","19602","COMMERCIAL","CHRONICALLY VACANT","MENDEZ JUAN R","$41,700","https://www.google.com/maps/place/1343+R+Mineral+Spring+Rd,+Reading,+PA+19602/@40.332116899032314,-75.91050710057597,19z","https://www.readingpa.gov/certified-blighted-properties","Certified blighted by City of Reading 2024-10-03; building value $23,200; COMMERCIAL BUILDING",""
"622 N 8th St, Reading, PA 19601","40.345125","-75.922033","Reading","PA","19601","COMMERCIAL","CHRONICALLY VACANT","ROCK AND WATER RENTERS CORP","$33,300","https://www.google.com/maps/place/622+N+8th+St,+Reading,+PA+19601/@40.34512465737659,-75.92203321786955,19z","https://www.readingpa.gov/certified-blighted-properties","Certified blighted by City of Reading 2023-06-01; building value $24,200; COMMERCIAL BUILDING",""
"521 Windsor St, Reading, PA 19601","40.349183","-75.926795","Reading","PA","19601","RESIDENTIAL","CHRONICALLY VACANT","GIL MAYRELIZ & CRIQUE MAYRA J","$47,400","https://www.google.com/maps/place/521+Windsor+St,+Reading,+PA+19601/@40.34918261664678,-75.92679498615547,19z","https://www.readingpa.gov/certified-blighted-properties","Certified blighted by City of Reading 2020-09-17; building value $35,400; 3 STORY BRICK/MASONRY",""
"915 N Front St, Reading, PA 19601","40.349649","-75.934879","Reading","PA","19601","RESIDENTIAL","CHRONICALLY VACANT","RODRIGUEZ BIENVENIDO A BEATO SHAINA R","$46,700","https://www.google.com/maps/place/915+N+Front+St,+Reading,+PA+19601/@40.34964908287497,-75.93487903946112,19z","https://www.readingpa.gov/certified-blighted-properties","Certified blighted by City of Reading 2013-03-21; building value $36,500; 3 STORY BRICK/MASONRY",""
"350 N 6th St, Reading, PA 19601","40.341425","-75.925978","Reading","PA","19601","RESIDENTIAL","CHRONICALLY VACANT","AREVALO MARTHA E & MARIO","$45,600","https://www.google.com/maps/place/350+N+6th+St,+Reading,+PA+19601/@40.34142464241318,-75.9259780378441,19z","https://www.readingpa.gov/certified-blighted-properties","Certified blighted by City of Reading 2017-05-18; building value $35,000; 3 STORY BRICK/MASONRY",""
"1260 N 10th St, Reading, PA 19604","40.354544","-75.917859","Reading","PA","19604","RESIDENTIAL","CHRONICALLY VACANT","RIVERA FRANCISCO","$44,400","https://www.google.com/maps/place/1260+N+10th+St,+Reading,+PA+19604/@40.354543565390685,-75.91785913333167,19z","https://www.readingpa.gov/certified-blighted-properties","Certified blighted by City of Reading 2023-06-01; building value $29,400; 2 STORY BRICK/MASONRY",""
"641 N 9th St, Reading, PA 19604","40.345393","-75.919448","Reading","PA","19604","RESIDENTIAL","CHRONICALLY VACANT","DE LA CRUZ ELVIN RAFAEL SUAREZ","$44,300","https://www.google.com/maps/place/641+N+9th+St,+Reading,+PA+19604/@40.345393439517174,-75.91944796774773,19z","https://www.readingpa.gov/certified-blighted-properties","Certified blighted by City of Reading 2013-10-17; building value $35,000; 3 STORY BRICK/MASONRY",""
"942 N 5th St, Reading, PA 19601","40.350057","-75.927760","Reading","PA","19601","RESIDENTIAL","CHRONICALLY VACANT","ORTEGA DAVID E BAEZ","$43,300","https://www.google.com/maps/place/942+N+5th+St,+Reading,+PA+19601/@40.350056879691564,-75.92776048391022,19z","https://www.readingpa.gov/certified-blighted-properties","Certified blighted by City of Reading 2021-10-21; building value $34,500; 3 STORY BRICK/MASONRY",""
"226 N 4th St, Reading, PA 19601","40.339433","-75.930062","Reading","PA","19601","RESIDENTIAL","CHRONICALLY VACANT","GARCIA DE NIEVES ANGELA JUSTINA","$40,600","https://www.google.com/maps/place/226+N+4th+St,+Reading,+PA+19601/@40.339432530444235,-75.93006244005012,19z","https://www.readingpa.gov/certified-blighted-properties","Certified blighted by City of Reading 2024-01-17; building value $32,600; 2 1/2 STORY BRICK/MASONRY",""
"716 Moss St, Reading, PA 19604","40.346374","-75.919008","Reading","PA","19604","RESIDENTIAL","CHRONICALLY VACANT","ALMONTE-GARCIA PEDRO","$39,200","https://www.google.com/maps/place/716+Moss+St,+Reading,+PA+19604/@40.346373681752496,-75.91900835168008,19z","https://www.readingpa.gov/certified-blighted-properties","Certified blighted by City of Reading 2015-04-16; building value $24,100; 2 STORY BRICK/MASONRY",""
"857 Schuylkill Ave, Reading, PA 19601","40.349026","-75.941974","Reading","PA","19601","RESIDENTIAL","CHRONICALLY VACANT","RODRIGUEZ MORALES MARIA A","$35,800","https://www.google.com/maps/place/857+Schuylkill+Ave,+Reading,+PA+19601/@40.34902572018218,-75.94197395835818,19z","https://www.readingpa.gov/certified-blighted-properties","Certified blighted by City of Reading 2017-05-18; building value $22,800; 3 STORY BRICK/MASONRY",""
"121 W Greenwich St, Reading, PA 19601","40.344919","-75.936188","Reading","PA","19601","RESIDENTIAL","CHRONICALLY VACANT","LOOSE KAREN C & DAVID WARREN","$35,100","https://www.google.com/maps/place/121+W+Greenwich+St,+Reading,+PA+19601/@40.34491850726314,-75.93618818335881,19z","https://www.readingpa.gov/certified-blighted-properties","Certified blighted by City of Reading 2023-06-01; building value $28,100; 3 STORY BRICK/MASONRY",""
"1126 Buttonwood St, Reading, PA 19604","40.341153","-75.914963","Reading","PA","19604","RESIDENTIAL","CHRONICALLY VACANT","DURAN SASHALEE","$34,500","https://www.google.com/maps/place/1126+Buttonwood+St,+Reading,+PA+19604/@40.34115348690126,-75.91496303451459,19z","https://www.readingpa.gov/certified-blighted-properties","Certified blighted by City of Reading 2022-05-19; building value $22,500; 2 STORY BRICK/MASONRY",""
"612 Weiser St, Reading, PA 19601","40.345190","-75.938112","Reading","PA","19601","RESIDENTIAL","CHRONICALLY VACANT","PEREZ VICTOR & SHEILA","$31,400","https://www.google.com/maps/place/612+Weiser+St,+Reading,+PA+19601/@40.34518968969804,-75.9381124685774,19z","https://www.readingpa.gov/certified-blighted-properties","Certified blighted by City of Reading 2022-05-19; building value $24,400; 3 STORY BRICK/MASONRY",""
"542 Maple St, Reading, PA 19602","40.327540","-75.917620","Reading","PA","19602","RESIDENTIAL","CHRONICALLY VACANT","CREW INVESTMENTS LLC","$29,100","https://www.google.com/maps/place/542+Maple+St,+Reading,+PA+19602/@40.32753992462524,-75.91761982424387,19z","https://www.readingpa.gov/certified-blighted-properties","Certified blighted by City of Reading 2020-09-17; building value $20,300; 2 STORY FRAME",""
"1038 Mulberry St, Reading, PA 19604","40.351088","-75.916939","Reading","PA","19604","RESIDENTIAL","CHRONICALLY VACANT","HERNANDEZ LAURY A TAVERAS","$42,800","https://www.google.com/maps/place/1038+Mulberry+St,+Reading,+PA+19604/@40.35108812773346,-75.91693878943809,19z","https://www.readingpa.gov/certified-blighted-properties","Certified blighted by City of Reading 2017-10-19; building value $27,800; 2 1/2 STORY BRICK/MASONRY",""
"1353 N 10th St, Reading, PA 19604","40.355932","-75.917250","Reading","PA","19604","RESIDENTIAL","CHRONICALLY VACANT","BAYSWATER BLUE CRAB CORPORATION","$40,400","https://www.google.com/maps/place/1353+N+10th+St,+Reading,+PA+19604/@40.35593180812244,-75.91724954622418,19z","https://www.readingpa.gov/certified-blighted-properties","Certified blighted by City of Reading 2022-10-20; building value $22,900; 3 STORY BRICK/MASONRY",""
"1522 N 10th St, Reading, PA 19604","40.358203","-75.917758","Reading","PA","19604","RESIDENTIAL","CHRONICALLY VACANT","KOVACS JOHN A","$37,800","https://www.google.com/maps/place/1522+N+10th+St,+Reading,+PA+19604/@40.35820334374372,-75.9177584373618,19z","https://www.readingpa.gov/certified-blighted-properties","Certified blighted by City of Reading 2018-05-17; building value $22,800; 2 STORY BRICK/MASONRY",""
"638 Schuylkill Ave, Reading, PA 19601","40.345509","-75.940671","Reading","PA","19601","RESIDENTIAL","CHRONICALLY VACANT","CHAN SHUI","$34,800","https://www.google.com/maps/place/638+Schuylkill+Ave,+Reading,+PA+19601/@40.34550882088896,-75.94067066914712,19z","https://www.readingpa.gov/certified-blighted-properties","Certified blighted by City of Reading 2017-10-19; building value $27,800; 3 STORY BRICK/MASONRY",""
"1015 N 12th St, Reading, PA 19604","40.350625","-75.913462","Reading","PA","19604","RESIDENTIAL","CHRONICALLY VACANT","DEJESUS JOSE R","$33,600","https://www.google.com/maps/place/1015+N+12th+St,+Reading,+PA+19604/@40.350624783583555,-75.9134620435805,19z","https://www.readingpa.gov/certified-blighted-properties","Certified blighted by City of Reading 2017-10-19; building value $21,900; 3 STORY BRICK/MASONRY",""
"305 N 11th St, Reading, PA 19604","40.339982","-75.915708","Reading","PA","19604","RESIDENTIAL","CHRONICALLY VACANT","CEKOVIC ZENEL & CEKOVIC KUJTIM","$32,600","https://www.google.com/maps/place/305+N+11th+St,+Reading,+PA+19604/@40.33998176797716,-75.91570750061516,19z","https://www.readingpa.gov/certified-blighted-properties","Certified blighted by City of Reading 2018-05-17; building value $19,600; 2 STORY BRICK/MASONRY",""
"600 N 9th St, Reading, PA 19601","40.344504","-75.920083","Reading","PA","19601","COMMERCIAL","CHRONICALLY VACANT","LXR PA 1 LLC","$32,100","https://www.google.com/maps/place/600+N+9th+St,+Reading,+PA+19601/@40.34450408935989,-75.9200831974377,19z","https://www.readingpa.gov/certified-blighted-properties","Certified blighted by City of Reading 2024-10-03; building value $21,100; COMMERCIAL BUILDING",""
"42 N 11th St, Reading, PA 19601","40.336462","-75.916496","Reading","PA","19601","RESIDENTIAL","CHRONICALLY VACANT","DELCID SAUL","$31,200","https://www.google.com/maps/place/42+N+11th+St,+Reading,+PA+19601/@40.33646202577537,-75.91649584055783,19z","https://www.readingpa.gov/certified-blighted-properties","Certified blighted by City of Reading 2021-10-21; building value $21,900; 2 STORY BRICK/MASONRY",""
"427 Spruce St, Reading, PA 19602","40.330884","-75.928904","Reading","PA","19602","RESIDENTIAL","CHRONICALLY VACANT","RODRIGUEZ HERRERA LINA","$30,200","https://www.google.com/maps/place/427+Spruce+St,+Reading,+PA+19602/@40.33088419141244,-75.92890391830242,19z","https://www.readingpa.gov/certified-blighted-properties","Certified blighted by City of Reading 2021-05-20; building value $23,600; 2 STORY BRICK/MASONRY",""
"741 Birch St, Reading, PA 19604","40.346652","-75.912639","Reading","PA","19604","RESIDENTIAL","CHRONICALLY VACANT","HEISEY ANNMARIE","$29,600","https://www.google.com/maps/place/741+Birch+St,+Reading,+PA+19604/@40.34665213305762,-75.91263858098543,19z","https://www.readingpa.gov/certified-blighted-properties","Certified blighted by City of Reading 2019-10-17; building value $17,600; 3 STORY BRICK/MASONRY",""
"528 N 10th St, Reading, PA 19604","40.343674","-75.918182","Reading","PA","19604","RESIDENTIAL","CHRONICALLY VACANT","INVESCON LLC","$29,300","https://www.google.com/maps/place/528+N+10th+St,+Reading,+PA+19604/@40.34367370222178,-75.91818169259736,19z","https://www.readingpa.gov/certified-blighted-properties","Certified blighted by City of Reading 2013-04-18; building value $20,000; 3 STORY BRICK/MASONRY",""
"306 Elm St, Reading, PA 19601","40.339924","-75.931261","Reading","PA","19601","RESIDENTIAL","CHRONICALLY VACANT","CARRASQUILLO SANTOS S & SOTO BRUNILDA","$29,200","https://www.google.com/maps/place/306+Elm+St,+Reading,+PA+19601/@40.339923788865065,-75.9312610808199,19z","https://www.readingpa.gov/certified-blighted-properties","Certified blighted by City of Reading 2011-07-21; building value $22,200; 3 STORY BRICK/MASONRY",""
"122 S 8th St, Reading, PA 19602","40.332986","-75.922552","Reading","PA","19602","COMMERCIAL","CHRONICALLY VACANT","WEST COAST INV ASSOC INC","$28,600","https://www.google.com/maps/place/122+S+8th+St,+Reading,+PA+19602/@40.33298578141508,-75.92255228112025,19z","https://www.readingpa.gov/certified-blighted-properties","Certified blighted by City of Reading 2015-10-15; building value $14,100; COMMERCIAL BUILDING",""
"1435 Monroe St, Reading, PA 19601","40.353193","-75.956592","Reading","PA","19601","RESIDENTIAL","CHRONICALLY VACANT","PEREZ SHEILA","$28,500","https://www.google.com/maps/place/1435+Monroe+St,+Reading,+PA+19601/@40.35319250504466,-75.95659156660147,19z","https://www.readingpa.gov/certified-blighted-properties","Certified blighted by City of Reading 2022-05-19; building value $12,500; 1 STORY ASBESTOS",""
"1145 Cotton St, Reading, PA 19602","40.328771","-75.915159","Reading","PA","19602","RESIDENTIAL","CHRONICALLY VACANT","1145 COTTON STREET LLC","$28,400","https://www.google.com/maps/place/1145+Cotton+St,+Reading,+PA+19602/@40.32877149339726,-75.9151591372949,19z","https://www.readingpa.gov/certified-blighted-properties","Certified blighted by City of Reading 2023-06-01; building value $22,900; 3 STORY BRICK/MASONRY",""
"108 Peach St, Reading, PA 19602","40.333110","-75.921308","Reading","PA","19602","RESIDENTIAL","CHRONICALLY VACANT","NIEVES MILTON & QUINTUNA ROSA","$28,200","https://www.google.com/maps/place/108+Peach+St,+Reading,+PA+19602/@40.33311016150144,-75.92130792543261,19z","https://www.readingpa.gov/certified-blighted-properties","Certified blighted by City of Reading 2017-05-18; building value $21,600; 2 STORY BRICK/MASONRY",""
"130 S 8th St, Reading, PA 19602","40.332801","-75.922535","Reading","PA","19602","RESIDENTIAL","CHRONICALLY VACANT","LUGO DEVADIP RAFAEL","$27,800","https://www.google.com/maps/place/130+S+8th+St,+Reading,+PA+19602/@40.332801328527,-75.9225350932108,19z","https://www.readingpa.gov/certified-blighted-properties","Certified blighted by City of Reading 2024-01-17; building value $18,700; 3 STORY BRICK/MASONRY",""
"528 Bingaman St, Reading, PA 19602","40.328994","-75.926878","Reading","PA","19602","RESIDENTIAL","CHRONICALLY VACANT","JJC REAL ESTATE LLC","$27,500","https://www.google.com/maps/place/528+Bingaman+St,+Reading,+PA+19602/@40.32899382439996,-75.92687808617242,19z","https://www.readingpa.gov/certified-blighted-properties","Certified blighted by City of Reading 2018-05-17; building value $22,000; 3 STORY BRICK/MASONRY",""
"40 S 10th St, Reading, PA 19602","40.333972","-75.918426","Reading","PA","19602","RESIDENTIAL","CHRONICALLY VACANT","40 SOUTH 10TH ST INVESTMENT LLC","$27,500","https://www.google.com/maps/place/40+S+10th+St,+Reading,+PA+19602/@40.33397222941356,-75.91842583715791,19z","https://www.readingpa.gov/certified-blighted-properties","Certified blighted by City of Reading 2013-08-15; building value $17,500; 3 STORY BRICK/MASONRY",""
"820 Franklin St, Reading, PA 19602","40.333307","-75.921351","Reading","PA","19602","RESIDENTIAL","CHRONICALLY VACANT","PAULA SANTA B","$27,400","https://www.google.com/maps/place/820+Franklin+St,+Reading,+PA+19602/@40.33330725011712,-75.92135120905589,19z","https://www.readingpa.gov/certified-blighted-properties","Certified blighted by City of Reading 2024-10-03; building value $18,600; 2 STORY BRICK/MASONRY",""
"3201 Beacon Ave S, Seattle, WA 98144","47.574925","-122.309422","Seattle","WA","98144","RESIDENTIAL","CONDEMNED","","","https://www.google.com/maps/place/3201+Beacon+Ave+S,+Seattle,+WA+98144/@47.57492466,-122.30942236,19z","https://services.seattle.gov/portal/customize/LinkToRecord.aspx?altId=1063086-VI","Seattle SDCI Case 1063086-VI (EO Vacate Close Issued), opened 2026-05-12. Vacant Building - open to entry along rear of property",""
"8621 5th Ave S, Seattle, WA 98108","47.525799","-122.328605","Seattle","WA","98108","RESIDENTIAL","CONDEMNED","","","https://www.google.com/maps/place/8621+5th+Ave+S,+Seattle,+WA+98108/@47.52579942,-122.32860495,19z","https://services.seattle.gov/portal/customize/LinkToRecord.aspx?altId=1062915-VI","Seattle SDCI Case 1062915-VI (EO Vacate Close Issued), opened 2026-04-22. This vacant building has a roof that is falling in. I believe vacant buildings have to maintain some kind of standard and not become completely derelict.",""
"3915 SW Orchard St, Seattle, WA 98136","47.538311","-122.382619","Seattle","WA","98136","RESIDENTIAL","PROBABLY VACANT","","","https://www.google.com/maps/place/3915+SW+Orchard+St,+Seattle,+WA+98136/@47.53831052,-122.38261944,19z","https://services.seattle.gov/portal/customize/LinkToRecord.aspx?altId=1062876-VI","Seattle SDCI Case 1062876-VI (Initiated), opened 2026-04-15. reporting vacant building",""
"220 N 58th St, Seattle, WA 98103","47.671351","-122.355600","Seattle","WA","98103","RESIDENTIAL","CONDEMNED","","","https://www.google.com/maps/place/220+N+58th+St,+Seattle,+WA+98103/@47.67135076,-122.35560031,19z","https://services.seattle.gov/portal/customize/LinkToRecord.aspx?altId=1062780-VI","Seattle SDCI Case 1062780-VI (EO Vacate Close Issued), opened 2026-03-26. vacant building unsecured with violations, building conditions, junk trash, veg, squatter activity",""
"7315 Jones Ave NW, Seattle, WA 98117","47.681847","-122.386737","Seattle","WA","98117","RESIDENTIAL","CONDEMNED","","","https://www.google.com/maps/place/7315+Jones+Ave+NW,+Seattle,+WA+98117/@47.68184706,-122.38673692,19z","https://services.seattle.gov/portal/customize/LinkToRecord.aspx?altId=1062720-VI","Seattle SDCI Case 1062720-VI (EO Vacate Close Issued), opened 2026-03-20. Vacant building unsecured with violations, building conditions, junk trash, veg",""
"5219 Wallingford Ave N, Seattle, WA 98103","47.667091","-122.336661","Seattle","WA","98103","RESIDENTIAL","CONDEMNED","","","https://www.google.com/maps/place/5219+Wallingford+Ave+N,+Seattle,+WA+98103/@47.66709066,-122.33666087,19z","https://services.seattle.gov/portal/customize/LinkToRecord.aspx?altId=1062721-VI","Seattle SDCI Case 1062721-VI (EO Vacate Close Issued), opened 2026-03-20. Vacant building unsecured with violations, building conditions, junk trash, veg",""
"3804 23rd Ave SW, Seattle, WA 98106","47.569957","-122.361903","Seattle","WA","98106","RESIDENTIAL","CONDEMNED","","","https://www.google.com/maps/place/3804+23rd+Ave+SW,+Seattle,+WA+98106/@47.56995664,-122.3619029,19z","https://services.seattle.gov/portal/customize/LinkToRecord.aspx?altId=1062707-VI","Seattle SDCI Case 1062707-VI (EO Vacate Close Issued), opened 2026-03-19. Vacant Building; open to entry, building conditions violations, graffiti",""
"415 N Bowdoin Pl, Seattle, WA 98103","47.654500","-122.353831","Seattle","WA","98103","RESIDENTIAL","CONDEMNED","","","https://www.google.com/maps/place/415+N+Bowdoin+Pl,+Seattle,+WA+98103/@47.65449951,-122.35383143,19z","https://services.seattle.gov/portal/customize/LinkToRecord.aspx?altId=1062709-VI","Seattle SDCI Case 1062709-VI (NOV Issued), opened 2026-03-19. Vacant building secured with violations, building conditions, junk trash, veg",""
"9438 15th Ave SW, Seattle, WA 98106","47.518029","-122.353762","Seattle","WA","98106","RESIDENTIAL","CONDEMNED","","","https://www.google.com/maps/place/9438+15th+Ave+SW,+Seattle,+WA+98106/@47.51802908,-122.35376165,19z","https://services.seattle.gov/portal/customize/LinkToRecord.aspx?altId=1062697-VI","Seattle SDCI Case 1062697-VI (EO Vacate Close Issued), opened 2026-03-18. Vacant building open to entry Deteriorated / Collapsed / Overgrown vegetation",""
"565 S Director St, Seattle, WA 98108","47.522128","-122.325591","Seattle","WA","98108","RESIDENTIAL","CONDEMNED","","","https://www.google.com/maps/place/565+S+Director+St,+Seattle,+WA+98108/@47.52212771,-122.32559125,19z","https://services.seattle.gov/portal/customize/LinkToRecord.aspx?altId=1062704-VI","Seattle SDCI Case 1062704-VI (EO Vacate Close Issued), opened 2026-03-18. Vacant building",""
"9215 14th Ave SW, Seattle, WA 98106","47.520550","-122.353113","Seattle","WA","98106","RESIDENTIAL","CONDEMNED","","","https://www.google.com/maps/place/9215+14th+Ave+SW,+Seattle,+WA+98106/@47.5205496,-122.35311271,19z","https://services.seattle.gov/portal/customize/LinkToRecord.aspx?altId=1062647-VI","Seattle SDCI Case 1062647-VI (NOV Issued), opened 2026-03-12. Vacant building",""
"9032 17th Ave SW, Seattle, WA 98106","47.521835","-122.356176","Seattle","WA","98106","RESIDENTIAL","CONDEMNED","","","https://www.google.com/maps/place/9032+17th+Ave+SW,+Seattle,+WA+98106/@47.52183543,-122.35617646,19z","https://services.seattle.gov/portal/customize/LinkToRecord.aspx?altId=1062563-VI","Seattle SDCI Case 1062563-VI (EO Vacate Close Issued), opened 2026-02-26. Vacant Building - abandoned property; open to entry w/ egregious junk storage throughout yard areas. SPD referral",""
"7900 18th Ave SW, Seattle, WA 98106","47.531743","-122.357412","Seattle","WA","98106","RESIDENTIAL","CONDEMNED","","","https://www.google.com/maps/place/7900+18th+Ave+SW,+Seattle,+WA+98106/@47.53174276,-122.35741224,19z","https://services.seattle.gov/portal/customize/LinkToRecord.aspx?altId=1062519-VI","Seattle SDCI Case 1062519-VI (NOV Issued), opened 2026-02-18. Vacant Building violations -outdoor storage, vegetation overgrowth, building conditions, etc",""
"1100 Alki Ave SW, Seattle, WA 98116","47.594822","-122.385385","Seattle","WA","98116","RESIDENTIAL","CONDEMNED","","","https://www.google.com/maps/place/1100+Alki+Ave+SW,+Seattle,+WA+98116/@47.59482163,-122.38538544,19z","https://services.seattle.gov/portal/customize/LinkToRecord.aspx?altId=1062498-VI","Seattle SDCI Case 1062498-VI (NOV Issued), opened 2026-02-12. Vacant Building - violations",""
"3416 45th Ave SW, Seattle, WA 98116","47.573288","-122.389127","Seattle","WA","98116","RESIDENTIAL","CONDEMNED","","","https://www.google.com/maps/place/3416+45th+Ave+SW,+Seattle,+WA+98116/@47.57328753,-122.38912718,19z","https://services.seattle.gov/portal/customize/LinkToRecord.aspx?altId=1062304-VI","Seattle SDCI Case 1062304-VI (NOV Issued), opened 2026-01-07. Vacant building complaint,overgrown weeds",""
"2204 1st Ave, Seattle, WA 98121","47.612912","-122.345116","Seattle","WA","98121","RESIDENTIAL","CONDEMNED","","","https://www.google.com/maps/place/2204+1st+Ave,+Seattle,+WA+98121/@47.61291227,-122.34511587,19z","https://services.seattle.gov/portal/customize/LinkToRecord.aspx?altId=1062124-VI","Seattle SDCI Case 1062124-VI (EO Vacate Close Issued), opened 2025-12-02. Vacant Building with egregious squatter occupation. SPD Referral",""
"4301 Leary Way NW, Seattle, WA 98107","47.659242","-122.365645","Seattle","WA","98107","RESIDENTIAL","CONDEMNED","","","https://www.google.com/maps/place/4301+Leary+Way+NW,+Seattle,+WA+98107/@47.65924151,-122.36564491,19z","https://services.seattle.gov/portal/customize/LinkToRecord.aspx?altId=1062110-VI","Seattle SDCI Case 1062110-VI (NOV Issued), opened 2025-11-25. Vacant Building with squatter activity. SFD Referral",""
"2721 NE 127th St, Seattle, WA 98125","47.720980","-122.298287","Seattle","WA","98125","RESIDENTIAL","CONDEMNED","","","https://www.google.com/maps/place/2721+NE+127th+St,+Seattle,+WA+98125/@47.72097958,-122.29828708,19z","https://services.seattle.gov/portal/customize/LinkToRecord.aspx?altId=1062050-VI","Seattle SDCI Case 1062050-VI (NOV Issued), opened 2025-11-16. Vacant Building with squatter activity. SFD Referral",""
"2349 44th Ave SW, Seattle, WA 98116","47.581489","-122.388150","Seattle","WA","98116","RESIDENTIAL","CONDEMNED","","","https://www.google.com/maps/place/2349+44th+Ave+SW,+Seattle,+WA+98116/@47.58148946,-122.38815049,19z","https://services.seattle.gov/portal/customize/LinkToRecord.aspx?altId=1062035-VI","Seattle SDCI Case 1062035-VI (EO Vacate Close Issued), opened 2025-11-13. Vacant building - not fully secured to City's standards; vehicle and boat parked on premises",""
"4700 7th Ave NE, Seattle, WA 98105","47.663279","-122.320459","Seattle","WA","98105","RESIDENTIAL","CONDEMNED","","","https://www.google.com/maps/place/4700+7th+Ave+NE,+Seattle,+WA+98105/@47.66327859,-122.32045913,19z","https://services.seattle.gov/portal/customize/LinkToRecord.aspx?altId=1062025-VI","Seattle SDCI Case 1062025-VI (NOV Issued), opened 2025-11-11. Swatters due to Vacant buildings not closed properly to prevent entry. Inoperable vehicle.",""
"5956 41st Ave SW, Seattle, WA 98136","47.548621","-122.384141","Seattle","WA","98136","RESIDENTIAL","CONDEMNED","","","https://www.google.com/maps/place/5956+41st+Ave+SW,+Seattle,+WA+98136/@47.54862145,-122.38414103,19z","https://services.seattle.gov/portal/customize/LinkToRecord.aspx?altId=1061987-VI","Seattle SDCI Case 1061987-VI (EO Vacate Close Issued), opened 2025-11-03. Vacant building violations",""
"1001 Harbor Ave SW, Seattle, WA 98116","47.594807","-122.385259","Seattle","WA","98116","RESIDENTIAL","CONDEMNED","","","https://www.google.com/maps/place/1001+Harbor+Ave+SW,+Seattle,+WA+98116/@47.59480744,-122.38525919,19z","https://services.seattle.gov/portal/customize/LinkToRecord.aspx?altId=1061953-VI","Seattle SDCI Case 1061953-VI (NOV Issued), opened 2025-10-27. vacant building/deteriorated/overgrown",""
"11907 Lakeside Ave NE, Seattle, WA 98125","47.715393","-122.280661","Seattle","WA","98125","RESIDENTIAL","CONDEMNED","","","https://www.google.com/maps/place/11907+Lakeside+Ave+NE,+Seattle,+WA+98125/@47.71539256,-122.28066051,19z","https://services.seattle.gov/portal/customize/LinkToRecord.aspx?altId=1061890-VI","Seattle SDCI Case 1061890-VI (NOV Issued), opened 2025-10-16. On July 25th, Lt. Dan Jones noted this vacant building has overgrown vegetation, dried vegetation and combustible debris in rear carport. Combustible debris on SE corner of roof.",""
"9257 25th Ave SW, Seattle, WA 98106","47.519346","-122.364961","Seattle","WA","98106","RESIDENTIAL","CONDEMNED","","","https://www.google.com/maps/place/9257+25th+Ave+SW,+Seattle,+WA+98106/@47.51934566,-122.36496077,19z","https://services.seattle.gov/portal/customize/LinkToRecord.aspx?altId=1061728-VI","Seattle SDCI Case 1061728-VI (NOV Issued), opened 2025-09-17. Vacant Building violations",""
"4749 University Way NE, Seattle, WA 98105","47.664787","-122.313406","Seattle","WA","98105","RESIDENTIAL","PROBABLY VACANT","","","https://www.google.com/maps/place/4749+University+Way+NE,+Seattle,+WA+98105/@47.66478658,-122.31340624,19z","https://services.seattle.gov/portal/customize/LinkToRecord.aspx?altId=1061736-VI","Seattle SDCI Case 1061736-VI (Under Investigation), opened 2025-09-17. Vacant Building... SPD referral.",""
"1706 12th Ave, Seattle, WA 98122","47.616884","-122.316374","Seattle","WA","98122","RESIDENTIAL","CONDEMNED","","","https://www.google.com/maps/place/1706+12th+Ave,+Seattle,+WA+98122/@47.61688445,-122.31637357,19z","https://services.seattle.gov/portal/customize/LinkToRecord.aspx?altId=1061461-VI","Seattle SDCI Case 1061461-VI (EO Vacate Close Issued), opened 2025-08-04. PER CSB 25-00183047: A group of unhoused people have occupied a vacant building and parking lot at 12th and Olive on Capitol Hill. They have been fortifying their encampment on the property for over a",""
"7945 Delridge Way SW, Seattle, WA 98106","47.530509","-122.360785","Seattle","WA","98106","RESIDENTIAL","PROBABLY VACANT","","","https://www.google.com/maps/place/7945+Delridge+Way+SW,+Seattle,+WA+98106/@47.53050945,-122.36078541,19z","https://services.seattle.gov/portal/customize/LinkToRecord.aspx?altId=1061371-VI","Seattle SDCI Case 1061371-VI (Initiated), opened 2025-07-22. Vacant Building. SPD Referral",""
"9542 Interlake Ave N, Seattle, WA 98103","47.699053","-122.340599","Seattle","WA","98103","RESIDENTIAL","CONDEMNED","","","https://www.google.com/maps/place/9542+Interlake+Ave+N,+Seattle,+WA+98103/@47.69905263,-122.34059905,19z","https://services.seattle.gov/portal/customize/LinkToRecord.aspx?altId=1061352-VI","Seattle SDCI Case 1061352-VI (NOV Issued), opened 2025-07-17. Vacant building with overgrown yard blocking sidewalk",""
"3615 NE 115th St, Seattle, WA 98125","47.711752","-122.288551","Seattle","WA","98125","RESIDENTIAL","CONDEMNED","","","https://www.google.com/maps/place/3615+NE+115th+St,+Seattle,+WA+98125/@47.71175182,-122.2885514,19z","https://services.seattle.gov/portal/customize/LinkToRecord.aspx?altId=1061324-VI","Seattle SDCI Case 1061324-VI (NOV Issued), opened 2025-07-14. Vacant Building, unsecured",""
"816 N 59th St, Seattle, WA 98103","47.671921","-122.347674","Seattle","WA","98103","RESIDENTIAL","CONDEMNED","","","https://www.google.com/maps/place/816+N+59th+St,+Seattle,+WA+98103/@47.67192055,-122.34767422,19z","https://services.seattle.gov/portal/customize/LinkToRecord.aspx?altId=1061251-VI","Seattle SDCI Case 1061251-VI (NOV Issued), opened 2025-07-02. Vacant building - outdoor junk, vegetation overgrowth, graffiti",""
"130 N 78th St, Seattle, WA 98103","47.685688","-122.356625","Seattle","WA","98103","RESIDENTIAL","CONDEMNED","","","https://www.google.com/maps/place/130+N+78th+St,+Seattle,+WA+98103/@47.68568825,-122.35662464,19z","https://services.seattle.gov/portal/customize/LinkToRecord.aspx?altId=1061256-VI","Seattle SDCI Case 1061256-VI (NOV Issued), opened 2025-07-02. Vacant building.",""
"2618 S Delappe Pl, Seattle, WA 98144","47.573714","-122.298454","Seattle","WA","98144","RESIDENTIAL","CONDEMNED","","","https://www.google.com/maps/place/2618+S+Delappe+Pl,+Seattle,+WA+98144/@47.5737141,-122.29845377,19z","https://services.seattle.gov/portal/customize/LinkToRecord.aspx?altId=1061233-VI","Seattle SDCI Case 1061233-VI (EO Vacate Close Issued), opened 2025-07-01. Vacant Building violations",""
"4406 S Trenton St, Seattle, WA 98118","47.524434","-122.277271","Seattle","WA","98118","RESIDENTIAL","CONDEMNED","","","https://www.google.com/maps/place/4406+S+Trenton+St,+Seattle,+WA+98118/@47.5244342,-122.2772714,19z","https://services.seattle.gov/portal/customize/LinkToRecord.aspx?altId=1061237-VI","Seattle SDCI Case 1061237-VI (EO Vacate Close Issued), opened 2025-07-01. Vacant Building violations",""
"1104 Alki Ave SW, Seattle, WA 98116","47.594894","-122.385476","Seattle","WA","98116","RESIDENTIAL","CONDEMNED","","","https://www.google.com/maps/place/1104+Alki+Ave+SW,+Seattle,+WA+98116/@47.59489443,-122.38547632,19z","https://services.seattle.gov/portal/customize/LinkToRecord.aspx?altId=1061172-VI","Seattle SDCI Case 1061172-VI (NOV Issued), opened 2025-06-23. Vacant Building violations",""
"2703 A S Massachusetts St, Seattle, WA 98144","47.587525","-122.297641","Seattle","WA","98144","RESIDENTIAL","CONDEMNED","","","https://www.google.com/maps/place/2703+A+S+Massachusetts+St,+Seattle,+WA+98144/@47.58752493,-122.29764149,19z","https://services.seattle.gov/portal/customize/LinkToRecord.aspx?altId=1061150-VI","Seattle SDCI Case 1061150-VI (NOV Issued), opened 2025-06-17. Vacant building - fire",""
"8021 35th Ave SW, Seattle, WA 98126","47.530601","-122.377026","Seattle","WA","98126","RESIDENTIAL","CONDEMNED","","","https://www.google.com/maps/place/8021+35th+Ave+SW,+Seattle,+WA+98126/@47.53060111,-122.37702593,19z","https://services.seattle.gov/portal/customize/LinkToRecord.aspx?altId=1061098-VI","Seattle SDCI Case 1061098-VI (NOV Issued), opened 2025-06-09. Vacant Building violations",""
"13517 Densmore Ave N, Seattle, WA 98133","47.727455","-122.338678","Seattle","WA","98133","RESIDENTIAL","CONDEMNED","","","https://www.google.com/maps/place/13517+Densmore+Ave+N,+Seattle,+WA+98133/@47.7274548,-122.33867834,19z","https://services.seattle.gov/portal/customize/LinkToRecord.aspx?altId=1061089-VI","Seattle SDCI Case 1061089-VI (NOV Issued), opened 2025-06-06. Vacant building door is now ajar from the house buckling. Near north Aurora Ave. The neighborhood is worried someone might attempt to enter the home.",""
"7323 Aurora Ave N, Seattle, WA 98103","47.682444","-122.344868","Seattle","WA","98103","RESIDENTIAL","CONDEMNED","","","https://www.google.com/maps/place/7323+Aurora+Ave+N,+Seattle,+WA+98103/@47.68244351,-122.34486833,19z","https://services.seattle.gov/portal/customize/LinkToRecord.aspx?altId=1061091-VI","Seattle SDCI Case 1061091-VI (NOV Issued), opened 2025-06-06. Vacant Building violations",""
"7317 Aurora Ave N, Seattle, WA 98103","47.682261","-122.344854","Seattle","WA","98103","RESIDENTIAL","CONDEMNED","","","https://www.google.com/maps/place/7317+Aurora+Ave+N,+Seattle,+WA+98103/@47.68226084,-122.34485428,19z","https://services.seattle.gov/portal/customize/LinkToRecord.aspx?altId=1061092-VI","Seattle SDCI Case 1061092-VI (NOV Issued), opened 2025-06-06. Vacant building violations",""
"320 NW 85th St, Seattle, WA 98117","47.690758","-122.361745","Seattle","WA","98117","RESIDENTIAL","CONDEMNED","","","https://www.google.com/maps/place/320+NW+85th+St,+Seattle,+WA+98117/@47.69075787,-122.36174519,19z","https://services.seattle.gov/portal/customize/LinkToRecord.aspx?altId=1061080-VI","Seattle SDCI Case 1061080-VI (NOV Issued), opened 2025-06-05. Vacant Building - fire damaged",""
"4307 E West Rose Hill Dr, Los Angeles, CA 90032","34.082951","-118.195892","Los Angeles","CA","90032","COMMERCIAL","ABANDONED","","","https://www.google.com/maps/place/4307+E+West+Rose+Hill+Dr,+Los+Angeles,+CA+90032/@34.082950646451,-118.195892443376,19z","https://data.lacity.org/Housing-and-Real-Estate/LADBS-Vacant-Building-Abatement-Cases/q3ak-s5hy","LADBS Case 226848; abatement effective 2026-05-04; approved use: SHED; CD 14",""
"4911 S 9th Ave, Los Angeles, CA 90043","33.999486","-118.326984","Los Angeles","CA","90043","RESIDENTIAL","ABANDONED","","","https://www.google.com/maps/place/4911+S+9th+Ave,+Los+Angeles,+CA+90043/@33.999486348548,-118.326983525534,19z","https://data.lacity.org/Housing-and-Real-Estate/LADBS-Vacant-Building-Abatement-Cases/q3ak-s5hy","LADBS Case 819728; abatement effective 2026-05-01; approved use: SFD; size 30 X 40; CD 8",""
"519 W Century Blvd, Los Angeles, CA 90044","33.945585","-118.283052","Los Angeles","CA","90044","RESIDENTIAL","ABANDONED","","","https://www.google.com/maps/place/519+W+Century+Blvd,+Los+Angeles,+CA+90044/@33.945584616705,-118.28305211384,19z","https://data.lacity.org/Housing-and-Real-Estate/LADBS-Vacant-Building-Abatement-Cases/q3ak-s5hy","LADBS Case 1080550; abatement effective 2026-04-29; CD 8",""
"2053 W Jefferson Blvd, Los Angeles, CA 90018","34.025601","-118.316626","Los Angeles","CA","90018","MIXED USE","ABANDONED","","","https://www.google.com/maps/place/2053+W+Jefferson+Blvd,+Los+Angeles,+CA+90018/@34.025600856611,-118.316625512902,19z","https://data.lacity.org/Housing-and-Real-Estate/LADBS-Vacant-Building-Abatement-Cases/q3ak-s5hy","LADBS Case 1080526; abatement effective 2026-04-27; approved use: MIXED USE; size 68 X 31; CD 10",""
"2047 W Jefferson Blvd, Los Angeles, CA 90018","34.025601","-118.316502","Los Angeles","CA","90018","COMMERCIAL","ABANDONED","","","https://www.google.com/maps/place/2047+W+Jefferson+Blvd,+Los+Angeles,+CA+90018/@34.025601392784,-118.316501923257,19z","https://data.lacity.org/Housing-and-Real-Estate/LADBS-Vacant-Building-Abatement-Cases/q3ak-s5hy","LADBS Case 1080577; abatement effective 2026-04-27; approved use: STORAGE; size 36 X 16; CD 10",""
"946 S Dewey Ave, Los Angeles, CA 90006","34.053632","-118.295728","Los Angeles","CA","90006","RESIDENTIAL","ABANDONED","","","https://www.google.com/maps/place/946+S+Dewey+Ave,+Los+Angeles,+CA+90006/@34.053632284172,-118.29572752787,19z","https://data.lacity.org/Housing-and-Real-Estate/LADBS-Vacant-Building-Abatement-Cases/q3ak-s5hy","LADBS Case 1080121; abatement effective 2026-04-23; CD 10",""
"145 N Toluca St, Los Angeles, CA 90026","34.062408","-118.258121","Los Angeles","CA","90026","RESIDENTIAL","ABANDONED","","","https://www.google.com/maps/place/145+N+Toluca+St,+Los+Angeles,+CA+90026/@34.062407998572,-118.258120992578,19z","https://data.lacity.org/Housing-and-Real-Estate/LADBS-Vacant-Building-Abatement-Cases/q3ak-s5hy","LADBS Case 1007244; abatement effective 2026-04-16; size 50 X 40; CD 1",""
"750 E Lanzit Ave, Los Angeles, CA 90059","33.933253","-118.261534","Los Angeles","CA","90059","RESIDENTIAL","ABANDONED","","","https://www.google.com/maps/place/750+E+Lanzit+Ave,+Los+Angeles,+CA+90059/@33.933253306554,-118.261533684889,19z","https://data.lacity.org/Housing-and-Real-Estate/LADBS-Vacant-Building-Abatement-Cases/q3ak-s5hy","LADBS Case 1017644; abatement effective 2026-04-14; approved use: DUPLEX; size 30 X 35; CD 15",""
"912 S Santa Fe Ave, Los Angeles, CA 90021","34.032404","-118.229928","Los Angeles","CA","90021","COMMERCIAL","ABANDONED","","","https://www.google.com/maps/place/912+S+Santa+Fe+Ave,+Los+Angeles,+CA+90021/@34.032404307029,-118.229928440531,19z","https://data.lacity.org/Housing-and-Real-Estate/LADBS-Vacant-Building-Abatement-Cases/q3ak-s5hy","LADBS Case 1053998; abatement effective 2026-04-14; approved use: COMMERCIAL; CD 14",""
"900 S Santa Fe Ave, Los Angeles, CA 90021","34.032512","-118.229930","Los Angeles","CA","90021","COMMERCIAL","ABANDONED","","","https://www.google.com/maps/place/900+S+Santa+Fe+Ave,+Los+Angeles,+CA+90021/@34.032511500804,-118.229929902256,19z","https://data.lacity.org/Housing-and-Real-Estate/LADBS-Vacant-Building-Abatement-Cases/q3ak-s5hy","LADBS Case 1017677; abatement effective 2026-04-14; approved use: COMMERCIAL; CD 14",""
"2618 W Martin Luther King Blvd, Los Angeles, CA 90008","34.010638","-118.321542","Los Angeles","CA","90008","COMMERCIAL","ABANDONED","","","https://www.google.com/maps/place/2618+W+Martin+Luther+King+Blvd,+Los+Angeles,+CA+90008/@34.010638353844,-118.32154181201,19z","https://data.lacity.org/Housing-and-Real-Estate/LADBS-Vacant-Building-Abatement-Cases/q3ak-s5hy","LADBS Case 996334; abatement effective 2026-04-13; approved use: COMMERCIAL; CD 10",""
"1004 N San Fernando Road, Los Angeles, CA 90065","34.091658","-118.228139","Los Angeles","CA","90065","COMMERCIAL","ABANDONED","","","https://www.google.com/maps/place/1004+N+San+Fernando+Road,+Los+Angeles,+CA+90065/@34.091658235124,-118.22813908088,19z","https://data.lacity.org/Housing-and-Real-Estate/LADBS-Vacant-Building-Abatement-Cases/q3ak-s5hy","LADBS Case 1070984; abatement effective 2026-04-10; approved use: COMMERCIAL; size 92 X 108; CD 1",""
"5106 E Huntington Dr, Los Angeles, CA 90032","34.088665","-118.171862","Los Angeles","CA","90032","MIXED USE","ABANDONED","","","https://www.google.com/maps/place/5106+E+Huntington+Dr,+Los+Angeles,+CA+90032/@34.088665364044,-118.171861583537,19z","https://data.lacity.org/Housing-and-Real-Estate/LADBS-Vacant-Building-Abatement-Cases/q3ak-s5hy","LADBS Case 1047416; abatement effective 2026-04-10; approved use: MIXED USE; size 41 X 41; CD 14",""
"5100 E Huntington Dr, Los Angeles, CA 90032","34.088595","-118.172032","Los Angeles","CA","90032","MIXED USE","ABANDONED","","","https://www.google.com/maps/place/5100+E+Huntington+Dr,+Los+Angeles,+CA+90032/@34.088594536855,-118.172032492643,19z","https://data.lacity.org/Housing-and-Real-Estate/LADBS-Vacant-Building-Abatement-Cases/q3ak-s5hy","LADBS Case 1047415; abatement effective 2026-04-09; approved use: MIXED USE; size 16 X 24; CD 14",""
"5110 E Huntington Dr, Los Angeles, CA 90032","34.088713","-118.171748","Los Angeles","CA","90032","RESIDENTIAL","ABANDONED","","","https://www.google.com/maps/place/5110+E+Huntington+Dr,+Los+Angeles,+CA+90032/@34.08871258217,-118.171747644133,19z","https://data.lacity.org/Housing-and-Real-Estate/LADBS-Vacant-Building-Abatement-Cases/q3ak-s5hy","LADBS Case 1059934; abatement effective 2026-04-09; CD 14",""
"315 N Vermont Ave, Los Angeles, CA 90004","34.076562","-118.291756","Los Angeles","CA","90004","COMMERCIAL","ABANDONED","","","https://www.google.com/maps/place/315+N+Vermont+Ave,+Los+Angeles,+CA+90004/@34.076562341848,-118.291755753296,19z","https://data.lacity.org/Housing-and-Real-Estate/LADBS-Vacant-Building-Abatement-Cases/q3ak-s5hy","LADBS Case 788914; abatement effective 2026-04-08; approved use: COMMERCIAL; CD 13",""
"3107 W Jefferson Blvd, Los Angeles, CA 90018","34.025659","-118.329438","Los Angeles","CA","90018","COMMERCIAL","ABANDONED","","","https://www.google.com/maps/place/3107+W+Jefferson+Blvd,+Los+Angeles,+CA+90018/@34.02565944748,-118.329438375575,19z","https://data.lacity.org/Housing-and-Real-Estate/LADBS-Vacant-Building-Abatement-Cases/q3ak-s5hy","LADBS Case 1078672; abatement effective 2026-04-07; approved use: COMMERCIAL; CD 10",""
"1833 S Overland Ave, Los Angeles, CA 90025","34.050924","-118.432488","Los Angeles","CA","90025","RESIDENTIAL","ABANDONED","","","https://www.google.com/maps/place/1833+S+Overland+Ave,+Los+Angeles,+CA+90025/@34.050924382277,-118.432487874473,19z","https://data.lacity.org/Housing-and-Real-Estate/LADBS-Vacant-Building-Abatement-Cases/q3ak-s5hy","LADBS Case 1078526; abatement effective 2026-04-06; approved use: SFD; CD 5",""
"2908 S Robertson Pl, Los Angeles, CA 90034","34.034595","-118.388871","Los Angeles","CA","90034","RESIDENTIAL","ABANDONED","","","https://www.google.com/maps/place/2908+S+Robertson+Pl,+Los+Angeles,+CA+90034/@34.03459478516,-118.388871305407,19z","https://data.lacity.org/Housing-and-Real-Estate/LADBS-Vacant-Building-Abatement-Cases/q3ak-s5hy","LADBS Case 1078098; abatement effective 2026-04-05; CD 10",""
"2819 S Overland Ave, Los Angeles, CA 90064","34.035300","-118.419837","Los Angeles","CA","90064","RESIDENTIAL","ABANDONED","","","https://www.google.com/maps/place/2819+S+Overland+Ave,+Los+Angeles,+CA+90064/@34.035299981526,-118.419837326621,19z","https://data.lacity.org/Housing-and-Real-Estate/LADBS-Vacant-Building-Abatement-Cases/q3ak-s5hy","LADBS Case 1056664; abatement effective 2026-04-01; approved use: SFD; size 54 X 37; CD 5",""
"4007 W Mont Clair St, Los Angeles, CA 90018","34.030427","-118.330090","Los Angeles","CA","90018","RESIDENTIAL","ABANDONED","","","https://www.google.com/maps/place/4007+W+Mont+Clair+St,+Los+Angeles,+CA+90018/@34.030427460298,-118.330090116155,19z","https://data.lacity.org/Housing-and-Real-Estate/LADBS-Vacant-Building-Abatement-Cases/q3ak-s5hy","LADBS Case 1077933; abatement effective 2026-03-30; approved use: DUPLEX; CD 10",""
"2146 S Colby Ave, Los Angeles, CA 90025","34.036718","-118.445555","Los Angeles","CA","90025","RESIDENTIAL","ABANDONED","","","https://www.google.com/maps/place/2146+S+Colby+Ave,+Los+Angeles,+CA+90025/@34.036717654358,-118.445554554815,19z","https://data.lacity.org/Housing-and-Real-Estate/LADBS-Vacant-Building-Abatement-Cases/q3ak-s5hy","LADBS Case 1008889; abatement effective 2026-03-28; approved use: SFD; size 42 X 23; CD 11",""
"1016 W 24th St, Los Angeles, CA 90007","34.033557","-118.282485","Los Angeles","CA","90007","RESIDENTIAL","ABANDONED","","","https://www.google.com/maps/place/1016+W+24th+St,+Los+Angeles,+CA+90007/@34.033557219166,-118.282485082072,19z","https://data.lacity.org/Housing-and-Real-Estate/LADBS-Vacant-Building-Abatement-Cases/q3ak-s5hy","LADBS Case 1076853; abatement effective 2026-03-14; approved use: APT; size 42 X 94; CD 1",""
"421 E 76th St, Los Angeles, CA 90003","33.971382","-118.267061","Los Angeles","CA","90003","RESIDENTIAL","ABANDONED","","","https://www.google.com/maps/place/421+E+76th+St,+Los+Angeles,+CA+90003/@33.971381585681,-118.267061074462,19z","https://data.lacity.org/Housing-and-Real-Estate/LADBS-Vacant-Building-Abatement-Cases/q3ak-s5hy","LADBS Case 988810; abatement effective 2026-03-13; approved use: SFD; size 16 X 20; CD 9",""
"3984 S Moore St, Los Angeles, CA 90066","33.996394","-118.437697","Los Angeles","CA","90066","RESIDENTIAL","ABANDONED","","","https://www.google.com/maps/place/3984+S+Moore+St,+Los+Angeles,+CA+90066/@33.996393628345,-118.437696878859,19z","https://data.lacity.org/Housing-and-Real-Estate/LADBS-Vacant-Building-Abatement-Cases/q3ak-s5hy","LADBS Case 1076626; abatement effective 2026-03-09; approved use: SFD; size 42 X 35; CD 11",""
"316 S Kenmore Ave, Los Angeles, CA 90020","34.068701","-118.296584","Los Angeles","CA","90020","RESIDENTIAL","ABANDONED","","","https://www.google.com/maps/place/316+S+Kenmore+Ave,+Los+Angeles,+CA+90020/@34.068700859514,-118.296583805159,19z","https://data.lacity.org/Housing-and-Real-Estate/LADBS-Vacant-Building-Abatement-Cases/q3ak-s5hy","LADBS Case 1075811; abatement effective 2026-03-05; approved use: APT; CD 10",""
"4701 W Jefferson Blvd, Los Angeles, CA 90016","34.025596","-118.347160","Los Angeles","CA","90016","COMMERCIAL","ABANDONED","","","https://www.google.com/maps/place/4701+W+Jefferson+Blvd,+Los+Angeles,+CA+90016/@34.025595956108,-118.347159518563,19z","https://data.lacity.org/Housing-and-Real-Estate/LADBS-Vacant-Building-Abatement-Cases/q3ak-s5hy","LADBS Case 1075449; abatement effective 2026-02-28; approved use: COMMERCIAL; CD 10",""
"2505 N Woodstock Road, Los Angeles, CA 90046","34.117820","-118.370334","Los Angeles","CA","90046","RESIDENTIAL","ABANDONED","","","https://www.google.com/maps/place/2505+N+Woodstock+Road,+Los+Angeles,+CA+90046/@34.117820371099,-118.370334041533,19z","https://data.lacity.org/Housing-and-Real-Estate/LADBS-Vacant-Building-Abatement-Cases/q3ak-s5hy","LADBS Case 102902; abatement effective 2026-02-26; approved use: SFD; CD 4",""
"2521 N Woodstock Road, Los Angeles, CA 90046","34.117826","-118.370253","Los Angeles","CA","90046","RESIDENTIAL","ABANDONED","","","https://www.google.com/maps/place/2521+N+Woodstock+Road,+Los+Angeles,+CA+90046/@34.117825615228,-118.370252757465,19z","https://data.lacity.org/Housing-and-Real-Estate/LADBS-Vacant-Building-Abatement-Cases/q3ak-s5hy","LADBS Case 102904; abatement effective 2026-02-26; approved use: SFD; size 35 X 55; CD 4",""
"2513 N Woodstock Road, Los Angeles, CA 90046","34.117823","-118.370293","Los Angeles","CA","90046","RESIDENTIAL","ABANDONED","","","https://www.google.com/maps/place/2513+N+Woodstock+Road,+Los+Angeles,+CA+90046/@34.117822993164,-118.370293399499,19z","https://data.lacity.org/Housing-and-Real-Estate/LADBS-Vacant-Building-Abatement-Cases/q3ak-s5hy","LADBS Case 102900; abatement effective 2026-02-26; approved use: SFD; size 40 X 60; CD 4",""
"2529 N Woodstock Road, Los Angeles, CA 90046","34.117828","-118.370212","Los Angeles","CA","90046","RESIDENTIAL","ABANDONED","","","https://www.google.com/maps/place/2529+N+Woodstock+Road,+Los+Angeles,+CA+90046/@34.117828237293,-118.370212115431,19z","https://data.lacity.org/Housing-and-Real-Estate/LADBS-Vacant-Building-Abatement-Cases/q3ak-s5hy","LADBS Case 102903; abatement effective 2026-02-26; approved use: SFD; size 35 X 55; CD 4",""
"2509 N Woodstock Road, Los Angeles, CA 90046","34.117822","-118.370314","Los Angeles","CA","90046","RESIDENTIAL","ABANDONED","","","https://www.google.com/maps/place/2509+N+Woodstock+Road,+Los+Angeles,+CA+90046/@34.117821682131,-118.370313720516,19z","https://data.lacity.org/Housing-and-Real-Estate/LADBS-Vacant-Building-Abatement-Cases/q3ak-s5hy","LADBS Case 102901; abatement effective 2026-02-26; approved use: SFD; size 45 X 50; CD 4",""
"1175 N Stone St, Los Angeles, CA 90063","34.051978","-118.193827","Los Angeles","CA","90063","RESIDENTIAL","ABANDONED","","","https://www.google.com/maps/place/1175+N+Stone+St,+Los+Angeles,+CA+90063/@34.05197844025,-118.193827379817,19z","https://data.lacity.org/Housing-and-Real-Estate/LADBS-Vacant-Building-Abatement-Cases/q3ak-s5hy","LADBS Case 986038; abatement effective 2026-02-19; CD 14",""
"1742 W 45th St, Los Angeles, CA 90062","34.002744","-118.309960","Los Angeles","CA","90062","RESIDENTIAL","ABANDONED","","","https://www.google.com/maps/place/1742+W+45th+St,+Los+Angeles,+CA+90062/@34.00274396411,-118.309959582179,19z","https://data.lacity.org/Housing-and-Real-Estate/LADBS-Vacant-Building-Abatement-Cases/q3ak-s5hy","LADBS Case 1074285; abatement effective 2026-02-18; approved use: SFD; size 30 X 45; CD 8",""
"3422 S Motor Ave, Los Angeles, CA 90034","34.027408","-118.409214","Los Angeles","CA","90034","COMMERCIAL","ABANDONED","","","https://www.google.com/maps/place/3422+S+Motor+Ave,+Los+Angeles,+CA+90034/@34.027407509741,-118.409213785216,19z","https://data.lacity.org/Housing-and-Real-Estate/LADBS-Vacant-Building-Abatement-Cases/q3ak-s5hy","LADBS Case 1063154; abatement effective 2026-02-12; approved use: COMMERCIAL; size 52 X 70; CD 5",""
"2457 E Folsom St, Los Angeles, CA 90033","34.048088","-118.205395","Los Angeles","CA","90033","RESIDENTIAL","ABANDONED","","","https://www.google.com/maps/place/2457+E+Folsom+St,+Los+Angeles,+CA+90033/@34.048087874558,-118.20539542696,19z","https://data.lacity.org/Housing-and-Real-Estate/LADBS-Vacant-Building-Abatement-Cases/q3ak-s5hy","LADBS Case 1074014; abatement effective 2026-02-11; approved use: SFD; size 24 X 30; CD 14",""
"352 S Hill St, Los Angeles, CA 90013","34.050861","-118.249743","Los Angeles","CA","90013","COMMERCIAL","ABANDONED","","","https://www.google.com/maps/place/352+S+Hill+St,+Los+Angeles,+CA+90013/@34.050860839794,-118.249743026254,19z","https://data.lacity.org/Housing-and-Real-Estate/LADBS-Vacant-Building-Abatement-Cases/q3ak-s5hy","LADBS Case 1074016; abatement effective 2026-02-11; approved use: COMMERCIAL; size 45 X 24; CD 14",""
"4357 W Victoria Park Dr, Los Angeles, CA 90019","34.046923","-118.329932","Los Angeles","CA","90019","RESIDENTIAL","ABANDONED","","","https://www.google.com/maps/place/4357+W+Victoria+Park+Dr,+Los+Angeles,+CA+90019/@34.046923130281,-118.329931730918,19z","https://data.lacity.org/Housing-and-Real-Estate/LADBS-Vacant-Building-Abatement-Cases/q3ak-s5hy","LADBS Case 931243; abatement effective 2026-02-10; approved use: SFD; CD 10",""
"1047 S Oxford Ave, Los Angeles, CA 90006","34.051312","-118.307485","Los Angeles","CA","90006","RESIDENTIAL","ABANDONED","","","https://www.google.com/maps/place/1047+S+Oxford+Ave,+Los+Angeles,+CA+90006/@34.051311953509,-118.307484825057,19z","https://data.lacity.org/Housing-and-Real-Estate/LADBS-Vacant-Building-Abatement-Cases/q3ak-s5hy","LADBS Case 1073723; abatement effective 2026-02-08; approved use: SFD; size 44 X 40; CD 10",""
"2485 S Walgrove Ave, Los Angeles, CA 90066","33.994948","-118.444662","Los Angeles","CA","90066","RESIDENTIAL","ABANDONED","","","https://www.google.com/maps/place/2485+S+Walgrove+Ave,+Los+Angeles,+CA+90066/@33.99494819995,-118.444661938304,19z","https://data.lacity.org/Housing-and-Real-Estate/LADBS-Vacant-Building-Abatement-Cases/q3ak-s5hy","LADBS Case 1073108; abatement effective 2026-02-01; approved use: SFD; size 31 X 35; CD 11",""
"1045 Chestnut St, Reading, PA 19602","40.332274","-75.916758","Reading","PA","19602","RESIDENTIAL","CHRONICALLY VACANT","PACHE KEYCHA PAOL","$27,100","https://www.google.com/maps/place/1045+Chestnut+St,+Reading,+PA+19602/@40.3322740365751,-75.91675808483356,19z","https://www.readingpa.gov/certified-blighted-properties","Certified blighted by City of Reading 2020-09-17; building value $20,500; 2 STORY BRICK/MASONRY",""
"438 S 6th St, Reading, PA 19602","40.328348","-75.926380","Reading","PA","19602","RESIDENTIAL","CHRONICALLY VACANT","NUNEZ CESAR EMILIO","$26,900","https://www.google.com/maps/place/438+S+6th+St,+Reading,+PA+19602/@40.32834847970412,-75.92638029899459,19z","https://www.readingpa.gov/certified-blighted-properties","Certified blighted by City of Reading 2022-10-20; building value $19,200; 2 STORY BRICK/MASONRY",""
"752 Schuylkill Ave, Reading, PA 19601","40.347458","-75.941714","Reading","PA","19601","RESIDENTIAL","CHRONICALLY VACANT","GONZALEZ GIOVANNI & GARCIA RAMIREZ JENNIFER MARIANA","$26,000","https://www.google.com/maps/place/752+Schuylkill+Ave,+Reading,+PA+19601/@40.34745767946012,-75.9417141118866,19z","https://www.readingpa.gov/certified-blighted-properties","Certified blighted by City of Reading 2016-10-20; building value $18,000; 3 STORY BRICK/MASONRY",""
"747 N 8th St, Reading, PA 19604","40.346791","-75.921405","Reading","PA","19604","RESIDENTIAL","CHRONICALLY VACANT","UCHE GEORGIA","$25,900","https://www.google.com/maps/place/747+N+8th+St,+Reading,+PA+19604/@40.34679144334076,-75.92140486999105,19z","https://www.readingpa.gov/certified-blighted-properties","Certified blighted by City of Reading 2024-01-17; building value $13,900; 3 STORY BRICK/MASONRY",""
"1036 Cotton St, Reading, PA 19602","40.328461","-75.917009","Reading","PA","19602","RESIDENTIAL","CHRONICALLY VACANT","J J C REAL ESTATE LLC","$25,800","https://www.google.com/maps/place/1036+Cotton+St,+Reading,+PA+19602/@40.32846068913382,-75.91700880249364,19z","https://www.readingpa.gov/certified-blighted-properties","Certified blighted by City of Reading 2014-10-16; building value $17,000; 3 STORY BRICK/MASONRY",""
"228 N 2nd St, Reading, PA 19601","40.339417","-75.933884","Reading","PA","19601","RESIDENTIAL","CHRONICALLY VACANT","WALTERS JAMIE","$25,800","https://www.google.com/maps/place/228+N+2nd+St,+Reading,+PA+19601/@40.33941674262902,-75.93388398893846,19z","https://www.readingpa.gov/certified-blighted-properties","Certified blighted by City of Reading 2009-09-16; building value $20,200; 3 STORY BRICK/MASONRY",""
"644 N Front St, Reading, PA 19601","40.345697","-75.935693","Reading","PA","19601","RESIDENTIAL","CHRONICALLY VACANT","AMERICAN MGMT REALTY CORP","$25,500","https://www.google.com/maps/place/644+N+Front+St,+Reading,+PA+19601/@40.34569713929928,-75.93569286218109,19z","https://www.readingpa.gov/certified-blighted-properties","Certified blighted by City of Reading 2011-02-17; building value $18,500; 3 STORY BRICK/MASONRY",""
"806 Schuylkill Ave, Reading, PA 19601","40.348223","-75.942204","Reading","PA","19601","RESIDENTIAL","CHRONICALLY VACANT","TINEO FANA ERICBERTO D","$25,400","https://www.google.com/maps/place/806+Schuylkill+Ave,+Reading,+PA+19601/@40.348222864803816,-75.94220395196544,19z","https://www.readingpa.gov/certified-blighted-properties","Certified blighted by City of Reading 2015-04-16; building value $12,400; 2 STORY BRICK/MASONRY",""
"306 S 6th St, Reading, PA 19602","40.330433","-75.926321","Reading","PA","19602","RESIDENTIAL","CHRONICALLY VACANT","EXITO DEVELOPMENT LLC","$25,300","https://www.google.com/maps/place/306+S+6th+St,+Reading,+PA+19602/@40.330433442891334,-75.92632080661325,19z","https://www.readingpa.gov/certified-blighted-properties","Certified blighted by City of Reading 2021-05-20; building value $16,500; 2 STORY BRICK/MASONRY",""
"728 Chestnut St, Reading, PA 19602","40.331848","-75.922936","Reading","PA","19602","RESIDENTIAL","CHRONICALLY VACANT","SANDRIDGE ANTOINE D & RODRIGUEZ JOANNA L","$25,200","https://www.google.com/maps/place/728+Chestnut+St,+Reading,+PA+19602/@40.331847836646794,-75.92293619376797,19z","https://www.readingpa.gov/certified-blighted-properties","Certified blighted by City of Reading 2021-05-20; building value $16,400; 2 STORY BRICK/MASONRY",""
"629 Tulpehocken St, Reading, PA 19601","40.344778","-75.942122","Reading","PA","19601","RESIDENTIAL","CHRONICALLY VACANT","RAMOS GOMEZ ANGEL L","$25,200","https://www.google.com/maps/place/629+Tulpehocken+St,+Reading,+PA+19601/@40.34477770067516,-75.9421222708118,19z","https://www.readingpa.gov/certified-blighted-properties","Certified blighted by City of Reading 2019-05-16; building value $18,200; 3 STORY BRICK/MASONRY",""
"130 S 12th St, Reading, PA 19602","40.332734","-75.914581","Reading","PA","19602","RESIDENTIAL","CHRONICALLY VACANT","FAM PROVISION INCORPORATED","$25,000","https://www.google.com/maps/place/130+S+12th+St,+Reading,+PA+19602/@40.33273404930618,-75.91458134608153,19z","https://www.readingpa.gov/certified-blighted-properties","Certified blighted by City of Reading 2018-10-18; building value $18,400; 2 STORY FRAME",""
"718 Chestnut St, Reading, PA 19602","40.331854","-75.923420","Reading","PA","19602","RESIDENTIAL","CHRONICALLY VACANT","FAB & CED INVESTMENTS LLC","$24,900","https://www.google.com/maps/place/718+Chestnut+St,+Reading,+PA+19602/@40.331854366688944,-75.92342038457708,19z","https://www.readingpa.gov/certified-blighted-properties","Certified blighted by City of Reading 2012-11-15; building value $16,100; 3 STORY BRICK/MASONRY",""
"735 Mcilvain St, Reading, PA 19602","40.329036","-75.922510","Reading","PA","19602","RESIDENTIAL","CHRONICALLY VACANT","LOLLIS PRINCE WIKIM","$24,800","https://www.google.com/maps/place/735+Mcilvain+St,+Reading,+PA+19602/@40.32903635481454,-75.92250955773073,19z","https://www.readingpa.gov/certified-blighted-properties","Certified blighted by City of Reading 2025-12-04; building value $19,300; 3 STORY BRICK/MASONRY",""
"115 N 9th St, Reading, PA 19601","40.337280","-75.919706","Reading","PA","19601","COMMERCIAL","CHRONICALLY VACANT","BERKS MANAGEMENT LLC","$24,500","https://www.google.com/maps/place/115+N+9th+St,+Reading,+PA+19601/@40.33728036725334,-75.91970596543324,19z","https://www.readingpa.gov/certified-blighted-properties","Certified blighted by City of Reading 2025-08-07; building value $14,400; COMMERCIAL BUILDING",""
"124 S 8th St, Reading, PA 19602","40.332920","-75.922536","Reading","PA","19602","COMMERCIAL","CHRONICALLY VACANT","WEST COAST INV ASSOC INC","$24,200","https://www.google.com/maps/place/124+S+8th+St,+Reading,+PA+19602/@40.33291954735408,-75.92253604276434,19z","https://www.readingpa.gov/certified-blighted-properties","Certified blighted by City of Reading 2015-10-15; building value $10,200; COMMERCIAL BUILDING",""
"604 N 9th St, Reading, PA 19601","40.344592","-75.920080","Reading","PA","19601","RESIDENTIAL","CHRONICALLY VACANT","CASTRO MARCO V","$24,000","https://www.google.com/maps/place/604+N+9th+St,+Reading,+PA+19601/@40.344591530583976,-75.92008047119086,19z","https://www.readingpa.gov/certified-blighted-properties","Certified blighted by City of Reading 2013-08-15; building value $14,700; 3 STORY BRICK/MASONRY",""
"824 Franklin St, Reading, PA 19602","40.333348","-75.921174","Reading","PA","19602","RESIDENTIAL","CHRONICALLY VACANT","RICHARD MIRACIA","$24,000","https://www.google.com/maps/place/824+Franklin+St,+Reading,+PA+19602/@40.33334825269105,-75.92117392920868,19z","https://www.readingpa.gov/certified-blighted-properties","Certified blighted by City of Reading 2015-04-16; building value $17,400; 2 STORY BRICK/MASONRY",""
"118 S 8th St, Reading, PA 19602","40.333049","-75.922378","Reading","PA","19602","COMMERCIAL","CHRONICALLY VACANT","HENRIQUEZ ANDRES F","$23,900","https://www.google.com/maps/place/118+S+8th+St,+Reading,+PA+19602/@40.33304877482078,-75.92237826486776,19z","https://www.readingpa.gov/certified-blighted-properties","Certified blighted by City of Reading 2022-05-19; building value $11,900; COMMERCIAL BUILDING",""
"136 Greenwich St, Reading, PA 19601","40.344423","-75.934541","Reading","PA","19601","RESIDENTIAL","CHRONICALLY VACANT","FRUTOS MANUEL","$23,700","https://www.google.com/maps/place/136+Greenwich+St,+Reading,+PA+19601/@40.344422700601,-75.9345414232352,19z","https://www.readingpa.gov/certified-blighted-properties","Certified blighted by City of Reading 2024-01-17; building value $16,700; 3 STORY BRICK/MASONRY",""
"10 Hampton Ave, Trenton, NJ 08609","40.223602","-74.744988","Trenton","NJ","08609","RESIDENTIAL","ABANDONED","","","https://www.google.com/maps/place/10+Hampton+Ave,+Trenton,+NJ+08609/@40.22360220183,-74.744987706257,19z","https://www.trentonnj.org/CivicAlerts.aspx?AID=1058","On Trenton's 2023-2024 Neighborhood Redevelopment & Revitalization Pilot (NRRP) target list (135 abandoned residential structures designated for demolition or rehab).",""
"13 Hampton Ave, Trenton, NJ 08609","40.223495","-74.745078","Trenton","NJ","08609","RESIDENTIAL","ABANDONED","","","https://www.google.com/maps/place/13+Hampton+Ave,+Trenton,+NJ+08609/@40.223495456419,-74.745078099925,19z","https://www.trentonnj.org/CivicAlerts.aspx?AID=1058","On Trenton's 2023-2024 Neighborhood Redevelopment & Revitalization Pilot (NRRP) target list (135 abandoned residential structures designated for demolition or rehab).",""
"14 Hampton Ave, Trenton, NJ 08609","40.223508","-74.744912","Trenton","NJ","08609","RESIDENTIAL","ABANDONED","","","https://www.google.com/maps/place/14+Hampton+Ave,+Trenton,+NJ+08609/@40.223508349543,-74.744912475473,19z","https://www.trentonnj.org/CivicAlerts.aspx?AID=1058","On Trenton's 2023-2024 Neighborhood Redevelopment & Revitalization Pilot (NRRP) target list (135 abandoned residential structures designated for demolition or rehab).",""
"15 Hampton Ave, Trenton, NJ 08609","40.223456","-74.745047","Trenton","NJ","08609","RESIDENTIAL","ABANDONED","","","https://www.google.com/maps/place/15+Hampton+Ave,+Trenton,+NJ+08609/@40.2234563513,-74.745046753765,19z","https://www.trentonnj.org/CivicAlerts.aspx?AID=1058","On Trenton's 2023-2024 Neighborhood Redevelopment & Revitalization Pilot (NRRP) target list (135 abandoned residential structures designated for demolition or rehab).",""
"16 Hampton Ave, Trenton, NJ 08609","40.223461","-74.744875","Trenton","NJ","08609","RESIDENTIAL","ABANDONED","","","https://www.google.com/maps/place/16+Hampton+Ave,+Trenton,+NJ+08609/@40.2234614234,-74.744874860081,19z","https://www.trentonnj.org/CivicAlerts.aspx?AID=1058","On Trenton's 2023-2024 Neighborhood Redevelopment & Revitalization Pilot (NRRP) target list (135 abandoned residential structures designated for demolition or rehab).",""
"17 Hampton Ave, Trenton, NJ 08609","40.223417","-74.745015","Trenton","NJ","08609","RESIDENTIAL","ABANDONED","","","https://www.google.com/maps/place/17+Hampton+Ave,+Trenton,+NJ+08609/@40.22341724618,-74.745015407605,19z","https://www.trentonnj.org/CivicAlerts.aspx?AID=1058","On Trenton's 2023-2024 Neighborhood Redevelopment & Revitalization Pilot (NRRP) target list (135 abandoned residential structures designated for demolition or rehab).",""
"18 Hampton Ave, Trenton, NJ 08609","40.223414","-74.744837","Trenton","NJ","08609","RESIDENTIAL","ABANDONED","","","https://www.google.com/maps/place/18+Hampton+Ave,+Trenton,+NJ+08609/@40.223414497256,-74.744837244688,19z","https://www.trentonnj.org/CivicAlerts.aspx?AID=1058","On Trenton's 2023-2024 Neighborhood Redevelopment & Revitalization Pilot (NRRP) target list (135 abandoned residential structures designated for demolition or rehab).",""
"19 Hampton Ave, Trenton, NJ 08609","40.223378","-74.744984","Trenton","NJ","08609","RESIDENTIAL","ABANDONED","","","https://www.google.com/maps/place/19+Hampton+Ave,+Trenton,+NJ+08609/@40.223378141061,-74.744984061445,19z","https://www.trentonnj.org/CivicAlerts.aspx?AID=1058","On Trenton's 2023-2024 Neighborhood Redevelopment & Revitalization Pilot (NRRP) target list (135 abandoned residential structures designated for demolition or rehab).",""
"20 Hampton Ave, Trenton, NJ 08609","40.223368","-74.744800","Trenton","NJ","08609","RESIDENTIAL","ABANDONED","","","https://www.google.com/maps/place/20+Hampton+Ave,+Trenton,+NJ+08609/@40.223367571113,-74.744799629296,19z","https://www.trentonnj.org/CivicAlerts.aspx?AID=1058","On Trenton's 2023-2024 Neighborhood Redevelopment & Revitalization Pilot (NRRP) target list (135 abandoned residential structures designated for demolition or rehab).",""
"21 Hampton Ave, Trenton, NJ 08609","40.223339","-74.744953","Trenton","NJ","08609","RESIDENTIAL","ABANDONED","","","https://www.google.com/maps/place/21+Hampton+Ave,+Trenton,+NJ+08609/@40.223339035941,-74.744952715285,19z","https://www.trentonnj.org/CivicAlerts.aspx?AID=1058","On Trenton's 2023-2024 Neighborhood Redevelopment & Revitalization Pilot (NRRP) target list (135 abandoned residential structures designated for demolition or rehab).",""
"22 Hampton Ave, Trenton, NJ 08609","40.223321","-74.744762","Trenton","NJ","08609","RESIDENTIAL","ABANDONED","","","https://www.google.com/maps/place/22+Hampton+Ave,+Trenton,+NJ+08609/@40.223320644969,-74.744762013904,19z","https://www.trentonnj.org/CivicAlerts.aspx?AID=1058","On Trenton's 2023-2024 Neighborhood Redevelopment & Revitalization Pilot (NRRP) target list (135 abandoned residential structures designated for demolition or rehab).",""
"2-10 Asbury Pl, Trenton, NJ 08611","40.208690","-74.761373","Trenton","NJ","08611","RESIDENTIAL","ABANDONED","","","https://www.google.com/maps/place/2-10+Asbury+Pl,+Trenton,+NJ+08611/@40.20868991238,-74.761373029668,19z","https://www.trentonnj.org/CivicAlerts.aspx?AID=1058","On Trenton's 2023-2024 Neighborhood Redevelopment & Revitalization Pilot (NRRP) target list (135 abandoned residential structures designated for demolition or rehab).",""
"24 Asbury Pl, Trenton, NJ 08611","40.208697","-74.761327","Trenton","NJ","08611","RESIDENTIAL","ABANDONED","","","https://www.google.com/maps/place/24+Asbury+Pl,+Trenton,+NJ+08611/@40.208696862628,-74.761327466929,19z","https://www.trentonnj.org/CivicAlerts.aspx?AID=1058","On Trenton's 2023-2024 Neighborhood Redevelopment & Revitalization Pilot (NRRP) target list (135 abandoned residential structures designated for demolition or rehab).",""
"811 Beatty St, Trenton, NJ 08611","40.201615","-74.749957","Trenton","NJ","08611","RESIDENTIAL","ABANDONED","","","https://www.google.com/maps/place/811+Beatty+St,+Trenton,+NJ+08611/@40.201615068002,-74.749956502666,19z","https://www.trentonnj.org/CivicAlerts.aspx?AID=1058","On Trenton's 2023-2024 Neighborhood Redevelopment & Revitalization Pilot (NRRP) target list (135 abandoned residential structures designated for demolition or rehab).",""
"133 Boudinot St, Trenton, NJ 08618","40.230338","-74.784289","Trenton","NJ","08618","RESIDENTIAL","ABANDONED","","","https://www.google.com/maps/place/133+Boudinot+St,+Trenton,+NJ+08618/@40.230337677513,-74.784288800554,19z","https://www.trentonnj.org/CivicAlerts.aspx?AID=1058","On Trenton's 2023-2024 Neighborhood Redevelopment & Revitalization Pilot (NRRP) target list (135 abandoned residential structures designated for demolition or rehab).",""
"135 Boudinot St, Trenton, NJ 08618","40.230359","-74.784327","Trenton","NJ","08618","RESIDENTIAL","ABANDONED","","","https://www.google.com/maps/place/135+Boudinot+St,+Trenton,+NJ+08618/@40.230359455789,-74.784327015257,19z","https://www.trentonnj.org/CivicAlerts.aspx?AID=1058","On Trenton's 2023-2024 Neighborhood Redevelopment & Revitalization Pilot (NRRP) target list (135 abandoned residential structures designated for demolition or rehab).",""
"307 Genesee St, Trenton, NJ 08611","40.207807","-74.750005","Trenton","NJ","08611","RESIDENTIAL","ABANDONED","","","https://www.google.com/maps/place/307+Genesee+St,+Trenton,+NJ+08611/@40.207807482239,-74.750004540111,19z","https://www.trentonnj.org/CivicAlerts.aspx?AID=1058","On Trenton's 2023-2024 Neighborhood Redevelopment & Revitalization Pilot (NRRP) target list (135 abandoned residential structures designated for demolition or rehab).",""
"346 Brunswick Ave, Trenton, NJ 08618","40.228717","-74.760102","Trenton","NJ","08618","RESIDENTIAL","ABANDONED","","","https://www.google.com/maps/place/346+Brunswick+Ave,+Trenton,+NJ+08618/@40.228716902369,-74.760102496606,19z","https://www.trentonnj.org/CivicAlerts.aspx?AID=1058","On Trenton's 2023-2024 Neighborhood Redevelopment & Revitalization Pilot (NRRP) target list (135 abandoned residential structures designated for demolition or rehab).",""
"51 Grand St, Trenton, NJ 08611","40.205820","-74.751205","Trenton","NJ","08611","RESIDENTIAL","ABANDONED","","","https://www.google.com/maps/place/51+Grand+St,+Trenton,+NJ+08611/@40.205819583346,-74.751205315658,19z","https://www.trentonnj.org/CivicAlerts.aspx?AID=1058","On Trenton's 2023-2024 Neighborhood Redevelopment & Revitalization Pilot (NRRP) target list (135 abandoned residential structures designated for demolition or rehab).",""
"254 Hills Pl, Trenton, NJ 08611","40.207333","-74.759427","Trenton","NJ","08611","RESIDENTIAL","ABANDONED","","","https://www.google.com/maps/place/254+Hills+Pl,+Trenton,+NJ+08611/@40.207332544284,-74.759427301092,19z","https://www.trentonnj.org/CivicAlerts.aspx?AID=1058","On Trenton's 2023-2024 Neighborhood Redevelopment & Revitalization Pilot (NRRP) target list (135 abandoned residential structures designated for demolition or rehab).",""
"900 Indiana Ave, Trenton, NJ 08638","40.240051","-74.746467","Trenton","NJ","08638","RESIDENTIAL","ABANDONED","","","https://www.google.com/maps/place/900+Indiana+Ave,+Trenton,+NJ+08638/@40.240050571457,-74.746467282268,19z","https://www.trentonnj.org/CivicAlerts.aspx?AID=1058","On Trenton's 2023-2024 Neighborhood Redevelopment & Revitalization Pilot (NRRP) target list (135 abandoned residential structures designated for demolition or rehab).",""
"12 Fountain Ave, Trenton, NJ 08618","40.228774","-74.763966","Trenton","NJ","08618","RESIDENTIAL","ABANDONED","","","https://www.google.com/maps/place/12+Fountain+Ave,+Trenton,+NJ+08618/@40.22877383436,-74.763965718949,19z","https://www.trentonnj.org/CivicAlerts.aspx?AID=1058","On Trenton's 2023-2024 Neighborhood Redevelopment & Revitalization Pilot (NRRP) target list (135 abandoned residential structures designated for demolition or rehab).",""
"14 Fountain Ave, Trenton, NJ 08618","40.228808","-74.764023","Trenton","NJ","08618","RESIDENTIAL","ABANDONED","","","https://www.google.com/maps/place/14+Fountain+Ave,+Trenton,+NJ+08618/@40.228807637382,-74.764023417198,19z","https://www.trentonnj.org/CivicAlerts.aspx?AID=1058","On Trenton's 2023-2024 Neighborhood Redevelopment & Revitalization Pilot (NRRP) target list (135 abandoned residential structures designated for demolition or rehab).",""
"37 Fountain Ave, Trenton, NJ 08618","40.229032","-74.764610","Trenton","NJ","08618","RESIDENTIAL","ABANDONED","","","https://www.google.com/maps/place/37+Fountain+Ave,+Trenton,+NJ+08618/@40.22903225019,-74.764610137176,19z","https://www.trentonnj.org/CivicAlerts.aspx?AID=1058","On Trenton's 2023-2024 Neighborhood Redevelopment & Revitalization Pilot (NRRP) target list (135 abandoned residential structures designated for demolition or rehab).",""
"120 Fountain Ave, Trenton, NJ 08618","40.229900","-74.765695","Trenton","NJ","08618","RESIDENTIAL","ABANDONED","","","https://www.google.com/maps/place/120+Fountain+Ave,+Trenton,+NJ+08618/@40.229899619832,-74.765694684539,19z","https://www.trentonnj.org/CivicAlerts.aspx?AID=1058","On Trenton's 2023-2024 Neighborhood Redevelopment & Revitalization Pilot (NRRP) target list (135 abandoned residential structures designated for demolition or rehab).",""
"122 Fountain Ave, Trenton, NJ 08618","40.229919","-74.765724","Trenton","NJ","08618","RESIDENTIAL","ABANDONED","","","https://www.google.com/maps/place/122+Fountain+Ave,+Trenton,+NJ+08618/@40.229919020948,-74.765724076643,19z","https://www.trentonnj.org/CivicAlerts.aspx?AID=1058","On Trenton's 2023-2024 Neighborhood Redevelopment & Revitalization Pilot (NRRP) target list (135 abandoned residential structures designated for demolition or rehab).",""
"147 Fountain Ave, Trenton, NJ 08618","40.230076","-74.766192","Trenton","NJ","08618","RESIDENTIAL","ABANDONED","","","https://www.google.com/maps/place/147+Fountain+Ave,+Trenton,+NJ+08618/@40.230076114598,-74.766191560161,19z","https://www.trentonnj.org/CivicAlerts.aspx?AID=1058","On Trenton's 2023-2024 Neighborhood Redevelopment & Revitalization Pilot (NRRP) target list (135 abandoned residential structures designated for demolition or rehab).",""
"149 Fountain Ave, Trenton, NJ 08618","40.230095","-74.766220","Trenton","NJ","08618","RESIDENTIAL","ABANDONED","","","https://www.google.com/maps/place/149+Fountain+Ave,+Trenton,+NJ+08618/@40.230095093951,-74.766220313306,19z","https://www.trentonnj.org/CivicAlerts.aspx?AID=1058","On Trenton's 2023-2024 Neighborhood Redevelopment & Revitalization Pilot (NRRP) target list (135 abandoned residential structures designated for demolition or rehab).",""
"153 Fountain Ave, Trenton, NJ 08618","40.230133","-74.766278","Trenton","NJ","08618","RESIDENTIAL","ABANDONED","","","https://www.google.com/maps/place/153+Fountain+Ave,+Trenton,+NJ+08618/@40.230133052657,-74.766277819596,19z","https://www.trentonnj.org/CivicAlerts.aspx?AID=1058","On Trenton's 2023-2024 Neighborhood Redevelopment & Revitalization Pilot (NRRP) target list (135 abandoned residential structures designated for demolition or rehab).",""
"61 Sweets Ave, Trenton, NJ 08618","40.228730","-74.765360","Trenton","NJ","08618","RESIDENTIAL","ABANDONED","","","https://www.google.com/maps/place/61+Sweets+Ave,+Trenton,+NJ+08618/@40.228729718528,-74.765359998135,19z","https://www.trentonnj.org/CivicAlerts.aspx?AID=1058","On Trenton's 2023-2024 Neighborhood Redevelopment & Revitalization Pilot (NRRP) target list (135 abandoned residential structures designated for demolition or rehab).",""
"63 Sweets Ave, Trenton, NJ 08618","40.228747","-74.765392","Trenton","NJ","08618","RESIDENTIAL","ABANDONED","","","https://www.google.com/maps/place/63+Sweets+Ave,+Trenton,+NJ+08618/@40.228747184085,-74.765392018315,19z","https://www.trentonnj.org/CivicAlerts.aspx?AID=1058","On Trenton's 2023-2024 Neighborhood Redevelopment & Revitalization Pilot (NRRP) target list (135 abandoned residential structures designated for demolition or rehab).",""
"6 Sanford St, Trenton, NJ 08618","40.228794","-74.763338","Trenton","NJ","08618","RESIDENTIAL","ABANDONED","","","https://www.google.com/maps/place/6+Sanford+St,+Trenton,+NJ+08618/@40.228794076039,-74.763337909591,19z","https://www.trentonnj.org/CivicAlerts.aspx?AID=1058","On Trenton's 2023-2024 Neighborhood Redevelopment & Revitalization Pilot (NRRP) target list (135 abandoned residential structures designated for demolition or rehab).",""
"8 Sanford St, Trenton, NJ 08618","40.228774","-74.763301","Trenton","NJ","08618","RESIDENTIAL","ABANDONED","","","https://www.google.com/maps/place/8+Sanford+St,+Trenton,+NJ+08618/@40.228773821457,-74.763301352548,19z","https://www.trentonnj.org/CivicAlerts.aspx?AID=1058","On Trenton's 2023-2024 Neighborhood Redevelopment & Revitalization Pilot (NRRP) target list (135 abandoned residential structures designated for demolition or rehab).",""
"10 Sanford St, Trenton, NJ 08618","40.228754","-74.763265","Trenton","NJ","08618","RESIDENTIAL","ABANDONED","","","https://www.google.com/maps/place/10+Sanford+St,+Trenton,+NJ+08618/@40.228753566875,-74.763264795505,19z","https://www.trentonnj.org/CivicAlerts.aspx?AID=1058","On Trenton's 2023-2024 Neighborhood Redevelopment & Revitalization Pilot (NRRP) target list (135 abandoned residential structures designated for demolition or rehab).",""
"12 Sanford St, Trenton, NJ 08618","40.228733","-74.763228","Trenton","NJ","08618","RESIDENTIAL","ABANDONED","","","https://www.google.com/maps/place/12+Sanford+St,+Trenton,+NJ+08618/@40.228733312292,-74.763228238462,19z","https://www.trentonnj.org/CivicAlerts.aspx?AID=1058","On Trenton's 2023-2024 Neighborhood Redevelopment & Revitalization Pilot (NRRP) target list (135 abandoned residential structures designated for demolition or rehab).",""
"14 Sanford St, Trenton, NJ 08618","40.228713","-74.763192","Trenton","NJ","08618","RESIDENTIAL","ABANDONED","","","https://www.google.com/maps/place/14+Sanford+St,+Trenton,+NJ+08618/@40.22871305771,-74.763191681419,19z","https://www.trentonnj.org/CivicAlerts.aspx?AID=1058","On Trenton's 2023-2024 Neighborhood Redevelopment & Revitalization Pilot (NRRP) target list (135 abandoned residential structures designated for demolition or rehab).",""
"17 Sanford St, Trenton, NJ 08618","40.228583","-74.763213","Trenton","NJ","08618","RESIDENTIAL","ABANDONED","","","https://www.google.com/maps/place/17+Sanford+St,+Trenton,+NJ+08618/@40.228583112247,-74.763212691204,19z","https://www.trentonnj.org/CivicAlerts.aspx?AID=1058","On Trenton's 2023-2024 Neighborhood Redevelopment & Revitalization Pilot (NRRP) target list (135 abandoned residential structures designated for demolition or rehab).",""
"19 Sanford St, Trenton, NJ 08618","40.228563","-74.763177","Trenton","NJ","08618","RESIDENTIAL","ABANDONED","","","https://www.google.com/maps/place/19+Sanford+St,+Trenton,+NJ+08618/@40.228563271024,-74.763176880223,19z","https://www.trentonnj.org/CivicAlerts.aspx?AID=1058","On Trenton's 2023-2024 Neighborhood Redevelopment & Revitalization Pilot (NRRP) target list (135 abandoned residential structures designated for demolition or rehab).",""
"26 Sanford St, Trenton, NJ 08618","40.228592","-74.762972","Trenton","NJ","08618","RESIDENTIAL","ABANDONED","","","https://www.google.com/maps/place/26+Sanford+St,+Trenton,+NJ+08618/@40.228591530216,-74.762972339161,19z","https://www.trentonnj.org/CivicAlerts.aspx?AID=1058","On Trenton's 2023-2024 Neighborhood Redevelopment & Revitalization Pilot (NRRP) target list (135 abandoned residential structures designated for demolition or rehab).",""
"28 Sanford St, Trenton, NJ 08618","40.228571","-74.762936","Trenton","NJ","08618","RESIDENTIAL","ABANDONED","","","https://www.google.com/maps/place/28+Sanford+St,+Trenton,+NJ+08618/@40.228571275634,-74.762935782117,19z","https://www.trentonnj.org/CivicAlerts.aspx?AID=1058","On Trenton's 2023-2024 Neighborhood Redevelopment & Revitalization Pilot (NRRP) target list (135 abandoned residential structures designated for demolition or rehab).",""
"30 Sanford St, Trenton, NJ 08618","40.228551","-74.762899","Trenton","NJ","08618","RESIDENTIAL","ABANDONED","","","https://www.google.com/maps/place/30+Sanford+St,+Trenton,+NJ+08618/@40.228551021051,-74.762899225074,19z","https://www.trentonnj.org/CivicAlerts.aspx?AID=1058","On Trenton's 2023-2024 Neighborhood Redevelopment & Revitalization Pilot (NRRP) target list (135 abandoned residential structures designated for demolition or rehab).",""
"32 Sanford St, Trenton, NJ 08618","40.228531","-74.762863","Trenton","NJ","08618","RESIDENTIAL","ABANDONED","","","https://www.google.com/maps/place/32+Sanford+St,+Trenton,+NJ+08618/@40.228530766469,-74.762862668031,19z","https://www.trentonnj.org/CivicAlerts.aspx?AID=1058","On Trenton's 2023-2024 Neighborhood Redevelopment & Revitalization Pilot (NRRP) target list (135 abandoned residential structures designated for demolition or rehab).",""
"34 Sanford St, Trenton, NJ 08618","40.228511","-74.762826","Trenton","NJ","08618","RESIDENTIAL","ABANDONED","","","https://www.google.com/maps/place/34+Sanford+St,+Trenton,+NJ+08618/@40.228510511887,-74.762826110988,19z","https://www.trentonnj.org/CivicAlerts.aspx?AID=1058","On Trenton's 2023-2024 Neighborhood Redevelopment & Revitalization Pilot (NRRP) target list (135 abandoned residential structures designated for demolition or rehab).",""
"36 Sanford St, Trenton, NJ 08618","40.228490","-74.762789","Trenton","NJ","08618","RESIDENTIAL","ABANDONED","","","https://www.google.com/maps/place/36+Sanford+St,+Trenton,+NJ+08618/@40.228489705157,-74.76278897401,19z","https://www.trentonnj.org/CivicAlerts.aspx?AID=1058","On Trenton's 2023-2024 Neighborhood Redevelopment & Revitalization Pilot (NRRP) target list (135 abandoned residential structures designated for demolition or rehab).",""
"37 Sanford St, Trenton, NJ 08618","40.228385","-74.762856","Trenton","NJ","08618","RESIDENTIAL","ABANDONED","","","https://www.google.com/maps/place/37+Sanford+St,+Trenton,+NJ+08618/@40.228384748178,-74.762855646835,19z","https://www.trentonnj.org/CivicAlerts.aspx?AID=1058","On Trenton's 2023-2024 Neighborhood Redevelopment & Revitalization Pilot (NRRP) target list (135 abandoned residential structures designated for demolition or rehab).",""
"39 Sanford St, Trenton, NJ 08618","40.228365","-74.762820","Trenton","NJ","08618","RESIDENTIAL","ABANDONED","","","https://www.google.com/maps/place/39+Sanford+St,+Trenton,+NJ+08618/@40.228364582019,-74.762820148877,19z","https://www.trentonnj.org/CivicAlerts.aspx?AID=1058","On Trenton's 2023-2024 Neighborhood Redevelopment & Revitalization Pilot (NRRP) target list (135 abandoned residential structures designated for demolition or rehab).",""
"41 Sanford St, Trenton, NJ 08618","40.228344","-74.762785","Trenton","NJ","08618","RESIDENTIAL","ABANDONED","","","https://www.google.com/maps/place/41+Sanford+St,+Trenton,+NJ+08618/@40.22834441586,-74.76278465092,19z","https://www.trentonnj.org/CivicAlerts.aspx?AID=1058","On Trenton's 2023-2024 Neighborhood Redevelopment & Revitalization Pilot (NRRP) target list (135 abandoned residential structures designated for demolition or rehab).",""
"42 Sanford St, Trenton, NJ 08618","40.228428","-74.762680","Trenton","NJ","08618","RESIDENTIAL","ABANDONED","","","https://www.google.com/maps/place/42+Sanford+St,+Trenton,+NJ+08618/@40.228427946295,-74.762680261516,19z","https://www.trentonnj.org/CivicAlerts.aspx?AID=1058","On Trenton's 2023-2024 Neighborhood Redevelopment & Revitalization Pilot (NRRP) target list (135 abandoned residential structures designated for demolition or rehab).",""
"43 Sanford St, Trenton, NJ 08618","40.228324","-74.762749","Trenton","NJ","08618","RESIDENTIAL","ABANDONED","","","https://www.google.com/maps/place/43+Sanford+St,+Trenton,+NJ+08618/@40.228324249701,-74.762749152963,19z","https://www.trentonnj.org/CivicAlerts.aspx?AID=1058","On Trenton's 2023-2024 Neighborhood Redevelopment & Revitalization Pilot (NRRP) target list (135 abandoned residential structures designated for demolition or rehab).",""
"44 Sanford St, Trenton, NJ 08618","40.228407","-74.762644","Trenton","NJ","08618","RESIDENTIAL","ABANDONED","","","https://www.google.com/maps/place/44+Sanford+St,+Trenton,+NJ+08618/@40.228407360007,-74.762644024018,19z","https://www.trentonnj.org/CivicAlerts.aspx?AID=1058","On Trenton's 2023-2024 Neighborhood Redevelopment & Revitalization Pilot (NRRP) target list (135 abandoned residential structures designated for demolition or rehab).",""
"46 Sanford St, Trenton, NJ 08618","40.228387","-74.762608","Trenton","NJ","08618","RESIDENTIAL","ABANDONED","","","https://www.google.com/maps/place/46+Sanford+St,+Trenton,+NJ+08618/@40.22838677372,-74.76260778652,19z","https://www.trentonnj.org/CivicAlerts.aspx?AID=1058","On Trenton's 2023-2024 Neighborhood Redevelopment & Revitalization Pilot (NRRP) target list (135 abandoned residential structures designated for demolition or rehab).",""
"47 Sanford St, Trenton, NJ 08618","40.228284","-74.762678","Trenton","NJ","08618","RESIDENTIAL","ABANDONED","","","https://www.google.com/maps/place/47+Sanford+St,+Trenton,+NJ+08618/@40.228283917382,-74.762678157048,19z","https://www.trentonnj.org/CivicAlerts.aspx?AID=1058","On Trenton's 2023-2024 Neighborhood Redevelopment & Revitalization Pilot (NRRP) target list (135 abandoned residential structures designated for demolition or rehab).",""
"48 Sanford St, Trenton, NJ 08618","40.228366","-74.762572","Trenton","NJ","08618","RESIDENTIAL","ABANDONED","","","https://www.google.com/maps/place/48+Sanford+St,+Trenton,+NJ+08618/@40.228366187433,-74.762571549022,19z","https://www.trentonnj.org/CivicAlerts.aspx?AID=1058","On Trenton's 2023-2024 Neighborhood Redevelopment & Revitalization Pilot (NRRP) target list (135 abandoned residential structures designated for demolition or rehab).",""
"49 Sanford St, Trenton, NJ 08618","40.228264","-74.762643","Trenton","NJ","08618","RESIDENTIAL","ABANDONED","","","https://www.google.com/maps/place/49+Sanford+St,+Trenton,+NJ+08618/@40.228263751223,-74.762642659091,19z","https://www.trentonnj.org/CivicAlerts.aspx?AID=1058","On Trenton's 2023-2024 Neighborhood Redevelopment & Revitalization Pilot (NRRP) target list (135 abandoned residential structures designated for demolition or rehab).",""
"51 Sanford St, Trenton, NJ 08618","40.228244","-74.762607","Trenton","NJ","08618","RESIDENTIAL","ABANDONED","","","https://www.google.com/maps/place/51+Sanford+St,+Trenton,+NJ+08618/@40.228243585064,-74.762607161134,19z","https://www.trentonnj.org/CivicAlerts.aspx?AID=1058","On Trenton's 2023-2024 Neighborhood Redevelopment & Revitalization Pilot (NRRP) target list (135 abandoned residential structures designated for demolition or rehab).",""
"52 Sanford St, Trenton, NJ 08618","40.228325","-74.762499","Trenton","NJ","08618","RESIDENTIAL","ABANDONED","","","https://www.google.com/maps/place/52+Sanford+St,+Trenton,+NJ+08618/@40.228325014858,-74.762499074026,19z","https://www.trentonnj.org/CivicAlerts.aspx?AID=1058","On Trenton's 2023-2024 Neighborhood Redevelopment & Revitalization Pilot (NRRP) target list (135 abandoned residential structures designated for demolition or rehab).",""
"54 Sanford St, Trenton, NJ 08618","40.228304","-74.762463","Trenton","NJ","08618","RESIDENTIAL","ABANDONED","","","https://www.google.com/maps/place/54+Sanford+St,+Trenton,+NJ+08618/@40.22830442857,-74.762462836528,19z","https://www.trentonnj.org/CivicAlerts.aspx?AID=1058","On Trenton's 2023-2024 Neighborhood Redevelopment & Revitalization Pilot (NRRP) target list (135 abandoned residential structures designated for demolition or rehab).",""
"489 Calhoun St, Trenton, NJ 08618","40.228428","-74.769223","Trenton","NJ","08618","RESIDENTIAL","ABANDONED","","","https://www.google.com/maps/place/489+Calhoun+St,+Trenton,+NJ+08618/@40.228427835216,-74.76922252204,19z","https://www.trentonnj.org/CivicAlerts.aspx?AID=1058","On Trenton's 2023-2024 Neighborhood Redevelopment & Revitalization Pilot (NRRP) target list (135 abandoned residential structures designated for demolition or rehab).",""
"491 Calhoun St, Trenton, NJ 08618","40.228447","-74.769205","Trenton","NJ","08618","RESIDENTIAL","ABANDONED","","","https://www.google.com/maps/place/491+Calhoun+St,+Trenton,+NJ+08618/@40.228446536088,-74.769204656029,19z","https://www.trentonnj.org/CivicAlerts.aspx?AID=1058","On Trenton's 2023-2024 Neighborhood Redevelopment & Revitalization Pilot (NRRP) target list (135 abandoned residential structures designated for demolition or rehab).",""
"23 Chapel St, Trenton, NJ 08618","40.227371","-74.765001","Trenton","NJ","08618","RESIDENTIAL","ABANDONED","","","https://www.google.com/maps/place/23+Chapel+St,+Trenton,+NJ+08618/@40.227371108044,-74.7650007287,19z","https://www.trentonnj.org/CivicAlerts.aspx?AID=1058","On Trenton's 2023-2024 Neighborhood Redevelopment & Revitalization Pilot (NRRP) target list (135 abandoned residential structures designated for demolition or rehab).",""
"42 Christoph Ave, Trenton, NJ 08618","40.234216","-74.778495","Trenton","NJ","08618","RESIDENTIAL","ABANDONED","","","https://www.google.com/maps/place/42+Christoph+Ave,+Trenton,+NJ+08618/@40.234216351917,-74.778495498126,19z","https://www.trentonnj.org/CivicAlerts.aspx?AID=1058","On Trenton's 2023-2024 Neighborhood Redevelopment & Revitalization Pilot (NRRP) target list (135 abandoned residential structures designated for demolition or rehab).",""
"44 Christoph Ave, Trenton, NJ 08618","40.234233","-74.778479","Trenton","NJ","08618","RESIDENTIAL","ABANDONED","","","https://www.google.com/maps/place/44+Christoph+Ave,+Trenton,+NJ+08618/@40.234232793643,-74.778478898306,19z","https://www.trentonnj.org/CivicAlerts.aspx?AID=1058","On Trenton's 2023-2024 Neighborhood Redevelopment & Revitalization Pilot (NRRP) target list (135 abandoned residential structures designated for demolition or rehab).",""
"196 Pennington Ave, Trenton, NJ 08618","40.229301","-74.768598","Trenton","NJ","08618","RESIDENTIAL","ABANDONED","","","https://www.google.com/maps/place/196+Pennington+Ave,+Trenton,+NJ+08618/@40.229301103071,-74.7685980466,19z","https://www.trentonnj.org/CivicAlerts.aspx?AID=1058","On Trenton's 2023-2024 Neighborhood Redevelopment & Revitalization Pilot (NRRP) target list (135 abandoned residential structures designated for demolition or rehab).",""
"202 Pennington Ave, Trenton, NJ 08618","40.229351","-74.768626","Trenton","NJ","08618","RESIDENTIAL","ABANDONED","","","https://www.google.com/maps/place/202+Pennington+Ave,+Trenton,+NJ+08618/@40.229351475756,-74.768626381228,19z","https://www.trentonnj.org/CivicAlerts.aspx?AID=1058","On Trenton's 2023-2024 Neighborhood Redevelopment & Revitalization Pilot (NRRP) target list (135 abandoned residential structures designated for demolition or rehab).",""
"7 Chambers St, Trenton, NJ 08609","40.222564","-74.747187","Trenton","NJ","08609","RESIDENTIAL","ABANDONED","","","https://www.google.com/maps/place/7+Chambers+St,+Trenton,+NJ+08609/@40.222564145458,-74.74718651383,19z","https://www.trentonnj.org/CivicAlerts.aspx?AID=1058","On Trenton's 2023-2024 Neighborhood Redevelopment & Revitalization Pilot (NRRP) target list (135 abandoned residential structures designated for demolition or rehab).",""
"9 Chambers St, Trenton, NJ 08609","40.222517","-74.747151","Trenton","NJ","08609","RESIDENTIAL","ABANDONED","","","https://www.google.com/maps/place/9+Chambers+St,+Trenton,+NJ+08609/@40.222517350462,-74.747150860508,19z","https://www.trentonnj.org/CivicAlerts.aspx?AID=1058","On Trenton's 2023-2024 Neighborhood Redevelopment & Revitalization Pilot (NRRP) target list (135 abandoned residential structures designated for demolition or rehab).",""
"11 Chambers St, Trenton, NJ 08609","40.222471","-74.747115","Trenton","NJ","08609","RESIDENTIAL","ABANDONED","","","https://www.google.com/maps/place/11+Chambers+St,+Trenton,+NJ+08609/@40.222470555467,-74.747115207187,19z","https://www.trentonnj.org/CivicAlerts.aspx?AID=1058","On Trenton's 2023-2024 Neighborhood Redevelopment & Revitalization Pilot (NRRP) target list (135 abandoned residential structures designated for demolition or rehab).",""
"13 Chambers St, Trenton, NJ 08609","40.222424","-74.747080","Trenton","NJ","08609","RESIDENTIAL","ABANDONED","","","https://www.google.com/maps/place/13+Chambers+St,+Trenton,+NJ+08609/@40.222423760471,-74.747079553865,19z","https://www.trentonnj.org/CivicAlerts.aspx?AID=1058","On Trenton's 2023-2024 Neighborhood Redevelopment & Revitalization Pilot (NRRP) target list (135 abandoned residential structures designated for demolition or rehab).",""
"15 Chambers St, Trenton, NJ 08609","40.222377","-74.747044","Trenton","NJ","08609","RESIDENTIAL","ABANDONED","","","https://www.google.com/maps/place/15+Chambers+St,+Trenton,+NJ+08609/@40.222376965476,-74.747043900543,19z","https://www.trentonnj.org/CivicAlerts.aspx?AID=1058","On Trenton's 2023-2024 Neighborhood Redevelopment & Revitalization Pilot (NRRP) target list (135 abandoned residential structures designated for demolition or rehab).",""
"106 Chambers St, Trenton, NJ 08609","40.221737","-74.746388","Trenton","NJ","08609","RESIDENTIAL","ABANDONED","","","https://www.google.com/maps/place/106+Chambers+St,+Trenton,+NJ+08609/@40.221737219417,-74.746388241598,19z","https://www.trentonnj.org/CivicAlerts.aspx?AID=1058","On Trenton's 2023-2024 Neighborhood Redevelopment & Revitalization Pilot (NRRP) target list (135 abandoned residential structures designated for demolition or rehab).",""
"112 Chambers St, Trenton, NJ 08609","40.221676","-74.746342","Trenton","NJ","08609","RESIDENTIAL","ABANDONED","","","https://www.google.com/maps/place/112+Chambers+St,+Trenton,+NJ+08609/@40.221675558642,-74.746341637535,19z","https://www.trentonnj.org/CivicAlerts.aspx?AID=1058","On Trenton's 2023-2024 Neighborhood Redevelopment & Revitalization Pilot (NRRP) target list (135 abandoned residential structures designated for demolition or rehab).",""
"114 Chambers St, Trenton, NJ 08609","40.221655","-74.746326","Trenton","NJ","08609","RESIDENTIAL","ABANDONED","","","https://www.google.com/maps/place/114+Chambers+St,+Trenton,+NJ+08609/@40.22165500505,-74.746326102847,19z","https://www.trentonnj.org/CivicAlerts.aspx?AID=1058","On Trenton's 2023-2024 Neighborhood Redevelopment & Revitalization Pilot (NRRP) target list (135 abandoned residential structures designated for demolition or rehab).",""
"116 Chambers St, Trenton, NJ 08609","40.221634","-74.746311","Trenton","NJ","08609","RESIDENTIAL","ABANDONED","","","https://www.google.com/maps/place/116+Chambers+St,+Trenton,+NJ+08609/@40.221634451458,-74.746310568159,19z","https://www.trentonnj.org/CivicAlerts.aspx?AID=1058","On Trenton's 2023-2024 Neighborhood Redevelopment & Revitalization Pilot (NRRP) target list (135 abandoned residential structures designated for demolition or rehab).",""
"18 & 20 Meade St, Trenton, NJ 08638","40.231386","-74.746659","Trenton","NJ","08638","RESIDENTIAL","ABANDONED","","","https://www.google.com/maps/place/18+&+20+Meade+St,+Trenton,+NJ+08638/@40.231386377103,-74.746659008397,19z","https://www.trentonnj.org/CivicAlerts.aspx?AID=1058","On Trenton's 2023-2024 Neighborhood Redevelopment & Revitalization Pilot (NRRP) target list (135 abandoned residential structures designated for demolition or rehab).",""
"15 Walnut Ave, Trenton, NJ 08609","40.220106","-74.750144","Trenton","NJ","08609","RESIDENTIAL","ABANDONED","","","https://www.google.com/maps/place/15+Walnut+Ave,+Trenton,+NJ+08609/@40.220106096627,-74.750144020451,19z","https://www.trentonnj.org/CivicAlerts.aspx?AID=1058","On Trenton's 2023-2024 Neighborhood Redevelopment & Revitalization Pilot (NRRP) target list (135 abandoned residential structures designated for demolition or rehab).",""
"105 Walnut Ave, Trenton, NJ 08609","40.220736","-74.748762","Trenton","NJ","08609","RESIDENTIAL","ABANDONED","","","https://www.google.com/maps/place/105+Walnut+Ave,+Trenton,+NJ+08609/@40.220736185486,-74.748761901529,19z","https://www.trentonnj.org/CivicAlerts.aspx?AID=1058","On Trenton's 2023-2024 Neighborhood Redevelopment & Revitalization Pilot (NRRP) target list (135 abandoned residential structures designated for demolition or rehab).",""
"115 Walnut Ave, Trenton, NJ 08609","40.220843","-74.748528","Trenton","NJ","08609","RESIDENTIAL","ABANDONED","","","https://www.google.com/maps/place/115+Walnut+Ave,+Trenton,+NJ+08609/@40.220843446795,-74.74852822511,19z","https://www.trentonnj.org/CivicAlerts.aspx?AID=1058","On Trenton's 2023-2024 Neighborhood Redevelopment & Revitalization Pilot (NRRP) target list (135 abandoned residential structures designated for demolition or rehab).",""
"117 Walnut Ave, Trenton, NJ 08609","40.220865","-74.748481","Trenton","NJ","08609","RESIDENTIAL","ABANDONED","","","https://www.google.com/maps/place/117+Walnut+Ave,+Trenton,+NJ+08609/@40.220864899057,-74.748481489826,19z","https://www.trentonnj.org/CivicAlerts.aspx?AID=1058","On Trenton's 2023-2024 Neighborhood Redevelopment & Revitalization Pilot (NRRP) target list (135 abandoned residential structures designated for demolition or rehab).",""
"146 Walnut Ave, Trenton, NJ 08609","40.221284","-74.747856","Trenton","NJ","08609","RESIDENTIAL","ABANDONED","","","https://www.google.com/maps/place/146+Walnut+Ave,+Trenton,+NJ+08609/@40.221284052701,-74.747855788291,19z","https://www.trentonnj.org/CivicAlerts.aspx?AID=1058","On Trenton's 2023-2024 Neighborhood Redevelopment & Revitalization Pilot (NRRP) target list (135 abandoned residential structures designated for demolition or rehab).",""
"148 Walnut Ave, Trenton, NJ 08609","40.221305","-74.747809","Trenton","NJ","08609","RESIDENTIAL","ABANDONED","","","https://www.google.com/maps/place/148+Walnut+Ave,+Trenton,+NJ+08609/@40.221304951599,-74.747808624562,19z","https://www.trentonnj.org/CivicAlerts.aspx?AID=1058","On Trenton's 2023-2024 Neighborhood Redevelopment & Revitalization Pilot (NRRP) target list (135 abandoned residential structures designated for demolition or rehab).",""
"150 Walnut Ave, Trenton, NJ 08609","40.221326","-74.747761","Trenton","NJ","08609","RESIDENTIAL","ABANDONED","","","https://www.google.com/maps/place/150+Walnut+Ave,+Trenton,+NJ+08609/@40.221325850497,-74.747761460834,19z","https://www.trentonnj.org/CivicAlerts.aspx?AID=1058","On Trenton's 2023-2024 Neighborhood Redevelopment & Revitalization Pilot (NRRP) target list (135 abandoned residential structures designated for demolition or rehab).",""
"160 Walnut Ave, Trenton, NJ 08609","40.221430","-74.747526","Trenton","NJ","08609","RESIDENTIAL","ABANDONED","","","https://www.google.com/maps/place/160+Walnut+Ave,+Trenton,+NJ+08609/@40.221430344986,-74.747525642193,19z","https://www.trentonnj.org/CivicAlerts.aspx?AID=1058","On Trenton's 2023-2024 Neighborhood Redevelopment & Revitalization Pilot (NRRP) target list (135 abandoned residential structures designated for demolition or rehab).",""
"162 Walnut Ave, Trenton, NJ 08609","40.221451","-74.747478","Trenton","NJ","08609","RESIDENTIAL","ABANDONED","","","https://www.google.com/maps/place/162+Walnut+Ave,+Trenton,+NJ+08609/@40.221451243884,-74.747478478465,19z","https://www.trentonnj.org/CivicAlerts.aspx?AID=1058","On Trenton's 2023-2024 Neighborhood Redevelopment & Revitalization Pilot (NRRP) target list (135 abandoned residential structures designated for demolition or rehab).",""
"173 Walnut Ave, Trenton, NJ 08609","40.221457","-74.747167","Trenton","NJ","08609","RESIDENTIAL","ABANDONED","","","https://www.google.com/maps/place/173+Walnut+Ave,+Trenton,+NJ+08609/@40.221456627196,-74.747167332132,19z","https://www.trentonnj.org/CivicAlerts.aspx?AID=1058","On Trenton's 2023-2024 Neighborhood Redevelopment & Revitalization Pilot (NRRP) target list (135 abandoned residential structures designated for demolition or rehab).",""
"176 Walnut Ave, Trenton, NJ 08609","40.221598","-74.747151","Trenton","NJ","08609","RESIDENTIAL","ABANDONED","","","https://www.google.com/maps/place/176+Walnut+Ave,+Trenton,+NJ+08609/@40.221597904547,-74.747151008392,19z","https://www.trentonnj.org/CivicAlerts.aspx?AID=1058","On Trenton's 2023-2024 Neighborhood Redevelopment & Revitalization Pilot (NRRP) target list (135 abandoned residential structures designated for demolition or rehab).",""
"178 Walnut Ave, Trenton, NJ 08609","40.221620","-74.747105","Trenton","NJ","08609","RESIDENTIAL","ABANDONED","","","https://www.google.com/maps/place/178+Walnut+Ave,+Trenton,+NJ+08609/@40.22161977853,-74.747104609034,19z","https://www.trentonnj.org/CivicAlerts.aspx?AID=1058","On Trenton's 2023-2024 Neighborhood Redevelopment & Revitalization Pilot (NRRP) target list (135 abandoned residential structures designated for demolition or rehab).",""
"258 Walnut Ave, Trenton, NJ 08609","40.222489","-74.745333","Trenton","NJ","08609","RESIDENTIAL","ABANDONED","","","https://www.google.com/maps/place/258+Walnut+Ave,+Trenton,+NJ+08609/@40.222488749361,-74.745333353905,19z","https://www.trentonnj.org/CivicAlerts.aspx?AID=1058","On Trenton's 2023-2024 Neighborhood Redevelopment & Revitalization Pilot (NRRP) target list (135 abandoned residential structures designated for demolition or rehab).",""
"632 Walnut Ave, Trenton, NJ 08609","40.225051","-74.739238","Trenton","NJ","08609","RESIDENTIAL","ABANDONED","","","https://www.google.com/maps/place/632+Walnut+Ave,+Trenton,+NJ+08609/@40.225051160339,-74.739238055228,19z","https://www.trentonnj.org/CivicAlerts.aspx?AID=1058","On Trenton's 2023-2024 Neighborhood Redevelopment & Revitalization Pilot (NRRP) target list (135 abandoned residential structures designated for demolition or rehab).",""
"409 Liberty St, Trenton, NJ 08611","40.204630","-74.741879","Trenton","NJ","08611","RESIDENTIAL","ABANDONED","","","https://www.google.com/maps/place/409+Liberty+St,+Trenton,+NJ+08611/@40.204630205715,-74.741878857028,19z","https://www.trentonnj.org/CivicAlerts.aspx?AID=1058","On Trenton's 2023-2024 Neighborhood Redevelopment & Revitalization Pilot (NRRP) target list (135 abandoned residential structures designated for demolition or rehab).",""
"419 Monmouth St, Trenton, NJ 08609","40.220257","-74.748687","Trenton","NJ","08609","RESIDENTIAL","ABANDONED","","","https://www.google.com/maps/place/419+Monmouth+St,+Trenton,+NJ+08609/@40.22025687212,-74.748687205358,19z","https://www.trentonnj.org/CivicAlerts.aspx?AID=1058","On Trenton's 2023-2024 Neighborhood Redevelopment & Revitalization Pilot (NRRP) target list (135 abandoned residential structures designated for demolition or rehab).",""
"420 Monmouth St, Trenton, NJ 08609","40.220253","-74.748513","Trenton","NJ","08609","RESIDENTIAL","ABANDONED","","","https://www.google.com/maps/place/420+Monmouth+St,+Trenton,+NJ+08609/@40.220252790669,-74.748512876813,19z","https://www.trentonnj.org/CivicAlerts.aspx?AID=1058","On Trenton's 2023-2024 Neighborhood Redevelopment & Revitalization Pilot (NRRP) target list (135 abandoned residential structures designated for demolition or rehab).",""
"422 Monmouth St, Trenton, NJ 08609","40.220247","-74.748509","Trenton","NJ","08609","RESIDENTIAL","ABANDONED","","","https://www.google.com/maps/place/422+Monmouth+St,+Trenton,+NJ+08609/@40.220246848867,-74.748508585513,19z","https://www.trentonnj.org/CivicAlerts.aspx?AID=1058","On Trenton's 2023-2024 Neighborhood Redevelopment & Revitalization Pilot (NRRP) target list (135 abandoned residential structures designated for demolition or rehab).",""
"54 Passaic St, Trenton, NJ 08618","40.223568","-74.771540","Trenton","NJ","08618","RESIDENTIAL","ABANDONED","","","https://www.google.com/maps/place/54+Passaic+St,+Trenton,+NJ+08618/@40.223568145925,-74.771540422657,19z","https://www.trentonnj.org/CivicAlerts.aspx?AID=1058","On Trenton's 2023-2024 Neighborhood Redevelopment & Revitalization Pilot (NRRP) target list (135 abandoned residential structures designated for demolition or rehab).",""
"54 Prospect Ave, Trenton, NJ 08620","40.184981","-74.690764","Trenton","NJ","08620","RESIDENTIAL","ABANDONED","","","https://www.google.com/maps/place/54+Prospect+Ave,+Trenton,+NJ+08620/@40.184980690643,-74.69076428318,19z","https://www.trentonnj.org/CivicAlerts.aspx?AID=1058","On Trenton's 2023-2024 Neighborhood Redevelopment & Revitalization Pilot (NRRP) target list (135 abandoned residential structures designated for demolition or rehab).",""
"69 Edgemere Ave, Trenton, NJ 08618","40.234947","-74.779080","Trenton","NJ","08618","RESIDENTIAL","ABANDONED","","","https://www.google.com/maps/place/69+Edgemere+Ave,+Trenton,+NJ+08618/@40.23494679666,-74.779079638635,19z","https://www.trentonnj.org/CivicAlerts.aspx?AID=1058","On Trenton's 2023-2024 Neighborhood Redevelopment & Revitalization Pilot (NRRP) target list (135 abandoned residential structures designated for demolition or rehab).",""
"119 Exton Ave, Trenton, NJ 08618","40.233275","-74.777373","Trenton","NJ","08618","RESIDENTIAL","ABANDONED","","","https://www.google.com/maps/place/119+Exton+Ave,+Trenton,+NJ+08618/@40.233274666782,-74.777373454865,19z","https://www.trentonnj.org/CivicAlerts.aspx?AID=1058","On Trenton's 2023-2024 Neighborhood Redevelopment & Revitalization Pilot (NRRP) target list (135 abandoned residential structures designated for demolition or rehab).",""
"121 Exton Ave, Trenton, NJ 08618","40.233283","-74.777365","Trenton","NJ","08618","RESIDENTIAL","ABANDONED","","","https://www.google.com/maps/place/121+Exton+Ave,+Trenton,+NJ+08618/@40.233283499283,-74.777364622364,19z","https://www.trentonnj.org/CivicAlerts.aspx?AID=1058","On Trenton's 2023-2024 Neighborhood Redevelopment & Revitalization Pilot (NRRP) target list (135 abandoned residential structures designated for demolition or rehab).",""
"417 Federal St, Trenton, NJ 08611","40.208361","-74.758338","Trenton","NJ","08611","RESIDENTIAL","ABANDONED","","","https://www.google.com/maps/place/417+Federal+St,+Trenton,+NJ+08611/@40.208361233586,-74.758338302676,19z","https://www.trentonnj.org/CivicAlerts.aspx?AID=1058","On Trenton's 2023-2024 Neighborhood Redevelopment & Revitalization Pilot (NRRP) target list (135 abandoned residential structures designated for demolition or rehab).",""
"25 Middle Rose St, Trenton, NJ 08618","40.229102","-74.762687","Trenton","NJ","08618","RESIDENTIAL","ABANDONED","","","https://www.google.com/maps/place/25+Middle+Rose+St,+Trenton,+NJ+08618/@40.229102209034,-74.762686596831,19z","https://www.trentonnj.org/CivicAlerts.aspx?AID=1058","On Trenton's 2023-2024 Neighborhood Redevelopment & Revitalization Pilot (NRRP) target list (135 abandoned residential structures designated for demolition or rehab).",""
"67 Middle Rose St, Trenton, NJ 08618","40.228568","-74.761822","Trenton","NJ","08618","RESIDENTIAL","ABANDONED","","","https://www.google.com/maps/place/67+Middle+Rose+St,+Trenton,+NJ+08618/@40.228568434862,-74.761822300297,19z","https://www.trentonnj.org/CivicAlerts.aspx?AID=1058","On Trenton's 2023-2024 Neighborhood Redevelopment & Revitalization Pilot (NRRP) target list (135 abandoned residential structures designated for demolition or rehab).",""
"28-34 Circle Ave, Paterson, NJ 07508","40.940290","-74.189014","Paterson","NJ","07508","RESIDENTIAL","ABANDONED","THE PATERSON TASK FORCE F C A INC.,","","https://www.google.com/maps/place/28-34+Circle+Ave,+Paterson,+NJ+07508/@40.940289551856,-74.189014382359,19z","https://www.patersonnj.gov/eGov/apps/document/center.egov?view=item&id=1971","Paterson RAP RAP01249; Ward 1; Block 201 Lot 3; Listed on Paterson's official Registered Abandoned Properties (RAP) inventory per Ordinance 14-004.",""
"86 N 3rd St, Paterson, NJ 07501","40.937271","-74.147227","Paterson","NJ","07501","RESIDENTIAL","ABANDONED","SANTAR,MARK","","https://www.google.com/maps/place/86+N+3rd+St,+Paterson,+NJ+07501/@40.937270771653,-74.147226710994,19z","https://www.patersonnj.gov/eGov/apps/document/center.egov?view=item&id=1971","Paterson RAP RAP00042; Ward 1; Block 201 Lot 7; Listed on Paterson's official Registered Abandoned Properties (RAP) inventory per Ordinance 14-004.",""
"90-92 N 3rd St, Paterson, NJ 07522","40.926756","-74.174067","Paterson","NJ","07522","RESIDENTIAL","ABANDONED","ROBINSON,JEFF","","https://www.google.com/maps/place/90-92+N+3rd+St,+Paterson,+NJ+07522/@40.926755806797,-74.174066969292,19z","https://www.patersonnj.gov/eGov/apps/document/center.egov?view=item&id=1971","Paterson RAP RAP00044; Ward 1; Block 201 Lot 9; Listed on Paterson's official Registered Abandoned Properties (RAP) inventory per Ordinance 14-004.",""
"35 Garfield Ave, Paterson, NJ 07522","40.926694","-74.172996","Paterson","NJ","07522","RESIDENTIAL","ABANDONED","GREATER PATERSON PROPERTIES,L.L.C.","","https://www.google.com/maps/place/35+Garfield+Ave,+Paterson,+NJ+07522/@40.926693756147,-74.172995680321,19z","https://www.patersonnj.gov/eGov/apps/document/center.egov?view=item&id=1971","Paterson RAP RAP00016; Ward 1; Block 201 Lot 23; Listed on Paterson's official Registered Abandoned Properties (RAP) inventory per Ordinance 14-004.",""
"31 Garfield Ave, Paterson, NJ 07522","40.926600","-74.173135","Paterson","NJ","07522","RESIDENTIAL","ABANDONED","ROMAN, ELVIRA","","https://www.google.com/maps/place/31+Garfield+Ave,+Paterson,+NJ+07522/@40.92660028149,-74.173134957556,19z","https://www.patersonnj.gov/eGov/apps/document/center.egov?view=item&id=1971","Paterson RAP RAP00014; Ward 1; Block 201 Lot 26; Listed on Paterson's official Registered Abandoned Properties (RAP) inventory per Ordinance 14-004.",""
"156 N 3rd St, Paterson, NJ 07522","40.927955","-74.172279","Paterson","NJ","07522","RESIDENTIAL","ABANDONED","BHAYANA,GAUTAM","","https://www.google.com/maps/place/156+N+3rd+St,+Paterson,+NJ+07522/@40.927955462984,-74.172278733855,19z","https://www.patersonnj.gov/eGov/apps/document/center.egov?view=item&id=1971","Paterson RAP RAP00045; Ward 1; Block 203 Lot 8; Listed on Paterson's official Registered Abandoned Properties (RAP) inventory per Ordinance 14-004.",""
"158 N 3rd St, Paterson, NJ 07522","40.927985","-74.172235","Paterson","NJ","07522","RESIDENTIAL","ABANDONED","JACOBS,TIFFANY","","https://www.google.com/maps/place/158+N+3rd+St,+Paterson,+NJ+07522/@40.927984814096,-74.172234707188,19z","https://www.patersonnj.gov/eGov/apps/document/center.egov?view=item&id=1971","Paterson RAP RAP00340; Ward 1; Block 203 Lot 9; Listed on Paterson's official Registered Abandoned Properties (RAP) inventory per Ordinance 14-004.",""
"49 Haledon Ave, Paterson, NJ 07522","40.928526","-74.171320","Paterson","NJ","07522","RESIDENTIAL","ABANDONED","STOUT STREET FUN I,LP ETC","","https://www.google.com/maps/place/49+Haledon+Ave,+Paterson,+NJ+07522/@40.928526185232,-74.171319563772,19z","https://www.patersonnj.gov/eGov/apps/document/center.egov?view=item&id=1971","Paterson RAP RAP00019; Ward 1; Block 203 Lot 17; Listed on Paterson's official Registered Abandoned Properties (RAP) inventory per Ordinance 14-004.",""
"85 Garfield Ave, Paterson, NJ 07522","40.927715","-74.171435","Paterson","NJ","07522","RESIDENTIAL","ABANDONED","JONES,LISA & JONES,THOMAS","","https://www.google.com/maps/place/85+Garfield+Ave,+Paterson,+NJ+07522/@40.927715346758,-74.171435102643,19z","https://www.patersonnj.gov/eGov/apps/document/center.egov?view=item&id=1971","Paterson RAP RAP01546; Ward 1; Block 203 Lot 22; Listed on Paterson's official Registered Abandoned Properties (RAP) inventory per Ordinance 14-004.",""
"83 Garfield Ave, Paterson, NJ 07522","40.927679","-74.171493","Paterson","NJ","07522","RESIDENTIAL","ABANDONED","RAMOS,DAVID & DELLA H/W &ITURRINO,J","","https://www.google.com/maps/place/83+Garfield+Ave,+Paterson,+NJ+07522/@40.927678892915,-74.171493311197,19z","https://www.patersonnj.gov/eGov/apps/document/center.egov?view=item&id=1971","Paterson RAP RAP00740; Ward 1; Block 203 Lot 23; Listed on Paterson's official Registered Abandoned Properties (RAP) inventory per Ordinance 14-004.",""
"71 Garfield Ave, Paterson, NJ 07522","40.927457","-74.171842","Paterson","NJ","07522","RESIDENTIAL","ABANDONED","106-108 N 8TH STREET ASSOCIATES LLC","","https://www.google.com/maps/place/71+Garfield+Ave,+Paterson,+NJ+07522/@40.92745672134,-74.171842261574,19z","https://www.patersonnj.gov/eGov/apps/document/center.egov?view=item&id=1971","Paterson RAP RAP00018; Ward 1; Block 203 Lot 29; Listed on Paterson's official Registered Abandoned Properties (RAP) inventory per Ordinance 14-004.",""
"83 Arch St, Paterson, NJ 07522","40.925942","-74.173194","Paterson","NJ","07522","RESIDENTIAL","ABANDONED","DELGADO,NELSON & PEREZ,SONIA","","https://www.google.com/maps/place/83+Arch+St,+Paterson,+NJ+07522/@40.925941571356,-74.17319363949,19z","https://www.patersonnj.gov/eGov/apps/document/center.egov?view=item&id=1971","Paterson RAP RAP01329; Ward 1; Block 204 Lot 2; Listed on Paterson's official Registered Abandoned Properties (RAP) inventory per Ordinance 14-004.",""
"81 Arch St, Paterson, NJ 07522","40.925909","-74.173156","Paterson","NJ","07522","RESIDENTIAL","ABANDONED","FAIRLEY,LINDA","","https://www.google.com/maps/place/81+Arch+St,+Paterson,+NJ+07522/@40.925908658587,-74.173155731041,19z","https://www.patersonnj.gov/eGov/apps/document/center.egov?view=item&id=1971","Paterson RAP RAP00518; Ward 1; Block 204 Lot 3; Listed on Paterson's official Registered Abandoned Properties (RAP) inventory per Ordinance 14-004.",""
"60 Clinton St, Paterson, NJ 07522","40.924918","-74.173019","Paterson","NJ","07522","RESIDENTIAL","ABANDONED","MILLS,DWIGHT & GRANDESON-MILL,G","","https://www.google.com/maps/place/60+Clinton+St,+Paterson,+NJ+07522/@40.924917558225,-74.173018872911,19z","https://www.patersonnj.gov/eGov/apps/document/center.egov?view=item&id=1971","Paterson RAP RAP00011; Ward 1; Block 204 Lot 19; Listed on Paterson's official Registered Abandoned Properties (RAP) inventory per Ordinance 14-004.",""
"66 Clinton St, Paterson, NJ 07522","40.925061","-74.173185","Paterson","NJ","07522","RESIDENTIAL","ABANDONED","MCCLARY,MARY","","https://www.google.com/maps/place/66+Clinton+St,+Paterson,+NJ+07522/@40.925061364256,-74.173185477422,19z","https://www.patersonnj.gov/eGov/apps/document/center.egov?view=item&id=1971","Paterson RAP RAP00012; Ward 1; Block 204 Lot 22; Listed on Paterson's official Registered Abandoned Properties (RAP) inventory per Ordinance 14-004.",""
"82 Clinton St, Paterson, NJ 07522","40.925445","-74.173630","Paterson","NJ","07522","RESIDENTIAL","ABANDONED","MCCLARY, MARY ETTA","","https://www.google.com/maps/place/82+Clinton+St,+Paterson,+NJ+07522/@40.925444847005,-74.173629756119,19z","https://www.patersonnj.gov/eGov/apps/document/center.egov?view=item&id=1971","Paterson RAP RAP00211; Ward 1; Block 204 Lot 31; Listed on Paterson's official Registered Abandoned Properties (RAP) inventory per Ordinance 14-004.",""
"88-90 Clinton St, Paterson, NJ 07522","40.925589","-74.173796","Paterson","NJ","07522","RESIDENTIAL","ABANDONED","GEORGE, FINTRESS","","https://www.google.com/maps/place/88-90+Clinton+St,+Paterson,+NJ+07522/@40.925588653035,-74.17379636063,19z","https://www.patersonnj.gov/eGov/apps/document/center.egov?view=item&id=1971","Paterson RAP RAP00015; Ward 1; Block 204 Lot 34; Listed on Paterson's official Registered Abandoned Properties (RAP) inventory per Ordinance 14-004.",""
"77 Jefferson St, Paterson, NJ 07522","40.926082","-74.172153","Paterson","NJ","07522","RESIDENTIAL","ABANDONED","LIGHTLY,JOYCE P.","","https://www.google.com/maps/place/77+Jefferson+St,+Paterson,+NJ+07522/@40.926082178536,-74.172152817066,19z","https://www.patersonnj.gov/eGov/apps/document/center.egov?view=item&id=1971","Paterson RAP RAP00477; Ward 1; Block 205 Lot 12; Listed on Paterson's official Registered Abandoned Properties (RAP) inventory per Ordinance 14-004.",""
"72 Arch St, Paterson, NJ 07522","40.925615","-74.172616","Paterson","NJ","07522","RESIDENTIAL","ABANDONED","SALMON,STEVE","","https://www.google.com/maps/place/72+Arch+St,+Paterson,+NJ+07522/@40.925614530468,-74.17261590641,19z","https://www.patersonnj.gov/eGov/apps/document/center.egov?view=item&id=1971","Paterson RAP RAP00660; Ward 1; Block 205 Lot 26; Listed on Paterson's official Registered Abandoned Properties (RAP) inventory per Ordinance 14-004.",""
"98 Jefferson St, Paterson, NJ 07522","40.926731","-74.172712","Paterson","NJ","07522","RESIDENTIAL","ABANDONED","KEYSTON ORGANIZATION,INC","","https://www.google.com/maps/place/98+Jefferson+St,+Paterson,+NJ+07522/@40.926730710573,-74.172711945299,19z","https://www.patersonnj.gov/eGov/apps/document/center.egov?view=item&id=1971","Paterson RAP RAP00218; Ward 1; Block 206 Lot 1; Listed on Paterson's official Registered Abandoned Properties (RAP) inventory per Ordinance 14-004.",""
"70-72 Garfield Ave, Paterson, NJ 07522","40.927442","-74.171635","Paterson","NJ","07522","RESIDENTIAL","ABANDONED","LUCAS, JEANETIE (ADMINISTER)","","https://www.google.com/maps/place/70-72+Garfield+Ave,+Paterson,+NJ+07522/@40.927441539628,-74.171634647536,19z","https://www.patersonnj.gov/eGov/apps/document/center.egov?view=item&id=1971","Paterson RAP RAP00017; Ward 1; Block 206 Lot 7; Listed on Paterson's official Registered Abandoned Properties (RAP) inventory per Ordinance 14-004.",""
"76-78 Jefferson St, Paterson, NJ 07522","40.926176","-74.172061","Paterson","NJ","07522","RESIDENTIAL","ABANDONED","PETER HILLLLC","","https://www.google.com/maps/place/76-78+Jefferson+St,+Paterson,+NJ+07522/@40.926175990304,-74.172060767629,19z","https://www.patersonnj.gov/eGov/apps/document/center.egov?view=item&id=1971","Paterson RAP RAP00030; Ward 1; Block 207 Lot 1; Listed on Paterson's official Registered Abandoned Properties (RAP) inventory per Ordinance 14-004.",""
"22-36 N 2nd St, Paterson, NJ 07522","40.926680","-74.171774","Paterson","NJ","07522","RESIDENTIAL","ABANDONED","22-36 NORTH 2ND STREET HOLDINGS,LLC","","https://www.google.com/maps/place/22-36+N+2nd+St,+Paterson,+NJ+07522/@40.926679985601,-74.17177415123,19z","https://www.patersonnj.gov/eGov/apps/document/center.egov?view=item&id=1971","Paterson RAP RAP00450; Ward 1; Block 207 Lot 6; Listed on Paterson's official Registered Abandoned Properties (RAP) inventory per Ordinance 14-004.",""
"51-53 N 1st St, Paterson, NJ 07522","40.926364","-74.171137","Paterson","NJ","07522","RESIDENTIAL","ABANDONED","DIORIO,REID","","https://www.google.com/maps/place/51-53+N+1st+St,+Paterson,+NJ+07522/@40.926364085892,-74.171136983492,19z","https://www.patersonnj.gov/eGov/apps/document/center.egov?view=item&id=1971","Paterson RAP RAP00033; Ward 1; Block 207 Lot 31; Listed on Paterson's official Registered Abandoned Properties (RAP) inventory per Ordinance 14-004.",""
"38 Clinton St, Paterson, NJ 07522","40.924314","-74.172327","Paterson","NJ","07522","RESIDENTIAL","ABANDONED","DZIKOWSKI,EYTAN","","https://www.google.com/maps/place/38+Clinton+St,+Paterson,+NJ+07522/@40.92431402692,-74.172326675135,19z","https://www.patersonnj.gov/eGov/apps/document/center.egov?view=item&id=1971","Paterson RAP RAP00007; Ward 1; Block 208 Lot 20; Listed on Paterson's official Registered Abandoned Properties (RAP) inventory per Ordinance 14-004.",""
"48 Clinton St, Paterson, NJ 07522","40.924572","-74.172623","Paterson","NJ","07522","RESIDENTIAL","ABANDONED","PCIRE0-33,LLC","","https://www.google.com/maps/place/48+Clinton+St,+Paterson,+NJ+07522/@40.924572463487,-74.17262284795,19z","https://www.patersonnj.gov/eGov/apps/document/center.egov?view=item&id=1971","Paterson RAP RAP00009; Ward 1; Block 208 Lot 25; Listed on Paterson's official Registered Abandoned Properties (RAP) inventory per Ordinance 14-004.",""
"69 N Main St, Paterson, NJ 07522","40.924946","-74.171135","Paterson","NJ","07522","RESIDENTIAL","ABANDONED","AGUDELO, MARIA c","","https://www.google.com/maps/place/69+N+Main+St,+Paterson,+NJ+07522/@40.924945858185,-74.171134660411,19z","https://www.patersonnj.gov/eGov/apps/document/center.egov?view=item&id=1971","Paterson RAP RAP00831; Ward 1; Block 209 Lot 10; Listed on Paterson's official Registered Abandoned Properties (RAP) inventory per Ordinance 14-004.",""
"67 N Main St, Paterson, NJ 07522","40.924868","-74.171191","Paterson","NJ","07522","RESIDENTIAL","ABANDONED","JACKMAN, VICTOR, MONTGOMERY, BARRY","","https://www.google.com/maps/place/67+N+Main+St,+Paterson,+NJ+07522/@40.92486795481,-74.171190591038,19z","https://www.patersonnj.gov/eGov/apps/document/center.egov?view=item&id=1971","Paterson RAP RAP00048; Ward 1; Block 209 Lot 11; Listed on Paterson's official Registered Abandoned Properties (RAP) inventory per Ordinance 14-004.",""
"58 Jefferson St, Paterson, NJ 07522","40.925951","-74.171790","Paterson","NJ","07522","RESIDENTIAL","ABANDONED","McFADDEN,DEMOND","","https://www.google.com/maps/place/58+Jefferson+St,+Paterson,+NJ+07522/@40.925951413635,-74.171789954647,19z","https://www.patersonnj.gov/eGov/apps/document/center.egov?view=item&id=1971","Paterson RAP RAP00029; Ward 1; Block 210 Lot 1; Listed on Paterson's official Registered Abandoned Properties (RAP) inventory per Ordinance 14-004.",""
"121 N Main St, Paterson, NJ 07522","40.927219","-74.169489","Paterson","NJ","07522","RESIDENTIAL","ABANDONED","MOSCOSO,REGINALD","","https://www.google.com/maps/place/121+N+Main+St,+Paterson,+NJ+07522/@40.927218662598,-74.169489050544,19z","https://www.patersonnj.gov/eGov/apps/document/center.egov?view=item&id=1971","Paterson RAP RAP00055; Ward 1; Block 210 Lot 21; Listed on Paterson's official Registered Abandoned Properties (RAP) inventory per Ordinance 14-004.",""
"109 N Main St, Paterson, NJ 07522","40.926555","-74.169977","Paterson","NJ","07522","RESIDENTIAL","ABANDONED","DALIPOVSKI,ERKAN & NEVZER H/W","","https://www.google.com/maps/place/109+N+Main+St,+Paterson,+NJ+07522/@40.926554762603,-74.169977293328,19z","https://www.patersonnj.gov/eGov/apps/document/center.egov?view=item&id=1971","Paterson RAP RAP00052; Ward 1; Block 210 Lot 27; Listed on Paterson's official Registered Abandoned Properties (RAP) inventory per Ordinance 14-004.",""
"95 N Main St, Paterson, NJ 07522","40.926027","-74.170353","Paterson","NJ","07522","RESIDENTIAL","ABANDONED","LA MELA, NICHOLAS A.","","https://www.google.com/maps/place/95+N+Main+St,+Paterson,+NJ+07522/@40.926026944724,-74.170352856044,19z","https://www.patersonnj.gov/eGov/apps/document/center.egov?view=item&id=1971","Paterson RAP RAP00294; Ward 1; Block 210 Lot 33; Listed on Paterson's official Registered Abandoned Properties (RAP) inventory per Ordinance 14-004.",""
"75-77 N Main St, Paterson, NJ 07522","40.925202","-74.170950","Paterson","NJ","07522","RESIDENTIAL","ABANDONED","HEADLEY, NETILEFORD","","https://www.google.com/maps/place/75-77+N+Main+St,+Paterson,+NJ+07522/@40.925202418238,-74.170950360518,19z","https://www.patersonnj.gov/eGov/apps/document/center.egov?view=item&id=1971","Paterson RAP RAP00422; Ward 1; Block 210 Lot 42; Listed on Paterson's official Registered Abandoned Properties (RAP) inventory per Ordinance 14-004.",""
"48 Jefferson St, Paterson, NJ 07522","40.925827","-74.171640","Paterson","NJ","07522","RESIDENTIAL","ABANDONED","PATERSON HOPE 98 URBAN REWEAL,LLC.","","https://www.google.com/maps/place/48+Jefferson+St,+Paterson,+NJ+07522/@40.925826648819,-74.17163950299,19z","https://www.patersonnj.gov/eGov/apps/document/center.egov?view=item&id=1971","Paterson RAP RAP01170; Ward 1; Block 210 Lot 43; Listed on Paterson's official Registered Abandoned Properties (RAP) inventory per Ordinance 14-004.",""
"29 Stout St, Paterson, NJ 07522","40.925282","-74.170064","Paterson","NJ","07522","RESIDENTIAL","ABANDONED","SANGAMA, ENRIQUE E.","","https://www.google.com/maps/place/29+Stout+St,+Paterson,+NJ+07522/@40.925281761536,-74.170063611821,19z","https://www.patersonnj.gov/eGov/apps/document/center.egov?view=item&id=1971","Paterson RAP RAP00027; Ward 1; Block 214 Lot 9; Listed on Paterson's official Registered Abandoned Properties (RAP) inventory per Ordinance 14-004.",""
"24 Jefferson St, Paterson, NJ 07522","40.924823","-74.170463","Paterson","NJ","07522","RESIDENTIAL","ABANDONED","GUTIERREZ,MARIA","","https://www.google.com/maps/place/24+Jefferson+St,+Paterson,+NJ+07522/@40.924822531737,-74.170463138773,19z","https://www.patersonnj.gov/eGov/apps/document/center.egov?view=item&id=1971","Paterson RAP RAP01349; Ward 1; Block 214 Lot 17; Listed on Paterson's official Registered Abandoned Properties (RAP) inventory per Ordinance 14-004.",""
"106 N Main St, Paterson, NJ 07522","40.926199","-74.170058","Paterson","NJ","07522","RESIDENTIAL","ABANDONED","SEAMAN,STEVE V.","","https://www.google.com/maps/place/106+N+Main+St,+Paterson,+NJ+07522/@40.926198891361,-74.170058316349,19z","https://www.patersonnj.gov/eGov/apps/document/center.egov?view=item&id=1971","Paterson RAP RAP01550; Ward 1; Block 215 Lot 10; Listed on Paterson's official Registered Abandoned Properties (RAP) inventory per Ordinance 14-004.",""
"112 N Main St, Paterson, NJ 07522","40.926380","-74.169930","Paterson","NJ","07522","RESIDENTIAL","ABANDONED","TRM MANAGEMENT & DEVELOPMENT OF NJ.","","https://www.google.com/maps/place/112+N+Main+St,+Paterson,+NJ+07522/@40.926379857491,-74.16992955199,19z","https://www.patersonnj.gov/eGov/apps/document/center.egov?view=item&id=1971","Paterson RAP RAP00053; Ward 1; Block 215 Lot 13; Listed on Paterson's official Registered Abandoned Properties (RAP) inventory per Ordinance 14-004.",""
"69 Holsman St, Paterson, NJ 07522","40.926720","-74.168789","Paterson","NJ","07522","RESIDENTIAL","ABANDONED","BYRD,JAMES","","https://www.google.com/maps/place/69+Holsman+St,+Paterson,+NJ+07522/@40.926719606415,-74.168789147156,19z","https://www.patersonnj.gov/eGov/apps/document/center.egov?view=item&id=1971","Paterson RAP RAP00026; Ward 1; Block 215 Lot 23; Listed on Paterson's official Registered Abandoned Properties (RAP) inventory per Ordinance 14-004.",""
"63 Holsman St, Paterson, NJ 07522","40.926515","-74.168939","Paterson","NJ","07522","RESIDENTIAL","ABANDONED","SINGLETARY,DARLINE","","https://www.google.com/maps/place/63+Holsman+St,+Paterson,+NJ+07522/@40.926514857633,-74.168939376977,19z","https://www.patersonnj.gov/eGov/apps/document/center.egov?view=item&id=1971","Paterson RAP RAP00257; Ward 1; Block 215 Lot 26; Listed on Paterson's official Registered Abandoned Properties (RAP) inventory per Ordinance 14-004.",""
"59 Holsman St, Paterson, NJ 07522","40.926405","-74.169018","Paterson","NJ","07522","RESIDENTIAL","ABANDONED","AYAD,OMAR","","https://www.google.com/maps/place/59+Holsman+St,+Paterson,+NJ+07522/@40.926405375625,-74.169018447315,19z","https://www.patersonnj.gov/eGov/apps/document/center.egov?view=item&id=1971","Paterson RAP RAP00025; Ward 1; Block 215 Lot 28; Listed on Paterson's official Registered Abandoned Properties (RAP) inventory per Ordinance 14-004.",""
"47 Holsman St, Paterson, NJ 07522","40.926077","-74.169256","Paterson","NJ","07522","RESIDENTIAL","ABANDONED","JOHNSON,TOM & A.K.A JOHNSON,THOMAS","","https://www.google.com/maps/place/47+Holsman+St,+Paterson,+NJ+07522/@40.926076929603,-74.169255658327,19z","https://www.patersonnj.gov/eGov/apps/document/center.egov?view=item&id=1971","Paterson RAP RAP00022; Ward 1; Block 215 Lot 35; Listed on Paterson's official Registered Abandoned Properties (RAP) inventory per Ordinance 14-004.",""
"29 Holsman St, Paterson, NJ 07522","40.925537","-74.169660","Paterson","NJ","07522","RESIDENTIAL","ABANDONED","ST DEVELOPERS LLC","","https://www.google.com/maps/place/29+Holsman+St,+Paterson,+NJ+07522/@40.925536814235,-74.169660379928,19z","https://www.patersonnj.gov/eGov/apps/document/center.egov?view=item&id=1971","Paterson RAP RAP00021; Ward 1; Block 215 Lot 43; Listed on Paterson's official Registered Abandoned Properties (RAP) inventory per Ordinance 14-004.",""
"30-32 Stout St, Paterson, NJ 07522","40.925383","-74.169993","Paterson","NJ","07522","RESIDENTIAL","ABANDONED","HARNESS HOMES GROUP,LLC","","https://www.google.com/maps/place/30-32+Stout+St,+Paterson,+NJ+07522/@40.925383333514,-74.169993233458,19z","https://www.patersonnj.gov/eGov/apps/document/center.egov?view=item&id=1971","Paterson RAP RAP00063; Ward 1; Block 215 Lot 45; Listed on Paterson's official Registered Abandoned Properties (RAP) inventory per Ordinance 14-004.",""
"34 Stout St, Paterson, NJ 07522","40.925396","-74.170023","Paterson","NJ","07522","RESIDENTIAL","ABANDONED","NJ- MR ASSOCIATES, LLC","","https://www.google.com/maps/place/34+Stout+St,+Paterson,+NJ+07522/@40.925395868324,-74.17002261191,19z","https://www.patersonnj.gov/eGov/apps/document/center.egov?view=item&id=1971","Paterson RAP RAP00064; Ward 1; Block 215 Lot 46; Listed on Paterson's official Registered Abandoned Properties (RAP) inventory per Ordinance 14-004.",""
"52-54 Holsman St, Paterson, NJ 07522","40.926123","-74.169050","Paterson","NJ","07522","RESIDENTIAL","ABANDONED","SAPP,KATHLEEN","","https://www.google.com/maps/place/52-54+Holsman+St,+Paterson,+NJ+07522/@40.926123100021,-74.169049537088,19z","https://www.patersonnj.gov/eGov/apps/document/center.egov?view=item&id=1971","Paterson RAP RAP00024; Ward 1; Block 218 Lot 5; Listed on Paterson's official Registered Abandoned Properties (RAP) inventory per Ordinance 14-004.",""
"281 Presidential Blvd, Paterson, NJ 07522","40.925407","-74.168321","Paterson","NJ","07522","RESIDENTIAL","ABANDONED","COLLIE,JOAN","","https://www.google.com/maps/place/281+Presidential+Blvd,+Paterson,+NJ+07522/@40.925406953306,-74.168321399311,19z","https://www.patersonnj.gov/eGov/apps/document/center.egov?view=item&id=1971","Paterson RAP RAP00062; Ward 1; Block 218 Lot 18; Listed on Paterson's official Registered Abandoned Properties (RAP) inventory per Ordinance 14-004.",""
"216-218 Presidential Blvd, Paterson, NJ 07522","40.923996","-74.170346","Paterson","NJ","07522","RESIDENTIAL","ABANDONED","PRESCOTI,MARTHA &CLYDE,BENJAMIN JR","","https://www.google.com/maps/place/216-218+Presidential+Blvd,+Paterson,+NJ+07522/@40.923996395074,-74.170346393012,19z","https://www.patersonnj.gov/eGov/apps/document/center.egov?view=item&id=1971","Paterson RAP RAP00061; Ward 1; Block 220 Lot 1; Listed on Paterson's official Registered Abandoned Properties (RAP) inventory per Ordinance 14-004.",""
"13-15 N 5th St, Paterson, NJ 07522","40.925922","-74.178376","Paterson","NJ","07522","RESIDENTIAL","ABANDONED","MODAFFERI,ROSE M.% MODAFFERI,FRANK","","https://www.google.com/maps/place/13-15+N+5th+St,+Paterson,+NJ+07522/@40.925921677134,-74.178376056288,19z","https://www.patersonnj.gov/eGov/apps/document/center.egov?view=item&id=1971","Paterson RAP RAP01318; Ward 1; Block 302 Lot 12; Listed on Paterson's official Registered Abandoned Properties (RAP) inventory per Ordinance 14-004.",""
"9 N 5th St, Paterson, NJ 07522","40.925824","-74.178528","Paterson","NJ","07522","RESIDENTIAL","ABANDONED","9 N5TH ASSOCIATES,LLC","","https://www.google.com/maps/place/9+N+5th+St,+Paterson,+NJ+07522/@40.925823944627,-74.178527853581,19z","https://www.patersonnj.gov/eGov/apps/document/center.egov?view=item&id=1971","Paterson RAP RAP01294; Ward 1; Block 302 Lot 14; Listed on Paterson's official Registered Abandoned Properties (RAP) inventory per Ordinance 14-004.",""
"125-127 Temple St, Paterson, NJ 07522","40.926360","-74.177025","Paterson","NJ","07522","RESIDENTIAL","ABANDONED","RIOS,NYDIA & LOPEZ,PEDRO H/W","","https://www.google.com/maps/place/125-127+Temple+St,+Paterson,+NJ+07522/@40.926359655784,-74.177025346691,19z","https://www.patersonnj.gov/eGov/apps/document/center.egov?view=item&id=1971","Paterson RAP RAP00317; Ward 1; Block 303 Lot 4; Listed on Paterson's official Registered Abandoned Properties (RAP) inventory per Ordinance 14-004.",""
"PT31-PT33 N 4th St, Paterson, NJ 07522","40.930829","-74.170284","Paterson","NJ","07522","RESIDENTIAL","ABANDONED","LEMMON,KIA","","https://www.google.com/maps/place/PT31-PT33+N+4th+St,+Paterson,+NJ+07522/@40.930829058163,-74.170284329132,19z","https://www.patersonnj.gov/eGov/apps/document/center.egov?view=item&id=1971","Paterson RAP RAP00162; Ward 1; Block 303 Lot 6; Listed on Paterson's official Registered Abandoned Properties (RAP) inventory per Ordinance 14-004.",""
"27-29 N 3rd St, Paterson, NJ 07522","40.925476","-74.175995","Paterson","NJ","07522","RESIDENTIAL","ABANDONED","LARA,IBELIS & COLON,JOORGE","","https://www.google.com/maps/place/27-29+N+3rd+St,+Paterson,+NJ+07522/@40.925475892895,-74.175994753723,19z","https://www.patersonnj.gov/eGov/apps/document/center.egov?view=item&id=1971","Paterson RAP RAP00158; Ward 1; Block 304 Lot 7; Listed on Paterson's official Registered Abandoned Properties (RAP) inventory per Ordinance 14-004.",""
"11 N 3rd St, Paterson, NJ 07522","40.925106","-74.176793","Paterson","NJ","07522","RESIDENTIAL","ABANDONED","NER JERSEY HOUSING MORTGAGE FINANCE","","https://www.google.com/maps/place/11+N+3rd+St,+Paterson,+NJ+07522/@40.925105781344,-74.176793238851,19z","https://www.patersonnj.gov/eGov/apps/document/center.egov?view=item&id=1971","Paterson RAP RAP00288; Ward 1; Block 304 Lot 14; Listed on Paterson's official Registered Abandoned Properties (RAP) inventory per Ordinance 14-004.",""
"10 N 4th St, Paterson, NJ 07522","40.930681","-74.170266","Paterson","NJ","07522","RESIDENTIAL","ABANDONED","CARABETTA,PATRICIA","","https://www.google.com/maps/place/10+N+4th+St,+Paterson,+NJ+07522/@40.930681491485,-74.170265793941,19z","https://www.patersonnj.gov/eGov/apps/document/center.egov?view=item&id=1971","Paterson RAP RAP00161; Ward 1; Block 304 Lot 23; Listed on Paterson's official Registered Abandoned Properties (RAP) inventory per Ordinance 14-004.",""
"16-18 N 4th St, Paterson, NJ 07522","40.930698","-74.170244","Paterson","NJ","07522","RESIDENTIAL","ABANDONED","QUEEN'S PARK OVAL ASSET HOLDING T","","https://www.google.com/maps/place/16-18+N+4th+St,+Paterson,+NJ+07522/@40.930698052097,-74.170243713127,19z","https://www.patersonnj.gov/eGov/apps/document/center.egov?view=item&id=1971","Paterson RAP RAP00289; Ward 1; Block 304 Lot 25; Listed on Paterson's official Registered Abandoned Properties (RAP) inventory per Ordinance 14-004.",""
"85 Temple St, Paterson, NJ 07522","40.925393","-74.175900","Paterson","NJ","07522","RESIDENTIAL","ABANDONED","BARNES,RICH","","https://www.google.com/maps/place/85+Temple+St,+Paterson,+NJ+07522/@40.925393150278,-74.175900373182,19z","https://www.patersonnj.gov/eGov/apps/document/center.egov?view=item&id=1971","Paterson RAP RAP00163; Ward 1; Block 305 Lot 4; Listed on Paterson's official Registered Abandoned Properties (RAP) inventory per Ordinance 14-004.",""
"34 N 3rd St, Paterson, NJ 07522","40.924548","-74.177369","Paterson","NJ","07522","RESIDENTIAL","ABANDONED","LARA, ANDRES A.","","https://www.google.com/maps/place/34+N+3rd+St,+Paterson,+NJ+07522/@40.924548245511,-74.177369244092,19z","https://www.patersonnj.gov/eGov/apps/document/center.egov?view=item&id=1971","Paterson RAP RAP00827; Ward 1; Block 305 Lot 17; Listed on Paterson's official Registered Abandoned Properties (RAP) inventory per Ordinance 14-004.",""
"58-62 N 3rd St, Paterson, NJ 07522","40.925873","-74.175394","Paterson","NJ","07522","RESIDENTIAL","ABANDONED","BRUGI VENTURES,LLC","","https://www.google.com/maps/place/58-62+N+3rd+St,+Paterson,+NJ+07522/@40.925872942981,-74.175393886123,19z","https://www.patersonnj.gov/eGov/apps/document/center.egov?view=item&id=1971","Paterson RAP RAP00171; Ward 1; Block 410 Lot 5; Listed on Paterson's official Registered Abandoned Properties (RAP) inventory per Ordinance 14-004.",""
"48 N 3rd St, Paterson, NJ 07522","40.925551","-74.175880","Paterson","NJ","07522","RESIDENTIAL","ABANDONED","VARGAS,GLORIA","","https://www.google.com/maps/place/48+N+3rd+St,+Paterson,+NJ+07522/@40.925551347737,-74.175879975472,19z","https://www.patersonnj.gov/eGov/apps/document/center.egov?view=item&id=1971","Paterson RAP RAP01293; Ward 1; Block 410 Lot 12; Listed on Paterson's official Registered Abandoned Properties (RAP) inventory per Ordinance 14-004.",""
"13-15 N Straight St, Paterson, NJ 07522","40.926487","-74.166609","Paterson","NJ","07522","RESIDENTIAL","ABANDONED","ROSADO,HECTOR SR & MONET, MIRIAM","","https://www.google.com/maps/place/13-15+N+Straight+St,+Paterson,+NJ+07522/@40.926487065391,-74.166609333722,19z","https://www.patersonnj.gov/eGov/apps/document/center.egov?view=item&id=1971","Paterson RAP RAP00059; Ward 1; Block 125 Lot 3; Listed on Paterson's official Registered Abandoned Properties (RAP) inventory per Ordinance 14-004.",""
"291 Presidential Blvd, Paterson, NJ 07522","40.925546","-74.168098","Paterson","NJ","07522","RESIDENTIAL","ABANDONED","ROBINSON,MADELINE","","https://www.google.com/maps/place/291+Presidential+Blvd,+Paterson,+NJ+07522/@40.925546024489,-74.16809814859,19z","https://www.patersonnj.gov/eGov/apps/document/center.egov?view=item&id=1971","Paterson RAP RAP00306; Ward 1; Block 218 Lot 13; Listed on Paterson's official Registered Abandoned Properties (RAP) inventory per Ordinance 14-004.",""
"204 N 1st St, Paterson, NJ 07522","40.929976","-74.167647","Paterson","NJ","07522","RESIDENTIAL","ABANDONED","HARPER,KELLY R.& HARPER,LARRY","","https://www.google.com/maps/place/204+N+1st+St,+Paterson,+NJ+07522/@40.929976061412,-74.167646538294,19z","https://www.patersonnj.gov/eGov/apps/document/center.egov?view=item&id=1971","Paterson RAP RAP01372; Ward 1; Block 118 Lot 33; Listed on Paterson's official Registered Abandoned Properties (RAP) inventory per Ordinance 14-004.",""
"218 N 1st St, Paterson, NJ 07522","40.930013","-74.167440","Paterson","NJ","07522","RESIDENTIAL","ABANDONED","FEDERAL NATIONAL MORTGAGE ASSOCI.","","https://www.google.com/maps/place/218+N+1st+St,+Paterson,+NJ+07522/@40.930012665986,-74.167440105507,19z","https://www.patersonnj.gov/eGov/apps/document/center.egov?view=item&id=1971","Paterson RAP RAP00287; Ward 1; Block 118 Lot 40; Listed on Paterson's official Registered Abandoned Properties (RAP) inventory per Ordinance 14-004.",""
"26-28 Bergen St, Paterson, NJ 07522","40.928889","-74.166494","Paterson","NJ","07522","RESIDENTIAL","ABANDONED","BATISTA,SANORA","","https://www.google.com/maps/place/26-28+Bergen+St,+Paterson,+NJ+07522/@40.928888805337,-74.166494297249,19z","https://www.patersonnj.gov/eGov/apps/document/center.egov?view=item&id=1971","Paterson RAP RAP00071; Ward 1; Block 119 Lot 11; Listed on Paterson's official Registered Abandoned Properties (RAP) inventory per Ordinance 14-004.",""
"50 Bergen St, Paterson, NJ 07522","40.928794","-74.167036","Paterson","NJ","07522","RESIDENTIAL","ABANDONED","FERNANDEZ, CHRISTIAN MARTIN","","https://www.google.com/maps/place/50+Bergen+St,+Paterson,+NJ+07522/@40.928794023254,-74.167035608302,19z","https://www.patersonnj.gov/eGov/apps/document/center.egov?view=item&id=1971","Paterson RAP RAP00074; Ward 1; Block 119 Lot 21; Listed on Paterson's official Registered Abandoned Properties (RAP) inventory per Ordinance 14-004.",""
"52 Bergen St, Paterson, NJ 07522","40.928786","-74.167081","Paterson","NJ","07522","RESIDENTIAL","ABANDONED","COBRERA, RICHARD","","https://www.google.com/maps/place/52+Bergen+St,+Paterson,+NJ+07522/@40.928786124748,-74.167080717556,19z","https://www.patersonnj.gov/eGov/apps/document/center.egov?view=item&id=1971","Paterson RAP RAP00075; Ward 1; Block 119 Lot 22; Listed on Paterson's official Registered Abandoned Properties (RAP) inventory per Ordinance 14-004.",""
"141 E Holsman St, Paterson, NJ 07522","40.928177","-74.166512","Paterson","NJ","07522","RESIDENTIAL","ABANDONED","GORGA,CHRISTOPHER & GORGA,RAYNA H/W","","https://www.google.com/maps/place/141+E+Holsman+St,+Paterson,+NJ+07522/@40.928177107695,-74.166512051735,19z","https://www.patersonnj.gov/eGov/apps/document/center.egov?view=item&id=1971","Paterson RAP RAP00247; Ward 1; Block 120 Lot 7; Listed on Paterson's official Registered Abandoned Properties (RAP) inventory per Ordinance 14-004.",""
"115 E Holsman St, Paterson, NJ 07522","40.928079","-74.167096","Paterson","NJ","07522","RESIDENTIAL","ABANDONED","HAROLD,KATHERINE","","https://www.google.com/maps/place/115+E+Holsman+St,+Paterson,+NJ+07522/@40.928079051039,-74.167095961768,19z","https://www.patersonnj.gov/eGov/apps/document/center.egov?view=item&id=1971","Paterson RAP RAP00078; Ward 1; Block 120 Lot 17; Listed on Paterson's official Registered Abandoned Properties (RAP) inventory per Ordinance 14-004.",""
"113 E Holsman St, Paterson, NJ 07522","40.928056","-74.167227","Paterson","NJ","07522","RESIDENTIAL","ABANDONED","DAREIA PROPERTIES, LLC","","https://www.google.com/maps/place/113+E+Holsman+St,+Paterson,+NJ+07522/@40.928056383426,-74.167226546944,19z","https://www.patersonnj.gov/eGov/apps/document/center.egov?view=item&id=1971","Paterson RAP RAP00077; Ward 1; Block 120 Lot 18; Listed on Paterson's official Registered Abandoned Properties (RAP) inventory per Ordinance 14-004.",""
"62 E Main St, Paterson, NJ 07522","40.927419","-74.167886","Paterson","NJ","07522","RESIDENTIAL","ABANDONED","HAROLD,KATHERINE","","https://www.google.com/maps/place/62+E+Main+St,+Paterson,+NJ+07522/@40.927419280501,-74.167886482544,19z","https://www.patersonnj.gov/eGov/apps/document/center.egov?view=item&id=1971","Paterson RAP RAP00085; Ward 1; Block 120 Lot 20; Listed on Paterson's official Registered Abandoned Properties (RAP) inventory per Ordinance 14-004.",""
"17 Bergen St, Paterson, NJ 07522","40.928810","-74.166272","Paterson","NJ","07522","RESIDENTIAL","ABANDONED","EGIPCIACO,NICOLE","","https://www.google.com/maps/place/17+Bergen+St,+Paterson,+NJ+07522/@40.92881005661,-74.166272252262,19z","https://www.patersonnj.gov/eGov/apps/document/center.egov?view=item&id=1971","Paterson RAP RAP00070; Ward 1; Block 120 Lot 40; Listed on Paterson's official Registered Abandoned Properties (RAP) inventory per Ordinance 14-004.",""
"6 Watson St, Paterson, NJ 07522","40.927578","-74.165941","Paterson","NJ","07522","RESIDENTIAL","ABANDONED","DEL RIO, ANTONIO,& CARMEN H/W","","https://www.google.com/maps/place/6+Watson+St,+Paterson,+NJ+07522/@40.927577895925,-74.165940886628,19z","https://www.patersonnj.gov/eGov/apps/document/center.egov?view=item&id=1971","Paterson RAP RAP00145; Ward 1; Block 121 Lot 3; Listed on Paterson's official Registered Abandoned Properties (RAP) inventory per Ordinance 14-004.",""
"22 Watson St, Paterson, NJ 07522","40.927467","-74.166537","Paterson","NJ","07522","RESIDENTIAL","ABANDONED","IRIZARRY, TIBURCIO & YOLANDA H/W","","https://www.google.com/maps/place/22+Watson+St,+Paterson,+NJ+07522/@40.927466913359,-74.166537417966,19z","https://www.patersonnj.gov/eGov/apps/document/center.egov?view=item&id=1971","Paterson RAP RAP00147; Ward 1; Block 121 Lot 10; Listed on Paterson's official Registered Abandoned Properties (RAP) inventory per Ordinance 14-004.",""
"24 Watson St, Paterson, NJ 07522","40.927453","-74.166612","Paterson","NJ","07522","RESIDENTIAL","ABANDONED","QUEEN'S PARK OVAL ASSET HOLDING T","","https://www.google.com/maps/place/24+Watson+St,+Paterson,+NJ+07522/@40.927453040538,-74.166611984383,19z","https://www.patersonnj.gov/eGov/apps/document/center.egov?view=item&id=1971","Paterson RAP RAP00322; Ward 1; Block 121 Lot 11; Listed on Paterson's official Registered Abandoned Properties (RAP) inventory per Ordinance 14-004.",""
"30 Watson St, Paterson, NJ 07522","40.927415","-74.166819","Paterson","NJ","07522","RESIDENTIAL","ABANDONED","30 WATSON, LLC","","https://www.google.com/maps/place/30+Watson+St,+Paterson,+NJ+07522/@40.927414785534,-74.166818710489,19z","https://www.patersonnj.gov/eGov/apps/document/center.egov?view=item&id=1971","Paterson RAP RAP00133; Ward 1; Block 122 Lot 3; Listed on Paterson's official Registered Abandoned Properties (RAP) inventory per Ordinance 14-004.",""
"34 Watson St, Paterson, NJ 07522","40.927404","-74.166878","Paterson","NJ","07522","RESIDENTIAL","ABANDONED","WATSON REALTY LLC","","https://www.google.com/maps/place/34+Watson+St,+Paterson,+NJ+07522/@40.927403795772,-74.166878275005,19z","https://www.patersonnj.gov/eGov/apps/document/center.egov?view=item&id=1971","Paterson RAP RAP00150; Ward 1; Block 122 Lot 5; Listed on Paterson's official Registered Abandoned Properties (RAP) inventory per Ordinance 14-004.",""
"Pt. 46 E Main St, Paterson, NJ 07522","40.927338","-74.167863","Paterson","NJ","07522","RESIDENTIAL","ABANDONED","MCDUFFIE, RONALD E.","","https://www.google.com/maps/place/Pt.+46+E+Main+St,+Paterson,+NJ+07522/@40.927338377517,-74.167862511298,19z","https://www.patersonnj.gov/eGov/apps/document/center.egov?view=item&id=1971","Paterson RAP RAP00515; Ward 1; Block 122 Lot 14; Listed on Paterson's official Registered Abandoned Properties (RAP) inventory per Ordinance 14-004.",""
"1 T 46-48 E Main St, Paterson, NJ 07522","40.927348","-74.167866","Paterson","NJ","07522","RESIDENTIAL","ABANDONED","MARTINEZ,JOSE","","https://www.google.com/maps/place/1+T+46-48+E+Main+St,+Paterson,+NJ+07522/@40.92734849039,-74.167865507703,19z","https://www.patersonnj.gov/eGov/apps/document/center.egov?view=item&id=1971","Paterson RAP RAP01196; Ward 1; Block 122 Lot 15; Listed on Paterson's official Registered Abandoned Properties (RAP) inventory per Ordinance 14-004.",""
"112 E Holsman St, Paterson, NJ 07522","40.927918","-74.167349","Paterson","NJ","07522","RESIDENTIAL","ABANDONED","1472 PATERSON,LLC","","https://www.google.com/maps/place/112+E+Holsman+St,+Paterson,+NJ+07522/@40.927917500431,-74.167349287781,19z","https://www.patersonnj.gov/eGov/apps/document/center.egov?view=item&id=1971","Paterson RAP RAP00076; Ward 1; Block 122 Lot 23; Listed on Paterson's official Registered Abandoned Properties (RAP) inventory per Ordinance 14-004.",""
"116 E Holsman St, Paterson, NJ 07522","40.927954","-74.167140","Paterson","NJ","07522","RESIDENTIAL","ABANDONED","KENNETH, TIMOTHY","","https://www.google.com/maps/place/116+E+Holsman+St,+Paterson,+NJ+07522/@40.927953768613,-74.167140351499,19z","https://www.patersonnj.gov/eGov/apps/document/center.egov?view=item&id=1971","Paterson RAP RAP00079; Ward 1; Block 122 Lot 25; Listed on Paterson's official Registered Abandoned Properties (RAP) inventory per Ordinance 14-004.",""
"15 Watson St, Paterson, NJ 07522","40.927405","-74.166234","Paterson","NJ","07522","RESIDENTIAL","ABANDONED","STEWART,ROBIN","","https://www.google.com/maps/place/15+Watson+St,+Paterson,+NJ+07522/@40.927405356831,-74.166233957561,19z","https://www.patersonnj.gov/eGov/apps/document/center.egov?view=item&id=1971","Paterson RAP RAP01085; Ward 1; Block 123 Lot 5; Listed on Paterson's official Registered Abandoned Properties (RAP) inventory per Ordinance 14-004.",""
"10-12 N Bridge St, Paterson, NJ 07522","40.926951","-74.166456","Paterson","NJ","07522","RESIDENTIAL","ABANDONED","CHRISTIANA TRUST","","https://www.google.com/maps/place/10-12+N+Bridge+St,+Paterson,+NJ+07522/@40.926951196931,-74.16645637844,19z","https://www.patersonnj.gov/eGov/apps/document/center.egov?view=item&id=1971","Paterson RAP RAP01319; Ward 1; Block 123 Lot 11; Listed on Paterson's official Registered Abandoned Properties (RAP) inventory per Ordinance 14-004.",""
"39 Watson St, Paterson, NJ 07522","40.927281","-74.166902","Paterson","NJ","07522","RESIDENTIAL","ABANDONED","ULLOA,DOMERICA","","https://www.google.com/maps/place/39+Watson+St,+Paterson,+NJ+07522/@40.927281485928,-74.16690185972,19z","https://www.patersonnj.gov/eGov/apps/document/center.egov?view=item&id=1971","Paterson RAP RAP00153; Ward 1; Block 124 Lot 15; Listed on Paterson's official Registered Abandoned Properties (RAP) inventory per Ordinance 14-004.",""
"35 Watson St, Paterson, NJ 07522","40.927292","-74.166842","Paterson","NJ","07522","RESIDENTIAL","ABANDONED","NEWELL,DAN","","https://www.google.com/maps/place/35+Watson+St,+Paterson,+NJ+07522/@40.92729247569,-74.166842295205,19z","https://www.patersonnj.gov/eGov/apps/document/center.egov?view=item&id=1971","Paterson RAP RAP00151; Ward 1; Block 124 Lot 17; Listed on Paterson's official Registered Abandoned Properties (RAP) inventory per Ordinance 14-004.",""
"33 Watson St, Paterson, NJ 07522","40.927298","-74.166813","Paterson","NJ","07522","RESIDENTIAL","ABANDONED","MD MASUD KAZI","","https://www.google.com/maps/place/33+Watson+St,+Paterson,+NJ+07522/@40.927297970571,-74.166812512947,19z","https://www.patersonnj.gov/eGov/apps/document/center.egov?view=item&id=1971","Paterson RAP RAP00149; Ward 1; Block 124 Lot 18; Listed on Paterson's official Registered Abandoned Properties (RAP) inventory per Ordinance 14-004.",""
"186-188 Preakness Ave, Paterson, NJ 07502","40.917274","-74.189072","Paterson","NJ","07502","RESIDENTIAL","ABANDONED","CRUZ,JESUS","","https://www.google.com/maps/place/186-188+Preakness+Ave,+Paterson,+NJ+07502/@40.917273579471,-74.189072300532,19z","https://www.patersonnj.gov/eGov/apps/document/center.egov?view=item&id=1971","Paterson RAP RAP01106; Ward 1; Block 1310 Lot 45; Listed on Paterson's official Registered Abandoned Properties (RAP) inventory per Ordinance 14-004.",""
"23-25 Hillman St, Paterson, NJ 07522","40.929492","-74.166391","Paterson","NJ","07522","RESIDENTIAL","ABANDONED","JEFFERSON, BRIAN & JOANN H/W","","https://www.google.com/maps/place/23-25+Hillman+St,+Paterson,+NJ+07522/@40.929491788518,-74.166390699867,19z","https://www.patersonnj.gov/eGov/apps/document/center.egov?view=item&id=1971","Paterson RAP RAP00099; Ward 1; Block 119 Lot 44; Listed on Paterson's official Registered Abandoned Properties (RAP) inventory per Ordinance 14-004.",""
"18 N Straight St, Paterson, NJ 07522","40.926649","-74.167136","Paterson","NJ","07522","RESIDENTIAL","ABANDONED","FRATICELLI, MARIA","","https://www.google.com/maps/place/18+N+Straight+St,+Paterson,+NJ+07522/@40.926648630014,-74.167135835539,19z","https://www.patersonnj.gov/eGov/apps/document/center.egov?view=item&id=1971","Paterson RAP RAP00140; Ward 1; Block 124 Lot 7; Listed on Paterson's official Registered Abandoned Properties (RAP) inventory per Ordinance 14-004.",""
"165-167 Temple St, Paterson, NJ 07522","40.927220","-74.178024","Paterson","NJ","07522","RESIDENTIAL","ABANDONED","RODRIGUEZ,EUNICE & DURAN,ANA","","https://www.google.com/maps/place/165-167+Temple+St,+Paterson,+NJ+07522/@40.927220305009,-74.178023765703,19z","https://www.patersonnj.gov/eGov/apps/document/center.egov?view=item&id=1971","Paterson RAP RAP00803; Ward 1; Block 301 Lot 4; Listed on Paterson's official Registered Abandoned Properties (RAP) inventory per Ordinance 14-004.",""
"76-78 Belmont Ave, Paterson, NJ 07522","40.926636","-74.179252","Paterson","NJ","07522","RESIDENTIAL","ABANDONED","RODRIGUEZ,RAMON & JANETI H/W","","https://www.google.com/maps/place/76-78+Belmont+Ave,+Paterson,+NJ+07522/@40.926636285331,-74.179252480578,19z","https://www.patersonnj.gov/eGov/apps/document/center.egov?view=item&id=1971","Paterson RAP RAP01276; Ward 1; Block 301 Lot 14; Listed on Paterson's official Registered Abandoned Properties (RAP) inventory per Ordinance 14-004.",""
"82 Belmont Ave, Paterson, NJ 07522","40.926841","-74.179253","Paterson","NJ","07522","RESIDENTIAL","ABANDONED","ROSSI,VINCENT","","https://www.google.com/maps/place/82+Belmont+Ave,+Paterson,+NJ+07522/@40.92684103343,-74.17925309269,19z","https://www.patersonnj.gov/eGov/apps/document/center.egov?view=item&id=1971","Paterson RAP RAP00164; Ward 1; Block 301 Lot 16; Listed on Paterson's official Registered Abandoned Properties (RAP) inventory per Ordinance 14-004.",""
"68 N 7th St, Paterson, NJ 07522","40.927394","-74.178828","Paterson","NJ","07522","RESIDENTIAL","ABANDONED","DELGADO,GLADYS","","https://www.google.com/maps/place/68+N+7th+St,+Paterson,+NJ+07522/@40.92739435297,-74.178828319629,19z","https://www.patersonnj.gov/eGov/apps/document/center.egov?view=item&id=1971","Paterson RAP RAP00772; Ward 1; Block 301 Lot 22; Listed on Paterson's official Registered Abandoned Properties (RAP) inventory per Ordinance 14-004.",""
"17 N 5th St, Paterson, NJ 07522","40.926019","-74.178226","Paterson","NJ","07522","RESIDENTIAL","ABANDONED","ARRICK,STACY & ARRICK,BRIDGET H/W","","https://www.google.com/maps/place/17+N+5th+St,+Paterson,+NJ+07522/@40.926018565149,-74.17822595487,19z","https://www.patersonnj.gov/eGov/apps/document/center.egov?view=item&id=1971","Paterson RAP RAP01088; Ward 1; Block 302 Lot 11; Listed on Paterson's official Registered Abandoned Properties (RAP) inventory per Ordinance 14-004.",""
"28 N 6th St, Paterson, NJ 07522","40.926742","-74.178381","Paterson","NJ","07522","RESIDENTIAL","ABANDONED","MAMARYLLC","","https://www.google.com/maps/place/28+N+6th+St,+Paterson,+NJ+07522/@40.926742449687,-74.178381436091,19z","https://www.patersonnj.gov/eGov/apps/document/center.egov?view=item&id=1971","Paterson RAP RAP01204; Ward 1; Block 302 Lot 27; Listed on Paterson's official Registered Abandoned Properties (RAP) inventory per Ordinance 14-004.",""
"30 N 6th St, Paterson, NJ 07522","40.926784","-74.178316","Paterson","NJ","07522","RESIDENTIAL","ABANDONED","AHMED,MOHAMMED","","https://www.google.com/maps/place/30+N+6th+St,+Paterson,+NJ+07522/@40.926784386789,-74.178316092238,19z","https://www.patersonnj.gov/eGov/apps/document/center.egov?view=item&id=1971","Paterson RAP RAP01201; Ward 1; Block 302 Lot 28; Listed on Paterson's official Registered Abandoned Properties (RAP) inventory per Ordinance 14-004.",""
"111 N 6th St, Paterson, NJ 07508","40.930678","-74.173206","Paterson","NJ","07508","RESIDENTIAL","ABANDONED","VELASQUZ,EDWIN GUILLEN","","https://www.google.com/maps/place/111+N+6th+St,+Paterson,+NJ+07508/@40.930677596361,-74.173205504404,19z","https://www.patersonnj.gov/eGov/apps/document/center.egov?view=item&id=1971","Paterson RAP RAP00681; Ward 1; Block 406 Lot 5; Listed on Paterson's official Registered Abandoned Properties (RAP) inventory per Ordinance 14-004.",""
"150 N 7th St, Paterson, NJ 07522","40.929161","-74.176168","Paterson","NJ","07522","RESIDENTIAL","ABANDONED","HENRY,SANDRA","","https://www.google.com/maps/place/150+N+7th+St,+Paterson,+NJ+07522/@40.929161180244,-74.176168168464,19z","https://www.patersonnj.gov/eGov/apps/document/center.egov?view=item&id=1971","Paterson RAP RAP01389; Ward 1; Block 406 Lot 24; Listed on Paterson's official Registered Abandoned Properties (RAP) inventory per Ordinance 14-004.",""
"107-109 N 5th St, Paterson, NJ 07522","40.928036","-74.175233","Paterson","NJ","07522","RESIDENTIAL","ABANDONED","CAPITAL ONE,N.A.","","https://www.google.com/maps/place/107-109+N+5th+St,+Paterson,+NJ+07522/@40.928035637149,-74.175232791799,19z","https://www.patersonnj.gov/eGov/apps/document/center.egov?view=item&id=1971","Paterson RAP RAP01346; Ward 1; Block 407 Lot 4; Listed on Paterson's official Registered Abandoned Properties (RAP) inventory per Ordinance 14-004.",""
"109 North 4th St, Paterson, NJ 07522","40.931039","-74.170005","Paterson","NJ","07522","RESIDENTIAL","ABANDONED","ESTRELLA,ADALBERTO","","https://www.google.com/maps/place/109+North+4th+St,+Paterson,+NJ+07522/@40.931038825907,-74.170004638815,19z","https://www.patersonnj.gov/eGov/apps/document/center.egov?view=item&id=1971","Paterson RAP RAP01089; Ward 1; Block 408 Lot 5; Listed on Paterson's official Registered Abandoned Properties (RAP) inventory per Ordinance 14-004.",""
"91 N 4th St, Paterson, NJ 07522","40.930989","-74.170071","Paterson","NJ","07522","RESIDENTIAL","ABANDONED","WILLIAMS,TRELL","","https://www.google.com/maps/place/91+N+4th+St,+Paterson,+NJ+07522/@40.930989144073,-74.170070881259,19z","https://www.patersonnj.gov/eGov/apps/document/center.egov?view=item&id=1971","Paterson RAP RAP00180; Ward 1; Block 408 Lot 11; Listed on Paterson's official Registered Abandoned Properties (RAP) inventory per Ordinance 14-004.",""
"116-118 N 4th St, Paterson, NJ 07522","40.930974","-74.169876","Paterson","NJ","07522","RESIDENTIAL","ABANDONED","DURAN,HUASCAR & CAMPOS,TERESA","","https://www.google.com/maps/place/116-118+N+4th+St,+Paterson,+NJ+07522/@40.930974062286,-74.169875699553,19z","https://www.patersonnj.gov/eGov/apps/document/center.egov?view=item&id=1971","Paterson RAP RAP01383; Ward 1; Block 409 Lot 1; Listed on Paterson's official Registered Abandoned Properties (RAP) inventory per Ordinance 14-004.",""
"95 N. 3rd Street, Paterson, NJ 07522","40.926947","-74.174010","Paterson","NJ","07522","RESIDENTIAL","ABANDONED","POGGI,MIGUEL A. & KARINA","","https://www.google.com/maps/place/95+N.+3rd+Street,+Paterson,+NJ+07522/@40.926946864128,-74.174010132577,19z","https://www.patersonnj.gov/eGov/apps/document/center.egov?view=item&id=1971","Paterson RAP RAP01220; Ward 1; Block 409 Lot 12; Listed on Paterson's official Registered Abandoned Properties (RAP) inventory per Ordinance 14-004.",""
"88-90 N 4th St, Paterson, NJ 07522","40.930897","-74.169979","Paterson","NJ","07522","RESIDENTIAL","ABANDONED","UNISPOREX,LLC","","https://www.google.com/maps/place/88-90+N+4th+St,+Paterson,+NJ+07522/@40.930896779433,-74.169978743353,19z","https://www.patersonnj.gov/eGov/apps/document/center.egov?view=item&id=1971","Paterson RAP RAP00467; Ward 1; Block 409 Lot 18; Listed on Paterson's official Registered Abandoned Properties (RAP) inventory per Ordinance 14-004.",""
"92 N 4th St, Paterson, NJ 07522","40.930908","-74.169964","Paterson","NJ","07522","RESIDENTIAL","ABANDONED","PAGAN,CARMEN","","https://www.google.com/maps/place/92+N+4th+St,+Paterson,+NJ+07522/@40.930907819841,-74.16996402281,19z","https://www.patersonnj.gov/eGov/apps/document/center.egov?view=item&id=1971","Paterson RAP RAP00181; Ward 1; Block 409 Lot 19; Listed on Paterson's official Registered Abandoned Properties (RAP) inventory per Ordinance 14-004.",""
"78-80 N 4th St, Paterson, NJ 07522","40.930869","-74.170016","Paterson","NJ","07522","RESIDENTIAL","ABANDONED","McBRYDE,DWAYNE","","https://www.google.com/maps/place/78-80+N+4th+St,+Paterson,+NJ+07522/@40.930869178414,-74.170015544711,19z","https://www.patersonnj.gov/eGov/apps/document/center.egov?view=item&id=1971","Paterson RAP RAP00046; Ward 1; Block 411 Lot 1; Listed on Paterson's official Registered Abandoned Properties (RAP) inventory per Ordinance 14-004.",""
"52-56 N 6th St, Paterson, NJ 07522","40.927284","-74.177551","Paterson","NJ","07522","RESIDENTIAL","ABANDONED","56 N.SIXTH ST.LLC","","https://www.google.com/maps/place/52-56+N+6th+St,+Paterson,+NJ+07522/@40.927283580444,-74.177550852483,19z","https://www.patersonnj.gov/eGov/apps/document/center.egov?view=item&id=1971","Paterson RAP RAP00828; Ward 1; Block 413 Lot 13; Listed on Paterson's official Registered Abandoned Properties (RAP) inventory per Ordinance 14-004.",""
"66 N 6th St, Paterson, NJ 07522","40.927586","-74.177103","Paterson","NJ","07522","RESIDENTIAL","ABANDONED","HARRIS, AARON & MARY H/W","","https://www.google.com/maps/place/66+N+6th+St,+Paterson,+NJ+07522/@40.927585695195,-74.177102715617,19z","https://www.patersonnj.gov/eGov/apps/document/center.egov?view=item&id=1971","Paterson RAP RAP00866; Ward 1; Block 413 Lot 16; Listed on Paterson's official Registered Abandoned Properties (RAP) inventory per Ordinance 14-004.",""
"108-114 N 7th St, Paterson, NJ 07522","40.928258","-74.177528","Paterson","NJ","07522","RESIDENTIAL","ABANDONED","108 NORTH SEVENTH STREET","","https://www.google.com/maps/place/108-114+N+7th+St,+Paterson,+NJ+07522/@40.928257659073,-74.177528056557,19z","https://www.patersonnj.gov/eGov/apps/document/center.egov?view=item&id=1971","Paterson RAP RAP00829; Ward 1; Block 414 Lot 1; Listed on Paterson's official Registered Abandoned Properties (RAP) inventory per Ordinance 14-004.",""
"186 N 7th St, Paterson, NJ 07522","40.929982","-74.174938","Paterson","NJ","07522","RESIDENTIAL","ABANDONED","MENDOZA,FELICIANO","","https://www.google.com/maps/place/186+N+7th+St,+Paterson,+NJ+07522/@40.929981552257,-74.174938222078,19z","https://www.patersonnj.gov/eGov/apps/document/center.egov?view=item&id=1971","Paterson RAP RAP00830; Ward 1; Block 503 Lot 46; Listed on Paterson's official Registered Abandoned Properties (RAP) inventory per Ordinance 14-004.",""
"93 Haledon Ave, Paterson, NJ 07522","40.929531","-74.172296","Paterson","NJ","07522","RESIDENTIAL","ABANDONED","ESTEVEZ, VICTOR DE JESUS","","https://www.google.com/maps/place/93+Haledon+Ave,+Paterson,+NJ+07522/@40.929530924634,-74.1722963445,19z","https://www.patersonnj.gov/eGov/apps/document/center.egov?view=item&id=1971","Paterson RAP RAP00252; Ward 1; Block 504 Lot 2; Listed on Paterson's official Registered Abandoned Properties (RAP) inventory per Ordinance 14-004.",""
"91 Haledon Ave, Paterson, NJ 07522","40.929469","-74.172237","Paterson","NJ","07522","RESIDENTIAL","ABANDONED","BAGLEY, WILBERT T & VILOA H/W","","https://www.google.com/maps/place/91+Haledon+Ave,+Paterson,+NJ+07522/@40.929469356389,-74.172236670675,19z","https://www.patersonnj.gov/eGov/apps/document/center.egov?view=item&id=1971","Paterson RAP RAP00168; Ward 1; Block 504 Lot 3; Listed on Paterson's official Registered Abandoned Properties (RAP) inventory per Ordinance 14-004.",""
"87-89 Haledon Ave, Paterson, NJ 07522","40.929346","-74.172117","Paterson","NJ","07522","RESIDENTIAL","ABANDONED","CITIMORTGAGE,INC","","https://www.google.com/maps/place/87-89+Haledon+Ave,+Paterson,+NJ+07522/@40.929346219898,-74.172117323026,19z","https://www.patersonnj.gov/eGov/apps/document/center.egov?view=item&id=1971","Paterson RAP RAP00167; Ward 1; Block 504 Lot 4; Listed on Paterson's official Registered Abandoned Properties (RAP) inventory per Ordinance 14-004.",""
"159-161 N 4th St, Paterson, NJ 07522","40.931177","-74.169821","Paterson","NJ","07522","RESIDENTIAL","ABANDONED","THE BANK OF NE YORK MELLON","","https://www.google.com/maps/place/159-161+N+4th+St,+Paterson,+NJ+07522/@40.931176831002,-74.169820632028,19z","https://www.patersonnj.gov/eGov/apps/document/center.egov?view=item&id=1971","Paterson RAP RAP00291; Ward 1; Block 504 Lot 13; Listed on Paterson's official Registered Abandoned Properties (RAP) inventory per Ordinance 14-004.",""
"153 N 4th St, Paterson, NJ 07522","40.931160","-74.169843","Paterson","NJ","07522","RESIDENTIAL","ABANDONED","COX, ANDREW & KERSEY,MARY","","https://www.google.com/maps/place/153+N+4th+St,+Paterson,+NJ+07522/@40.931160270391,-74.169842712843,19z","https://www.patersonnj.gov/eGov/apps/document/center.egov?view=item&id=1971","Paterson RAP RAP00868; Ward 1; Block 504 Lot 16; Listed on Paterson's official Registered Abandoned Properties (RAP) inventory per Ordinance 14-004.",""
"146 Jefferson St, Paterson, NJ 07522","40.928105","-74.174303","Paterson","NJ","07522","RESIDENTIAL","ABANDONED","129 N. 4TH STREET LLC","","https://www.google.com/maps/place/146+Jefferson+St,+Paterson,+NJ+07522/@40.928105130645,-74.174302810698,19z","https://www.patersonnj.gov/eGov/apps/document/center.egov?view=item&id=1971","Paterson RAP RAP01216; Ward 1; Block 504 Lot 24; Listed on Paterson's official Registered Abandoned Properties (RAP) inventory per Ordinance 14-004.",""
"130-132 N 5th St, Paterson, NJ 07522","40.928479","-74.174342","Paterson","NJ","07522","RESIDENTIAL","ABANDONED","STRICKLAND,FREDRICK & JULIA H/W","","https://www.google.com/maps/place/130-132+N+5th+St,+Paterson,+NJ+07522/@40.928478755286,-74.174341641436,19z","https://www.patersonnj.gov/eGov/apps/document/center.egov?view=item&id=1971","Paterson RAP RAP01310; Ward 1; Block 504 Lot 29; Listed on Paterson's official Registered Abandoned Properties (RAP) inventory per Ordinance 14-004.",""
"136 N 5th St, Paterson, NJ 07522","40.928588","-74.174177","Paterson","NJ","07522","RESIDENTIAL","ABANDONED","CLARK,WILLIE","","https://www.google.com/maps/place/136+N+5th+St,+Paterson,+NJ+07522/@40.928588401993,-74.174176782564,19z","https://www.patersonnj.gov/eGov/apps/document/center.egov?view=item&id=1971","Paterson RAP RAP01200; Ward 1; Block 504 Lot 31; Listed on Paterson's official Registered Abandoned Properties (RAP) inventory per Ordinance 14-004.",""
"138 N 5th St, Paterson, NJ 07522","40.928625","-74.174122","Paterson","NJ","07522","RESIDENTIAL","ABANDONED","BROWN,STEVEN","","https://www.google.com/maps/place/138+N+5th+St,+Paterson,+NJ+07522/@40.928624950895,-74.174121829606,19z","https://www.patersonnj.gov/eGov/apps/document/center.egov?view=item&id=1971","Paterson RAP RAP00293; Ward 1; Block 504 Lot 32; Listed on Paterson's official Registered Abandoned Properties (RAP) inventory per Ordinance 14-004.",""
"164 N 5th St, Paterson, NJ 07522","40.929100","-74.173407","Paterson","NJ","07522","RESIDENTIAL","ABANDONED","REYES,JOSE","","https://www.google.com/maps/place/164+N+5th+St,+Paterson,+NJ+07522/@40.929100086623,-74.173407441157,19z","https://www.patersonnj.gov/eGov/apps/document/center.egov?view=item&id=1971","Paterson RAP RAP01090; Ward 1; Block 504 Lot 44; Listed on Paterson's official Registered Abandoned Properties (RAP) inventory per Ordinance 14-004.",""
"63 Haledon Ave, Paterson, NJ 07522","40.928831","-74.171616","Paterson","NJ","07522","RESIDENTIAL","ABANDONED","AGOSTO,BENJAMIN JR.& DIPINI,MILDRED","","https://www.google.com/maps/place/63+Haledon+Ave,+Paterson,+NJ+07522/@40.928831169452,-74.17161584724,19z","https://www.patersonnj.gov/eGov/apps/document/center.egov?view=item&id=1971","Paterson RAP RAP00251; Ward 1; Block 505 Lot 6; Listed on Paterson's official Registered Abandoned Properties (RAP) inventory per Ordinance 14-004.",""
"147 N 3rd St, Paterson, NJ 07522","40.927807","-74.172731","Paterson","NJ","07522","RESIDENTIAL","ABANDONED","147 THIRD STREET LLC","","https://www.google.com/maps/place/147+N+3rd+St,+Paterson,+NJ+07522/@40.927806578425,-74.172731296418,19z","https://www.patersonnj.gov/eGov/apps/document/center.egov?view=item&id=1971","Paterson RAP RAP00175; Ward 1; Block 505 Lot 18; Listed on Paterson's official Registered Abandoned Properties (RAP) inventory per Ordinance 14-004.",""
"123 N 3rd St, Paterson, NJ 07522","40.927399","-74.173336","Paterson","NJ","07522","RESIDENTIAL","ABANDONED","D&S DEVELOPERS,LLC","","https://www.google.com/maps/place/123+N+3rd+St,+Paterson,+NJ+07522/@40.927398860452,-74.173335763396,19z","https://www.patersonnj.gov/eGov/apps/document/center.egov?view=item&id=1971","Paterson RAP RAP00174; Ward 1; Block 505 Lot 26; Listed on Paterson's official Registered Abandoned Properties (RAP) inventory per Ordinance 14-004.",""
"130 N 4th St, Paterson, NJ 07522","40.931013","-74.169824","Paterson","NJ","07522","RESIDENTIAL","ABANDONED","OSBORNE,ROSALIE","","https://www.google.com/maps/place/130+N+4th+St,+Paterson,+NJ+07522/@40.931012703713,-74.169824177652,19z","https://www.patersonnj.gov/eGov/apps/document/center.egov?view=item&id=1971","Paterson RAP RAP01091; Ward 1; Block 505 Lot 30; Listed on Paterson's official Registered Abandoned Properties (RAP) inventory per Ordinance 14-004.",""
"154 N 4th St, Paterson, NJ 07522","40.931079","-74.169736","Paterson","NJ","07522","RESIDENTIAL","ABANDONED","ADMINISTRATOR OF VETERANS AFFAIRS","","https://www.google.com/maps/place/154+N+4th+St,+Paterson,+NJ+07522/@40.931078946158,-74.169735854394,19z","https://www.patersonnj.gov/eGov/apps/document/center.egov?view=item&id=1971","Paterson RAP RAP00869; Ward 1; Block 505 Lot 39; Listed on Paterson's official Registered Abandoned Properties (RAP) inventory per Ordinance 14-004.",""
"156 N 4th St, Paterson, NJ 07522","40.931084","-74.169728","Paterson","NJ","07522","RESIDENTIAL","ABANDONED","SULTANI, SYED HASHMAT","","https://www.google.com/maps/place/156+N+4th+St,+Paterson,+NJ+07522/@40.931084466362,-74.169728494123,19z","https://www.patersonnj.gov/eGov/apps/document/center.egov?view=item&id=1971","Paterson RAP RAP01217; Ward 1; Block 505 Lot 40; Listed on Paterson's official Registered Abandoned Properties (RAP) inventory per Ordinance 14-004.",""
"297 Jefferson St, Paterson, NJ 07522","40.931763","-74.178732","Paterson","NJ","07522","RESIDENTIAL","ABANDONED","TAVAREZ,EVA","","https://www.google.com/maps/place/297+Jefferson+St,+Paterson,+NJ+07522/@40.931762842205,-74.178731720949,19z","https://www.patersonnj.gov/eGov/apps/document/center.egov?view=item&id=1971","Paterson RAP RAP00523; Ward 1; Block 401 Lot 2; Listed on Paterson's official Registered Abandoned Properties (RAP) inventory per Ordinance 14-004.",""
"147 N 7th St, Paterson, NJ 07508","40.931617","-74.173275","Paterson","NJ","07508","RESIDENTIAL","ABANDONED","BHAYANA,GAUTAM","","https://www.google.com/maps/place/147+N+7th+St,+Paterson,+NJ+07508/@40.93161724494,-74.173275303134,19z","https://www.patersonnj.gov/eGov/apps/document/center.egov?view=item&id=1971","Paterson RAP RAP00777; Ward 1; Block 405 Lot 5; Listed on Paterson's official Registered Abandoned Properties (RAP) inventory per Ordinance 14-004.",""
"145 N 7th St, Paterson, NJ 07508","40.931610","-74.173285","Paterson","NJ","07508","RESIDENTIAL","ABANDONED","NADIM, NIAZ","","https://www.google.com/maps/place/145+N+7th+St,+Paterson,+NJ+07508/@40.931610445956,-74.173284684425,19z","https://www.patersonnj.gov/eGov/apps/document/center.egov?view=item&id=1971","Paterson RAP RAP00893; Ward 1; Block 405 Lot 6; Listed on Paterson's official Registered Abandoned Properties (RAP) inventory per Ordinance 14-004.",""
"125 N 7th St, Paterson, NJ 07508","40.931542","-74.173378","Paterson","NJ","07508","RESIDENTIAL","ABANDONED","LOPEZ,RAMON","","https://www.google.com/maps/place/125+N+7th+St,+Paterson,+NJ+07508/@40.931542456109,-74.173378497335,19z","https://www.patersonnj.gov/eGov/apps/document/center.egov?view=item&id=1971","Paterson RAP RAP00774; Ward 1; Block 405 Lot 13; Listed on Paterson's official Registered Abandoned Properties (RAP) inventory per Ordinance 14-004.",""
"144-146 N 8th St, Paterson, NJ 07522","40.929302","-74.177387","Paterson","NJ","07522","RESIDENTIAL","ABANDONED","PAULO,DONALD J.","","https://www.google.com/maps/place/144-146+N+8th+St,+Paterson,+NJ+07522/@40.929301995728,-74.177386768822,19z","https://www.patersonnj.gov/eGov/apps/document/center.egov?view=item&id=1971","Paterson RAP RAP00567; Ward 1; Block 405 Lot 23; Listed on Paterson's official Registered Abandoned Properties (RAP) inventory per Ordinance 14-004.",""
"107-109 N 7th St, Paterson, NJ 07508","40.931481","-74.173463","Paterson","NJ","07508","RESIDENTIAL","ABANDONED","ARAOZ,LUIS","","https://www.google.com/maps/place/107-109+N+7th+St,+Paterson,+NJ+07508/@40.931481265247,-74.173462928955,19z","https://www.patersonnj.gov/eGov/apps/document/center.egov?view=item&id=1971","Paterson RAP RAP01205; Ward 1; Block 415 Lot 4; Listed on Paterson's official Registered Abandoned Properties (RAP) inventory per Ordinance 14-004.",""
"87 N 7th St, Paterson, NJ 07508","40.931413","-74.173557","Paterson","NJ","07508","RESIDENTIAL","ABANDONED","87 NORTH 7 HOLDINGS LLC","","https://www.google.com/maps/place/87+N+7th+St,+Paterson,+NJ+07508/@40.931413275401,-74.173556741865,19z","https://www.patersonnj.gov/eGov/apps/document/center.egov?view=item&id=1971","Paterson RAP RAP01222; Ward 1; Block 415 Lot 12; Listed on Paterson's official Registered Abandoned Properties (RAP) inventory per Ordinance 14-004.",""
"90-94 N 8th St, Paterson, NJ 07522","40.928404","-74.178739","Paterson","NJ","07522","RESIDENTIAL","ABANDONED","OSCANOA, WILFREDO J.","","https://www.google.com/maps/place/90-94+N+8th+St,+Paterson,+NJ+07522/@40.928404398561,-74.178739000287,19z","https://www.patersonnj.gov/eGov/apps/document/center.egov?view=item&id=1971","Paterson RAP RAP00225; Ward 1; Block 415 Lot 15; Listed on Paterson's official Registered Abandoned Properties (RAP) inventory per Ordinance 14-004.",""
"97-99 N 8th St, Paterson, NJ 07522","40.928618","-74.178648","Paterson","NJ","07522","RESIDENTIAL","ABANDONED","HERZOG ASSOCIATES, LLC","","https://www.google.com/maps/place/97-99+N+8th+St,+Paterson,+NJ+07522/@40.928618126326,-74.178648363431,19z","https://www.patersonnj.gov/eGov/apps/document/center.egov?view=item&id=1971","Paterson RAP RAP00813; Ward 1; Block 416 Lot 7; Listed on Paterson's official Registered Abandoned Properties (RAP) inventory per Ordinance 14-004.",""
"108 N 9th St, Paterson, NJ 07522","40.929268","-74.178851","Paterson","NJ","07522","RESIDENTIAL","ABANDONED","SHAYEGH, NIMA","","https://www.google.com/maps/place/108+N+9th+St,+Paterson,+NJ+07522/@40.929268415292,-74.178851363197,19z","https://www.patersonnj.gov/eGov/apps/document/center.egov?view=item&id=1971","Paterson RAP RAP00435; Ward 1; Block 416 Lot 19; Listed on Paterson's official Registered Abandoned Properties (RAP) inventory per Ordinance 14-004.",""
"242 Temple St, Paterson, NJ 07522","40.929391","-74.180337","Paterson","NJ","07522","RESIDENTIAL","ABANDONED","242 TEMPLES ST.HOLDINGS,LLC","","https://www.google.com/maps/place/242+Temple+St,+Paterson,+NJ+07522/@40.92939061525,-74.180337130807,19z","https://www.patersonnj.gov/eGov/apps/document/center.egov?view=item&id=1971","Paterson RAP RAP00695; Ward 1; Block 418 Lot 10; Listed on Paterson's official Registered Abandoned Properties (RAP) inventory per Ordinance 14-004.",""
"53-57 N 11th St, Paterson, NJ 07508","40.933455","-74.176292","Paterson","NJ","07508","RESIDENTIAL","ABANDONED","MALENZI, BERNICE MARIA","","https://www.google.com/maps/place/53-57+N+11th+St,+Paterson,+NJ+07508/@40.933454998715,-74.176291752537,19z","https://www.patersonnj.gov/eGov/apps/document/center.egov?view=item&id=1971","Paterson RAP RAP00286; Ward 1; Block 419 Lot 1; Listed on Paterson's official Registered Abandoned Properties (RAP) inventory per Ordinance 14-004.",""
"69 N 7th St, Paterson, NJ 07508","40.931352","-74.173641","Paterson","NJ","07508","RESIDENTIAL","ABANDONED","SCHAUBLE, GEORGE","","https://www.google.com/maps/place/69+N+7th+St,+Paterson,+NJ+07508/@40.931352084539,-74.173641173484,19z","https://www.patersonnj.gov/eGov/apps/document/center.egov?view=item&id=1971","Paterson RAP RAP01355; Ward 1; Block 423 Lot 9; Listed on Paterson's official Registered Abandoned Properties (RAP) inventory per Ordinance 14-004.",""
"72 N 8th St, Paterson, NJ 07522","40.927988","-74.179362","Paterson","NJ","07522","RESIDENTIAL","ABANDONED","CABLEBRIDGE 72 NORTH 8TH STREETJLC","","https://www.google.com/maps/place/72+N+8th+St,+Paterson,+NJ+07522/@40.927988109322,-74.179362262665,19z","https://www.patersonnj.gov/eGov/apps/document/center.egov?view=item&id=1971","Paterson RAP RAP01223; Ward 1; Block 423 Lot 21; Listed on Paterson's official Registered Abandoned Properties (RAP) inventory per Ordinance 14-004.",""
"187-189 Haledon Ave, Paterson, NJ 07522","40.932109","-74.175347","Paterson","NJ","07522","RESIDENTIAL","ABANDONED","REELS,GEORGE W. II","","https://www.google.com/maps/place/187-189+Haledon+Ave,+Paterson,+NJ+07522/@40.93210904948,-74.175347236132,19z","https://www.patersonnj.gov/eGov/apps/document/center.egov?view=item&id=1971","Paterson RAP RAP00169; Ward 1; Block 501 Lot 13; Listed on Paterson's official Registered Abandoned Properties (RAP) inventory per Ordinance 14-004.",""
"174 Carbon St, Paterson, NJ 07522","40.931856","-74.176232","Paterson","NJ","07522","RESIDENTIAL","ABANDONED","ROMANALEX","","https://www.google.com/maps/place/174+Carbon+St,+Paterson,+NJ+07522/@40.931855666114,-74.176232112708,19z","https://www.patersonnj.gov/eGov/apps/document/center.egov?view=item&id=1971","Paterson RAP RAP01076; Ward 1; Block 501 Lot 20; Listed on Paterson's official Registered Abandoned Properties (RAP) inventory per Ordinance 14-004.",""
"204-206 Carbon St, Paterson, NJ 07522","40.932125","-74.176542","Paterson","NJ","07522","RESIDENTIAL","ABANDONED","MERCADO,JUSTO & MARTINEZ,MINELIS","","https://www.google.com/maps/place/204-206+Carbon+St,+Paterson,+NJ+07522/@40.932124569237,-74.176542121973,19z","https://www.patersonnj.gov/eGov/apps/document/center.egov?view=item&id=1971","Paterson RAP RAP01340; Ward 1; Block 501 Lot 31; Listed on Paterson's official Registered Abandoned Properties (RAP) inventory per Ordinance 14-004.",""
"122-124 Carbon St, Paterson, NJ 07522","40.930929","-74.175158","Paterson","NJ","07522","RESIDENTIAL","ABANDONED","122 CARBON ST LLC","","https://www.google.com/maps/place/122-124+Carbon+St,+Paterson,+NJ+07522/@40.930928923631,-74.175157504716,19z","https://www.patersonnj.gov/eGov/apps/document/center.egov?view=item&id=1971","Paterson RAP RAP00519; Ward 1; Block 502 Lot 11; Listed on Paterson's official Registered Abandoned Properties (RAP) inventory per Ordinance 14-004.",""
"134-138 Carbon St, Paterson, NJ 07522","40.931218","-74.175492","Paterson","NJ","07522","RESIDENTIAL","ABANDONED","BROWN,RUDOLFO A","","https://www.google.com/maps/place/134-138+Carbon+St,+Paterson,+NJ+07522/@40.931218217401,-74.175492000563,19z","https://www.patersonnj.gov/eGov/apps/document/center.egov?view=item&id=1971","Paterson RAP RAP01320; Ward 1; Block 502 Lot 15; Listed on Paterson's official Registered Abandoned Properties (RAP) inventory per Ordinance 14-004.",""
"121-123 Carbon St, Paterson, NJ 07522","40.930826","-74.175240","Paterson","NJ","07522","RESIDENTIAL","ABANDONED","ANTIGUA,KELVIN & RODRIGUEZ,WENDY C.","","https://www.google.com/maps/place/121-123+Carbon+St,+Paterson,+NJ+07522/@40.930826282828,-74.175240223275,19z","https://www.patersonnj.gov/eGov/apps/document/center.egov?view=item&id=1971","Paterson RAP RAP00722; Ward 1; Block 506 Lot 8; Listed on Paterson's official Registered Abandoned Properties (RAP) inventory per Ordinance 14-004.",""
"150-152 Lily St, Paterson, NJ 07522","40.930975","-74.176422","Paterson","NJ","07522","RESIDENTIAL","ABANDONED","MENDEZ,JORGE","","https://www.google.com/maps/place/150-152+Lily+St,+Paterson,+NJ+07522/@40.93097490569,-74.176422182185,19z","https://www.patersonnj.gov/eGov/apps/document/center.egov?view=item&id=1971","Paterson RAP RAP01338; Ward 1; Block 506 Lot 24; Listed on Paterson's official Registered Abandoned Properties (RAP) inventory per Ordinance 14-004.",""
"276-278 Jefferson St, Paterson, NJ 07522","40.931457","-74.178169","Paterson","NJ","07522","RESIDENTIAL","ABANDONED","ISLAM,SIRAJUL & JAHAN, NOOR","","https://www.google.com/maps/place/276-278+Jefferson+St,+Paterson,+NJ+07522/@40.9314573167,-74.178169434987,19z","https://www.patersonnj.gov/eGov/apps/document/center.egov?view=item&id=1971","Paterson RAP RAP00442; Ward 1; Block 509 Lot 16; Listed on Paterson's official Registered Abandoned Properties (RAP) inventory per Ordinance 14-004.",""
"162 N 9th St, Paterson, NJ 07522","40.930692","-74.177169","Paterson","NJ","07522","RESIDENTIAL","ABANDONED","HOPE 4 ALL MINISTRIES, INC","","https://www.google.com/maps/place/162+N+9th+St,+Paterson,+NJ+07522/@40.930692428045,-74.177168782,19z","https://www.patersonnj.gov/eGov/apps/document/center.egov?view=item&id=1971","Paterson RAP RAP01188; Ward 1; Block 510 Lot 26; Listed on Paterson's official Registered Abandoned Properties (RAP) inventory per Ordinance 14-004.",""
"12-14 N 6th St, Paterson, NJ 07522","40.926398","-74.178891","Paterson","NJ","07522","RESIDENTIAL","ABANDONED","BOON SIX,LLC","","https://www.google.com/maps/place/12-14+N+6th+St,+Paterson,+NJ+07522/@40.92639819287,-74.178891450188,19z","https://www.patersonnj.gov/eGov/apps/document/center.egov?view=item&id=1971","Paterson RAP RAP01202; Ward 1; Block 302 Lot 22; Listed on Paterson's official Registered Abandoned Properties (RAP) inventory per Ordinance 14-004.",""
"16-18 N 6th St, Paterson, NJ 07522","40.926485","-74.178764","Paterson","NJ","07522","RESIDENTIAL","ABANDONED","MOLINA,MAX","","https://www.google.com/maps/place/16-18+N+6th+St,+Paterson,+NJ+07522/@40.926484611736,-74.178763700565,19z","https://www.patersonnj.gov/eGov/apps/document/center.egov?view=item&id=1971","Paterson RAP RAP01203; Ward 1; Block 302 Lot 23; Listed on Paterson's official Registered Abandoned Properties (RAP) inventory per Ordinance 14-004.",""
"90-94 Carbon St, Paterson, NJ 07522","40.930270","-74.174397","Paterson","NJ","07522","RESIDENTIAL","ABANDONED","BANK OF AMERICA,N.A.","","https://www.google.com/maps/place/90-94+Carbon+St,+Paterson,+NJ+07522/@40.930270369145,-74.174396909411,19z","https://www.patersonnj.gov/eGov/apps/document/center.egov?view=item&id=1971","Paterson RAP RAP00770; Ward 1; Block 503 Lot 57; Listed on Paterson's official Registered Abandoned Properties (RAP) inventory per Ordinance 14-004.",""
"194-196 Jasper St, Paterson, NJ 07522","40.924389","-74.185990","Paterson","NJ","07522","RESIDENTIAL","ABANDONED","DIAZ,JAIRO","","https://www.google.com/maps/place/194-196+Jasper+St,+Paterson,+NJ+07522/@40.924389429162,-74.185990068188,19z","https://www.patersonnj.gov/eGov/apps/document/center.egov?view=item&id=1971","Paterson RAP RAP00481; Ward 1; Block 1008 Lot 19; Listed on Paterson's official Registered Abandoned Properties (RAP) inventory per Ordinance 14-004.",""
"185-187 Jasper St, Paterson, NJ 07522","40.924191","-74.185961","Paterson","NJ","07522","RESIDENTIAL","ABANDONED","MOHOSIN,MOHAMMED A.","","https://www.google.com/maps/place/185-187+Jasper+St,+Paterson,+NJ+07522/@40.924191150915,-74.185960916882,19z","https://www.patersonnj.gov/eGov/apps/document/center.egov?view=item&id=1971","Paterson RAP RAP00524; Ward 1; Block 1009 Lot 11; Listed on Paterson's official Registered Abandoned Properties (RAP) inventory per Ordinance 14-004.",""
"152 Redwood Ave, Paterson, NJ 07522","40.923800","-74.186483","Paterson","NJ","07522","RESIDENTIAL","ABANDONED","GARCIA,LISSETIE","","https://www.google.com/maps/place/152+Redwood+Ave,+Paterson,+NJ+07522/@40.92379982127,-74.186483250768,19z","https://www.patersonnj.gov/eGov/apps/document/center.egov?view=item&id=1971","Paterson RAP RAP01325; Ward 1; Block 1009 Lot 17; Listed on Paterson's official Registered Abandoned Properties (RAP) inventory per Ordinance 14-004.",""
"159 Redwood Ave, Paterson, NJ 07522","40.924025","-74.186940","Paterson","NJ","07522","RESIDENTIAL","ABANDONED","STEWART, VICTOR V & BRENDA G H/W","","https://www.google.com/maps/place/159+Redwood+Ave,+Paterson,+NJ+07522/@40.924024755747,-74.186940377847,19z","https://www.patersonnj.gov/eGov/apps/document/center.egov?view=item&id=1971","Paterson RAP RAP00779; Ward 1; Block 1010 Lot 16; Listed on Paterson's official Registered Abandoned Properties (RAP) inventory per Ordinance 14-004.",""
"240 W Broadway, Paterson, NJ 07522","40.924432","-74.181111","Paterson","NJ","07522","RESIDENTIAL","ABANDONED","AGUASVIVAS,LUIS H","","https://www.google.com/maps/place/240+W+Broadway,+Paterson,+NJ+07522/@40.924431605015,-74.18111096622,19z","https://www.patersonnj.gov/eGov/apps/document/center.egov?view=item&id=1971","Paterson RAP RAP01093; Ward 1; Block 601 Lot 18; Listed on Paterson's official Registered Abandoned Properties (RAP) inventory per Ordinance 14-004.",""
"100-104 Oxford St, Paterson, NJ 07508","40.929332","-74.187962","Paterson","NJ","07508","RESIDENTIAL","ABANDONED","RAMIREZ,RAMONA S.% MUNIZ,SONIA","","https://www.google.com/maps/place/100-104+Oxford+St,+Paterson,+NJ+07508/@40.929332463395,-74.187961823524,19z","https://www.patersonnj.gov/eGov/apps/document/center.egov?view=item&id=1971","Paterson RAP RAP01092; Ward 1; Block 601 Lot 27; Listed on Paterson's official Registered Abandoned Properties (RAP) inventory per Ordinance 14-004.",""
"525-527 Union Ave, Paterson, NJ 07522","40.923715","-74.181508","Paterson","NJ","07522","RESIDENTIAL","ABANDONED","AHAD,MOHAMMED","","https://www.google.com/maps/place/525-527+Union+Ave,+Paterson,+NJ+07522/@40.923715067046,-74.181508444008,19z","https://www.patersonnj.gov/eGov/apps/document/center.egov?view=item&id=1971","Paterson RAP RAP01455; Ward 1; Block 610 Lot 9; Listed on Paterson's official Registered Abandoned Properties (RAP) inventory per Ordinance 14-004.",""
"4 Jane St, Paterson, NJ 07522","40.923666","-74.182586","Paterson","NJ","07522","RESIDENTIAL","ABANDONED","GARCIA,JOSE 0.","","https://www.google.com/maps/place/4+Jane+St,+Paterson,+NJ+07522/@40.923666288413,-74.182586348519,19z","https://www.patersonnj.gov/eGov/apps/document/center.egov?view=item&id=1971","Paterson RAP RAP00725; Ward 1; Block 610 Lot 19; Listed on Paterson's official Registered Abandoned Properties (RAP) inventory per Ordinance 14-004.",""
"22 Garrison St, Paterson, NJ 07522","40.924578","-74.182549","Paterson","NJ","07522","RESIDENTIAL","ABANDONED","SABER GARRISON LLC","","https://www.google.com/maps/place/22+Garrison+St,+Paterson,+NJ+07522/@40.924577869408,-74.182548778936,19z","https://www.patersonnj.gov/eGov/apps/document/center.egov?view=item&id=1971","Paterson RAP RAP00373; Ward 1; Block 611 Lot 9; Listed on Paterson's official Registered Abandoned Properties (RAP) inventory per Ordinance 14-004.",""
"9 Garrison St, Paterson, NJ 07522","40.924340","-74.183055","Paterson","NJ","07522","RESIDENTIAL","ABANDONED","RAFIQUE,RUZINA & BEGUM,PANNA","","https://www.google.com/maps/place/9+Garrison+St,+Paterson,+NJ+07522/@40.924339678043,-74.18305532545,19z","https://www.patersonnj.gov/eGov/apps/document/center.egov?view=item&id=1971","Paterson RAP RAP00370; Ward 1; Block 710 Lot 13; Listed on Paterson's official Registered Abandoned Properties (RAP) inventory per Ordinance 14-004.",""
"117 Redwood Ave, Paterson, NJ 07522","40.923007","-74.185768","Paterson","NJ","07522","RESIDENTIAL","ABANDONED","UDDIN, MOHAMMED","","https://www.google.com/maps/place/117+Redwood+Ave,+Paterson,+NJ+07522/@40.923006907882,-74.185767774856,19z","https://www.patersonnj.gov/eGov/apps/document/center.egov?view=item&id=1971","Paterson RAP RAP01498; Ward 1; Block 908 Lot 9; Listed on Paterson's official Registered Abandoned Properties (RAP) inventory per Ordinance 14-004.",""
"134 Albion Ave, Paterson, NJ 07502","40.922988","-74.186765","Paterson","NJ","07502","RESIDENTIAL","ABANDONED","STAGGERS,VALERIE","","https://www.google.com/maps/place/134+Albion+Ave,+Paterson,+NJ+07502/@40.922987624994,-74.186764965137,19z","https://www.patersonnj.gov/eGov/apps/document/center.egov?view=item&id=1971","Paterson RAP RAP01528; Ward 1; Block 908 Lot 43; Listed on Paterson's official Registered Abandoned Properties (RAP) inventory per Ordinance 14-004.",""
"125 Jasper St, Paterson, NJ 07522","40.922836","-74.184397","Paterson","NJ","07522","RESIDENTIAL","ABANDONED","DAVALOS,ALBERTO & JUANA H/W","","https://www.google.com/maps/place/125+Jasper+St,+Paterson,+NJ+07522/@40.922836225596,-74.184397407131,19z","https://www.patersonnj.gov/eGov/apps/document/center.egov?view=item&id=1971","Paterson RAP RAP00915; Ward 1; Block 909 Lot 21; Listed on Paterson's official Registered Abandoned Properties (RAP) inventory per Ordinance 14-004.",""
"453 Union Ave, Paterson, NJ 07522","40.922081","-74.184036","Paterson","NJ","07522","RESIDENTIAL","ABANDONED","KAMAL,FAISAL","","https://www.google.com/maps/place/453+Union+Ave,+Paterson,+NJ+07522/@40.922080797445,-74.184035711552,19z","https://www.patersonnj.gov/eGov/apps/document/center.egov?view=item&id=1971","Paterson RAP RAP00321; Ward 1; Block 909 Lot 27; Listed on Paterson's official Registered Abandoned Properties (RAP) inventory per Ordinance 14-004.",""
"90 Redwood Ave, Paterson, NJ 07522","40.922289","-74.184748","Paterson","NJ","07522","RESIDENTIAL","ABANDONED","CRUZ-ROMAN,JACQUELINE & SANCHEZ,A","","https://www.google.com/maps/place/90+Redwood+Ave,+Paterson,+NJ+07522/@40.922289320691,-74.184747561456,19z","https://www.patersonnj.gov/eGov/apps/document/center.egov?view=item&id=1971","Paterson RAP RAP00307; Ward 1; Block 909 Lot 31; Listed on Paterson's official Registered Abandoned Properties (RAP) inventory per Ordinance 14-004.",""
"92 Redwood Ave, Paterson, NJ 07522","40.922339","-74.184800","Paterson","NJ","07522","RESIDENTIAL","ABANDONED","CHECO,JOSE & BRANCACCIO,E.","","https://www.google.com/maps/place/92+Redwood+Ave,+Paterson,+NJ+07522/@40.922338752969,-74.184800099234,19z","https://www.patersonnj.gov/eGov/apps/document/center.egov?view=item&id=1971","Paterson RAP RAP00917; Ward 1; Block 909 Lot 32; Listed on Paterson's official Registered Abandoned Properties (RAP) inventory per Ordinance 14-004.",""
"118 Redwood Ave, Paterson, NJ 07522","40.922971","-74.185525","Paterson","NJ","07522","RESIDENTIAL","ABANDONED","BOUCHER-NEIL,VANESSA","","https://www.google.com/maps/place/118+Redwood+Ave,+Paterson,+NJ+07522/@40.922971226495,-74.185524668169,19z","https://www.patersonnj.gov/eGov/apps/document/center.egov?view=item&id=1971","Paterson RAP RAP01407; Ward 1; Block 909 Lot 40; Listed on Paterson's official Registered Abandoned Properties (RAP) inventory per Ordinance 14-004.",""
"120 Redwood Ave, Paterson, NJ 07522","40.923019","-74.185581","Paterson","NJ","07522","RESIDENTIAL","ABANDONED","MIAH,MITU & BOROBHUIYAN,RUBY","","https://www.google.com/maps/place/120+Redwood+Ave,+Paterson,+NJ+07522/@40.923019470813,-74.185580653167,19z","https://www.patersonnj.gov/eGov/apps/document/center.egov?view=item&id=1971","Paterson RAP RAP01245; Ward 1; Block 909 Lot 41; Listed on Paterson's official Registered Abandoned Properties (RAP) inventory per Ordinance 14-004.",""
"122 Redwood Ave, Paterson, NJ 07522","40.923068","-74.185637","Paterson","NJ","07522","RESIDENTIAL","ABANDONED","TOWN B.D. CORP","","https://www.google.com/maps/place/122+Redwood+Ave,+Paterson,+NJ+07522/@40.92306771513,-74.185636638164,19z","https://www.patersonnj.gov/eGov/apps/document/center.egov?view=item&id=1971","Paterson RAP RAP00918; Ward 1; Block 909 Lot 42; Listed on Paterson's official Registered Abandoned Properties (RAP) inventory per Ordinance 14-004.",""
"140 Jasper St, Paterson, NJ 07522","40.923216","-74.184629","Paterson","NJ","07522","RESIDENTIAL","ABANDONED","MOKIT,MOHAMMAD A.","","https://www.google.com/maps/place/140+Jasper+St,+Paterson,+NJ+07522/@40.923216360772,-74.184629365827,19z","https://www.patersonnj.gov/eGov/apps/document/center.egov?view=item&id=1971","Paterson RAP RAP00919; Ward 1; Block 910 Lot 40; Listed on Paterson's official Registered Abandoned Properties (RAP) inventory per Ordinance 14-004.",""
"160-162 Jasper St, Paterson, NJ 07522","40.923650","-74.185130","Paterson","NJ","07522","RESIDENTIAL","ABANDONED","DENOVA,NICHOLAS & GRUBER,ROBIN","","https://www.google.com/maps/place/160-162+Jasper+St,+Paterson,+NJ+07522/@40.923650242062,-74.185130257231,19z","https://www.patersonnj.gov/eGov/apps/document/center.egov?view=item&id=1971","Paterson RAP RAP01549; Ward 1; Block 910 Lot 49; Listed on Paterson's official Registered Abandoned Properties (RAP) inventory per Ordinance 14-004.",""
"172 Jasper St, Paterson, NJ 07522","40.923910","-74.185431","Paterson","NJ","07522","RESIDENTIAL","ABANDONED","172 JASPER STREET HOLDINGS,LLC","","https://www.google.com/maps/place/172+Jasper+St,+Paterson,+NJ+07522/@40.923909688142,-74.185431399937,19z","https://www.patersonnj.gov/eGov/apps/document/center.egov?view=item&id=1971","Paterson RAP RAP00694; Ward 1; Block 910 Lot 52; Listed on Paterson's official Registered Abandoned Properties (RAP) inventory per Ordinance 14-004.",""
"489 Union Ave, Paterson, NJ 07522","40.922907","-74.182763","Paterson","NJ","07522","RESIDENTIAL","ABANDONED","BESS,ROSA","","https://www.google.com/maps/place/489+Union+Ave,+Paterson,+NJ+07522/@40.922907292412,-74.182762511589,19z","https://www.patersonnj.gov/eGov/apps/document/center.egov?view=item&id=1971","Paterson RAP RAP00575; Ward 1; Block 911 Lot 21; Listed on Paterson's official Registered Abandoned Properties (RAP) inventory per Ordinance 14-004.",""
"231-233 Marion St, Paterson, NJ 07522","40.925184","-74.184660","Paterson","NJ","07522","RESIDENTIAL","ABANDONED","CORTES,MARIA L.","","https://www.google.com/maps/place/231-233+Marion+St,+Paterson,+NJ+07522/@40.925183708214,-74.184660329383,19z","https://www.patersonnj.gov/eGov/apps/document/center.egov?view=item&id=1971","Paterson RAP RAP01326; Ward 1; Block 1007 Lot 7; Listed on Paterson's official Registered Abandoned Properties (RAP) inventory per Ordinance 14-004.",""
"30-32 Doremus St, Paterson, NJ 07522","40.925017","-74.186149","Paterson","NJ","07522","RESIDENTIAL","ABANDONED","JAMES,CURTIS & PAMELA H/W","","https://www.google.com/maps/place/30-32+Doremus+St,+Paterson,+NJ+07522/@40.925017321284,-74.186149030538,19z","https://www.patersonnj.gov/eGov/apps/document/center.egov?view=item&id=1971","Paterson RAP RAP01298; Ward 1; Block 1008 Lot 5; Listed on Paterson's official Registered Abandoned Properties (RAP) inventory per Ordinance 14-004.",""
"225 Kearney St, Paterson, NJ 07522","40.924537","-74.185144","Paterson","NJ","07522","RESIDENTIAL","ABANDONED","CORREA,JOSE M. & ADAMES,E A &ETAL","","https://www.google.com/maps/place/225+Kearney+St,+Paterson,+NJ+07522/@40.924536567236,-74.185144452678,19z","https://www.patersonnj.gov/eGov/apps/document/center.egov?view=item&id=1971","Paterson RAP RAP00260; Ward 1; Block 1008 Lot 13; Listed on Paterson's official Registered Abandoned Properties (RAP) inventory per Ordinance 14-004.",""
"4 Doremus St, Paterson, NJ 07522","40.924424","-74.187066","Paterson","NJ","07522","RESIDENTIAL","ABANDONED","OVERBAY,JOSEPH T.& OVERBAY,ANGELA","","https://www.google.com/maps/place/4+Doremus+St,+Paterson,+NJ+07522/@40.924423608802,-74.18706639261,19z","https://www.patersonnj.gov/eGov/apps/document/center.egov?view=item&id=1971","Paterson RAP RAP00488; Ward 1; Block 1009 Lot 2; Listed on Paterson's official Registered Abandoned Properties (RAP) inventory per Ordinance 14-004.",""
"190-194 Albion Ave, Paterson, NJ 07502","40.923692","-74.187561","Paterson","NJ","07502","RESIDENTIAL","ABANDONED","MOSELEY, MELISSA","","https://www.google.com/maps/place/190-194+Albion+Ave,+Paterson,+NJ+07502/@40.923692269187,-74.18756062797,19z","https://www.patersonnj.gov/eGov/apps/document/center.egov?view=item&id=1971","Paterson RAP RAP00658; Ward 1; Block 1010 Lot 34; Listed on Paterson's official Registered Abandoned Properties (RAP) inventory per Ordinance 14-004.",""
"443-447 Kearney St, Paterson, NJ 07522","40.930251","-74.191689","Paterson","NJ","07522","RESIDENTIAL","ABANDONED","LISBOA,GRIMILDA & ANTHONY","","https://www.google.com/maps/place/443-447+Kearney+St,+Paterson,+NJ+07522/@40.930250506634,-74.191688581546,19z","https://www.patersonnj.gov/eGov/apps/document/center.egov?view=item&id=1971","Paterson RAP RAP01247; Ward 1; Block 1104 Lot 5; Listed on Paterson's official Registered Abandoned Properties (RAP) inventory per Ordinance 14-004.",""
"400-406 Jasper St, Paterson, NJ 07522","40.929564","-74.191970","Paterson","NJ","07522","RESIDENTIAL","ABANDONED","US BANK N.A.","","https://www.google.com/maps/place/400-406+Jasper+St,+Paterson,+NJ+07522/@40.929564368739,-74.19196991874,19z","https://www.patersonnj.gov/eGov/apps/document/center.egov?view=item&id=1971","Paterson RAP RAP01082; Ward 1; Block 1104 Lot 10; Listed on Paterson's official Registered Abandoned Properties (RAP) inventory per Ordinance 14-004.",""
"14 Alden Ter, Paterson, NJ 07522","40.928171","-74.189024","Paterson","NJ","07522","RESIDENTIAL","ABANDONED","TORRES, JOSE M.","","https://www.google.com/maps/place/14+Alden+Ter,+Paterson,+NJ+07522/@40.928170592826,-74.189024297303,19z","https://www.patersonnj.gov/eGov/apps/document/center.egov?view=item&id=1971","Paterson RAP RAP00350; Ward 1; Block 1106 Lot 20; Listed on Paterson's official Registered Abandoned Properties (RAP) inventory per Ordinance 14-004.",""
"318-320 Redwood Ave, Paterson, NJ 07522","40.927992","-74.191333","Paterson","NJ","07522","RESIDENTIAL","ABANDONED","COSME,HANS & BARRIENTOS,C.& URSULA","","https://www.google.com/maps/place/318-320+Redwood+Ave,+Paterson,+NJ+07522/@40.927992080543,-74.191333096261,19z","https://www.patersonnj.gov/eGov/apps/document/center.egov?view=item&id=1971","Paterson RAP RAP00806; Ward 1; Block 1106 Lot 41; Listed on Paterson's official Registered Abandoned Properties (RAP) inventory per Ordinance 14-004.",""
"322-324 Redwood Ave, Paterson, NJ 07522","40.928093","-74.191449","Paterson","NJ","07522","RESIDENTIAL","ABANDONED","CALLEGARI, VICTOR R.","","https://www.google.com/maps/place/322-324+Redwood+Ave,+Paterson,+NJ+07522/@40.928093165976,-74.191449344484,19z","https://www.patersonnj.gov/eGov/apps/document/center.egov?view=item&id=1971","Paterson RAP RAP01427; Ward 1; Block 1106 Lot 42; Listed on Paterson's official Registered Abandoned Properties (RAP) inventory per Ordinance 14-004.",""
"14-16 N 8th St, Paterson, NJ 07522","40.926648","-74.181358","Paterson","NJ","07522","RESIDENTIAL","ABANDONED","CARTER, ROSIE","","https://www.google.com/maps/place/14-16+N+8th+St,+Paterson,+NJ+07522/@40.926648366782,-74.181358321176,19z","https://www.patersonnj.gov/eGov/apps/document/center.egov?view=item&id=1971","Paterson RAP RAP00907; Ward 1; Block 707 Lot 3; Listed on Paterson's official Registered Abandoned Properties (RAP) inventory per Ordinance 14-004.",""
"30 N 8th St, Paterson, NJ 07522","40.927018","-74.180809","Paterson","NJ","07522","RESIDENTIAL","ABANDONED","DEL VALLE,IVETTE","","https://www.google.com/maps/place/30+N+8th+St,+Paterson,+NJ+07522/@40.927018145669,-74.180808861015,19z","https://www.patersonnj.gov/eGov/apps/document/center.egov?view=item&id=1971","Paterson RAP RAP00771; Ward 1; Block 707 Lot 7; Listed on Paterson's official Registered Abandoned Properties (RAP) inventory per Ordinance 14-004.",""
"33-35 N 7th St, Paterson, NJ 07508","40.931230","-74.173810","Paterson","NJ","07508","RESIDENTIAL","ABANDONED","STEINBERG,RIVKA","","https://www.google.com/maps/place/33-35+N+7th+St,+Paterson,+NJ+07508/@40.931229702815,-74.173810036722,19z","https://www.patersonnj.gov/eGov/apps/document/center.egov?view=item&id=1971","Paterson RAP RAP00680; Ward 1; Block 707 Lot 18; Listed on Paterson's official Registered Abandoned Properties (RAP) inventory per Ordinance 14-004.",""
"213-215 Marion St, Paterson, NJ 07522","40.924803","-74.184208","Paterson","NJ","07522","RESIDENTIAL","ABANDONED","LOZA,CHRISTIAN & JANICE","","https://www.google.com/maps/place/213-215+Marion+St,+Paterson,+NJ+07522/@40.924803165568,-74.184208394901,19z","https://www.patersonnj.gov/eGov/apps/document/center.egov?view=item&id=1971","Paterson RAP RAP01095; Ward 1; Block 911 Lot 2; Listed on Paterson's official Registered Abandoned Properties (RAP) inventory per Ordinance 14-004.",""
"128 Hamilton Ave, Paterson, NJ 07501","40.920208","-74.166347","Paterson","NJ","07501","RESIDENTIAL","ABANDONED","MICKENS,WILLIE & PRISCILLA-FEATHERS","","https://www.google.com/maps/place/128+Hamilton+Ave,+Paterson,+NJ+07501/@40.920208087935,-74.166347227794,19z","https://www.patersonnj.gov/eGov/apps/document/center.egov?view=item&id=1971","Paterson RAP RAP00979; Ward 1; Block 3615 Lot 6; Listed on Paterson's official Registered Abandoned Properties (RAP) inventory per Ordinance 14-004.",""
"117-121 Hamilton Ave, Paterson, NJ 07501","40.920346","-74.166859","Paterson","NJ","07501","RESIDENTIAL","ABANDONED","ROSA PARKS APARMENTS INC","","https://www.google.com/maps/place/117-121+Hamilton+Ave,+Paterson,+NJ+07501/@40.920345914573,-74.166858534794,19z","https://www.patersonnj.gov/eGov/apps/document/center.egov?view=item&id=1971","Paterson RAP RAP00745; Ward 1; Block 3616 Lot 8; Listed on Paterson's official Registered Abandoned Properties (RAP) inventory per Ordinance 14-004.",""
"115-117 Hamilton Ave, Paterson, NJ 07501","40.920348","-74.166907","Paterson","NJ","07501","RESIDENTIAL","ABANDONED","CLYBURN, WILLIAM & DENISE H/W","","https://www.google.com/maps/place/115-117+Hamilton+Ave,+Paterson,+NJ+07501/@40.92034811192,-74.166907315867,19z","https://www.patersonnj.gov/eGov/apps/document/center.egov?view=item&id=1971","Paterson RAP RAP00980; Ward 1; Block 3616 Lot 9; Listed on Paterson's official Registered Abandoned Properties (RAP) inventory per Ordinance 14-004.",""
"111 Hamilton Ave, Paterson, NJ 07501","40.920353","-74.167005","Paterson","NJ","07501","RESIDENTIAL","ABANDONED","IAFELICE, DANIEL","","https://www.google.com/maps/place/111+Hamilton+Ave,+Paterson,+NJ+07501/@40.920352506616,-74.167004878013,19z","https://www.patersonnj.gov/eGov/apps/document/center.egov?view=item&id=1971","Paterson RAP RAP00394; Ward 1; Block 3616 Lot 11; Listed on Paterson's official Registered Abandoned Properties (RAP) inventory per Ordinance 14-004.",""
"107-109 Hamilton Ave, Paterson, NJ 07501","40.920357","-74.167102","Paterson","NJ","07501","RESIDENTIAL","ABANDONED","CZYKIER,LUKASZ","","https://www.google.com/maps/place/107-109+Hamilton+Ave,+Paterson,+NJ+07501/@40.920356901311,-74.167102440159,19z","https://www.patersonnj.gov/eGov/apps/document/center.egov?view=item&id=1971","Paterson RAP RAP00464; Ward 1; Block 3616 Lot 12; Listed on Paterson's official Registered Abandoned Properties (RAP) inventory per Ordinance 14-004.",""
"24 Bridge St, Paterson, NJ 07501","40.922274","-74.169684","Paterson","NJ","07501","RESIDENTIAL","ABANDONED","THOMAS,MELVIN","","https://www.google.com/maps/place/24+Bridge+St,+Paterson,+NJ+07501/@40.922274320116,-74.16968355166,19z","https://www.patersonnj.gov/eGov/apps/document/center.egov?view=item&id=1971","Paterson RAP RAP00369; Ward 1; Block 3702 Lot 14; Listed on Paterson's official Registered Abandoned Properties (RAP) inventory per Ordinance 14-004.",""
"20 Governor St, Paterson, NJ 07501","40.922375","-74.168835","Paterson","NJ","07501","RESIDENTIAL","ABANDONED","PENTECOSTAL CHURCH THE GOOD SHE.INC","","https://www.google.com/maps/place/20+Governor+St,+Paterson,+NJ+07501/@40.922375057279,-74.16883537801,19z","https://www.patersonnj.gov/eGov/apps/document/center.egov?view=item&id=1971","Paterson RAP RAP00452; Ward 1; Block 3703 Lot 6; Listed on Paterson's official Registered Abandoned Properties (RAP) inventory per Ordinance 14-004.",""
"52 Paterson St, Paterson, NJ 07501","40.921877","-74.168246","Paterson","NJ","07501","RESIDENTIAL","ABANDONED","SCALLEY,MIKE & SCALLEY,JANINE","","https://www.google.com/maps/place/52+Paterson+St,+Paterson,+NJ+07501/@40.921877428251,-74.168246229902,19z","https://www.patersonnj.gov/eGov/apps/document/center.egov?view=item&id=1971","Paterson RAP RAP00982; Ward 1; Block 3703 Lot 9; Listed on Paterson's official Registered Abandoned Properties (RAP) inventory per Ordinance 14-004.",""
"46 Ann St, Paterson, NJ 07501","40.922055","-74.167390","Paterson","NJ","07501","RESIDENTIAL","ABANDONED","CISSON,JOSEPH","","https://www.google.com/maps/place/46+Ann+St,+Paterson,+NJ+07501/@40.9220548502,-74.16739034108,19z","https://www.patersonnj.gov/eGov/apps/document/center.egov?view=item&id=1971","Paterson RAP RAP00517; Ward 1; Block 3704 Lot 3; Listed on Paterson's official Registered Abandoned Properties (RAP) inventory per Ordinance 14-004.",""
"61 Main St, Paterson, NJ 07505","40.920038","-74.172784","Paterson","NJ","07505","MIXED USE","ABANDONED","KCT9,1NC","","https://www.google.com/maps/place/61+Main+St,+Paterson,+NJ+07505/@40.920037918729,-74.17278363741,19z","https://www.patersonnj.gov/eGov/apps/document/center.egov?view=item&id=1971","Paterson RAP RAP01041; Ward 1; Block 3711 Lot 16; Listed on Paterson's official Registered Abandoned Properties (RAP) inventory per Ordinance 14-004.",""
"135 Main St, Paterson, NJ 07505","40.918642","-74.172924","Paterson","NJ","07505","MIXED USE","ABANDONED","TERU PATERSON LLC,","","https://www.google.com/maps/place/135+Main+St,+Paterson,+NJ+07505/@40.918642047854,-74.17292365371,19z","https://www.patersonnj.gov/eGov/apps/document/center.egov?view=item&id=1971","Paterson RAP RAP01006; Ward 1; Block 4401 Lot 21; Listed on Paterson's official Registered Abandoned Properties (RAP) inventory per Ordinance 14-004.",""
"39-51 Church St, Paterson, NJ 07505","40.917131","-74.170420","Paterson","NJ","07505","MIXED USE","ABANDONED","FABIAN-ALEXANDRIA LLC","","https://www.google.com/maps/place/39-51+Church+St,+Paterson,+NJ+07505/@40.917130975873,-74.170419987681,19z","https://www.patersonnj.gov/eGov/apps/document/center.egov?view=item&id=1971","Paterson RAP RAP00520; Ward 1; Block 4405 Lot 1; Listed on Paterson's official Registered Abandoned Properties (RAP) inventory per Ordinance 14-004.",""
"199 Market St, Paterson, NJ 07505","40.916225","-74.170002","Paterson","NJ","07505","MIXED USE","ABANDONED","199 MARKET STREET LLC","","https://www.google.com/maps/place/199+Market+St,+Paterson,+NJ+07505/@40.916224581614,-74.170001796854,19z","https://www.patersonnj.gov/eGov/apps/document/center.egov?view=item&id=1971","Paterson RAP RAP00530; Ward 1; Block 4405 Lot 28; Listed on Paterson's official Registered Abandoned Properties (RAP) inventory per Ordinance 14-004.",""
"191-195 Market St, Paterson, NJ 07505","40.916318","-74.170337","Paterson","NJ","07505","MIXED USE","ABANDONED","FABIAN-ALEXANDRIA LLC","","https://www.google.com/maps/place/191-195+Market+St,+Paterson,+NJ+07505/@40.916317802498,-74.170337421391,19z","https://www.patersonnj.gov/eGov/apps/document/center.egov?view=item&id=1971","Paterson RAP RAP00851; Ward 1; Block 4405 Lot 30; Listed on Paterson's official Registered Abandoned Properties (RAP) inventory per Ordinance 14-004.",""
"70 Main St, Paterson, NJ 07505","40.919839","-74.172954","Paterson","NJ","07505","MIXED USE","ABANDONED","7 MAIN PATERSON, LLC","","https://www.google.com/maps/place/70+Main+St,+Paterson,+NJ+07505/@40.919838911414,-74.172954325952,19z","https://www.patersonnj.gov/eGov/apps/document/center.egov?view=item&id=1971","Paterson RAP RAP00679; Ward 1; Block 4507 Lot 4; Listed on Paterson's official Registered Abandoned Properties (RAP) inventory per Ordinance 14-004.",""
"12 Plymouth Rd, Paterson, NJ 07502","40.923907","-74.192324","Paterson","NJ","07502","RESIDENTIAL","ABANDONED","MORA,OLGER & BLANCA H/W","","https://www.google.com/maps/place/12+Plymouth+Rd,+Paterson,+NJ+07502/@40.923907153542,-74.192323817709,19z","https://www.patersonnj.gov/eGov/apps/document/center.egov?view=item&id=1971","Paterson RAP RAP00304; Ward 1; Block 1004 Lot 16; Listed on Paterson's official Registered Abandoned Properties (RAP) inventory per Ordinance 14-004.",""
"44-48 Katz Ave, Paterson, NJ 07522","40.930096","-74.192913","Paterson","NJ","07522","RESIDENTIAL","ABANDONED","HSBC BANK USA,N.A.,","","https://www.google.com/maps/place/44-48+Katz+Ave,+Paterson,+NJ+07522/@40.930096137356,-74.192913068941,19z","https://www.patersonnj.gov/eGov/apps/document/center.egov?view=item&id=1971","Paterson RAP RAP01077; Ward 1; Block 1101 Lot 15; Listed on Paterson's official Registered Abandoned Properties (RAP) inventory per Ordinance 14-004.",""
"137 Granite Ave, Paterson, NJ 07502","40.928970","-74.192770","Paterson","NJ","07502","RESIDENTIAL","ABANDONED","LYNESS,MICHAELJ.","","https://www.google.com/maps/place/137+Granite+Ave,+Paterson,+NJ+07502/@40.928969882998,-74.192770243647,19z","https://www.patersonnj.gov/eGov/apps/document/center.egov?view=item&id=1971","Paterson RAP RAP01380; Ward 1; Block 1101 Lot 25; Listed on Paterson's official Registered Abandoned Properties (RAP) inventory per Ordinance 14-004.",""
"1 Kent Rd, Paterson, NJ 07502","40.925212","-74.192875","Paterson","NJ","07502","RESIDENTIAL","ABANDONED","MORRIS,DEANNA","","https://www.google.com/maps/place/1+Kent+Rd,+Paterson,+NJ+07502/@40.925212395236,-74.192875474955,19z","https://www.patersonnj.gov/eGov/apps/document/center.egov?view=item&id=1971","Paterson RAP RAP01301; Ward 1; Block 1101 Lot 53; Listed on Paterson's official Registered Abandoned Properties (RAP) inventory per Ordinance 14-004.",""
"17 Salem Rd, Paterson, NJ 07502","40.923891","-74.193811","Paterson","NJ","07502","RESIDENTIAL","ABANDONED","GROTZ,GUSTAVE C/0 BANK OF AMERICA","","https://www.google.com/maps/place/17+Salem+Rd,+Paterson,+NJ+07502/@40.923891404491,-74.193810755024,19z","https://www.patersonnj.gov/eGov/apps/document/center.egov?view=item&id=1971","Paterson RAP RAP00800; Ward 1; Block 1101 Lot 66; Listed on Paterson's official Registered Abandoned Properties (RAP) inventory per Ordinance 14-004.",""
"15 Salem Road, Paterson, NJ 07502","40.923884","-74.193744","Paterson","NJ","07502","RESIDENTIAL","ABANDONED","FREEDOM MORTGAGE CORPORATION","","https://www.google.com/maps/place/15+Salem+Road,+Paterson,+NJ+07502/@40.923884233876,-74.193743937963,19z","https://www.patersonnj.gov/eGov/apps/document/center.egov?view=item&id=1971","Paterson RAP RAP00928; Ward 1; Block 1101 Lot 67; Listed on Paterson's official Registered Abandoned Properties (RAP) inventory per Ordinance 14-004.",""
"13 Salem Rd, Paterson, NJ 07502","40.923877","-74.193677","Paterson","NJ","07502","RESIDENTIAL","ABANDONED","WALLACE,CORNELIUS Q.","","https://www.google.com/maps/place/13+Salem+Rd,+Paterson,+NJ+07502/@40.923877063261,-74.193677120903,19z","https://www.patersonnj.gov/eGov/apps/document/center.egov?view=item&id=1971","Paterson RAP RAP00798; Ward 1; Block 1101 Lot 68; Listed on Paterson's official Registered Abandoned Properties (RAP) inventory per Ordinance 14-004.",""
"343 Chamberlain Ave, Paterson, NJ 07502","40.923284","-74.191890","Paterson","NJ","07502","RESIDENTIAL","ABANDONED","MCCLAM,TONY & BELINDA L H/W","","https://www.google.com/maps/place/343+Chamberlain+Ave,+Paterson,+NJ+07502/@40.923284185398,-74.191889733515,19z","https://www.patersonnj.gov/eGov/apps/document/center.egov?view=item&id=1971","Paterson RAP RAP00486; Ward 1; Block 1004 Lot 30; Listed on Paterson's official Registered Abandoned Properties (RAP) inventory per Ordinance 14-004.",""
"33 Passaic St, Paterson, NJ 07501","40.915939","-74.176655","Paterson","NJ","07501","RESIDENTIAL","ABANDONED","PUGLIESI,FRANK & DAWN H/W","","https://www.google.com/maps/place/33+Passaic+St,+Paterson,+NJ+07501/@40.915938506283,-74.176654582687,19z","https://www.patersonnj.gov/eGov/apps/document/center.egov?view=item&id=1971","Paterson RAP RAP01014; Ward 1; Block 4607 Lot 13; Listed on Paterson's official Registered Abandoned Properties (RAP) inventory per Ordinance 14-004.",""
"32 Passaic St, Paterson, NJ 07501","40.916070","-74.175952","Paterson","NJ","07501","RESIDENTIAL","ABANDONED","PARAGON 32 PASSAIC,LLC","","https://www.google.com/maps/place/32+Passaic+St,+Paterson,+NJ+07501/@40.916070050347,-74.175951777463,19z","https://www.patersonnj.gov/eGov/apps/document/center.egov?view=item&id=1971","Paterson RAP RAP01153; Ward 1; Block 4608 Lot 3; Listed on Paterson's official Registered Abandoned Properties (RAP) inventory per Ordinance 14-004.",""
"19 Market St, Paterson, NJ 07501","40.914912","-74.177185","Paterson","NJ","07501","RESIDENTIAL","ABANDONED","LSC PARTNERS L/P MC LOOF CORP","","https://www.google.com/maps/place/19+Market+St,+Paterson,+NJ+07501/@40.914912474163,-74.177185494587,19z","https://www.patersonnj.gov/eGov/apps/document/center.egov?view=item&id=1971","Paterson RAP RAP01155; Ward 1; Block 4609 Lot 9; Listed on Paterson's official Registered Abandoned Properties (RAP) inventory per Ordinance 14-004.",""
"18 Elm St, Paterson, NJ 07501","40.914361","-74.176089","Paterson","NJ","07501","RESIDENTIAL","ABANDONED","FERRERAS,ELVIS","","https://www.google.com/maps/place/18+Elm+St,+Paterson,+NJ+07501/@40.914361166914,-74.176088938039,19z","https://www.patersonnj.gov/eGov/apps/document/center.egov?view=item&id=1971","Paterson RAP RAP00527; Ward 1; Block 4705 Lot 6; Listed on Paterson's official Registered Abandoned Properties (RAP) inventory per Ordinance 14-004.",""
"77 Mill St, Paterson, NJ 07501","40.913310","-74.175831","Paterson","NJ","07501","RESIDENTIAL","ABANDONED","MELGAR, JULIO E & CUBA,WILLIE N&ETA","","https://www.google.com/maps/place/77+Mill+St,+Paterson,+NJ+07501/@40.913309569944,-74.17583073053,19z","https://www.patersonnj.gov/eGov/apps/document/center.egov?view=item&id=1971","Paterson RAP RAP00881; Ward 1; Block 4706 Lot 23; Listed on Paterson's official Registered Abandoned Properties (RAP) inventory per Ordinance 14-004.",""
"73 Mill St, Paterson, NJ 07501","40.913517","-74.175960","Paterson","NJ","07501","RESIDENTIAL","ABANDONED","PERRI,DIEGO","","https://www.google.com/maps/place/73+Mill+St,+Paterson,+NJ+07501/@40.913516508431,-74.175960332575,19z","https://www.patersonnj.gov/eGov/apps/document/center.egov?view=item&id=1971","Paterson RAP RAP00882; Ward 1; Block 4706 Lot 25; Listed on Paterson's official Registered Abandoned Properties (RAP) inventory per Ordinance 14-004.",""
"49 Cliff St, Paterson, NJ 07508","40.931242","-74.188747","Paterson","NJ","07508","RESIDENTIAL","ABANDONED","CALDERON,ABDON & JUSTINO,WANDA H/W","","https://www.google.com/maps/place/49+Cliff+St,+Paterson,+NJ+07508/@40.931242170209,-74.188746672424,19z","https://www.patersonnj.gov/eGov/apps/document/center.egov?view=item&id=1971","Paterson RAP RAP00795; Ward 1; Block 602 Lot 9; Listed on Paterson's official Registered Abandoned Properties (RAP) inventory per Ordinance 14-004.",""
"162-164 W Broadway, Paterson, NJ 07522","40.922700","-74.178255","Paterson","NJ","07522","RESIDENTIAL","ABANDONED","JUBILO CORP","","https://www.google.com/maps/place/162-164+W+Broadway,+Paterson,+NJ+07522/@40.922700263128,-74.178254547503,19z","https://www.patersonnj.gov/eGov/apps/document/center.egov?view=item&id=1971","Paterson RAP RAP01208; Ward 1; Block 603 Lot 13; Listed on Paterson's official Registered Abandoned Properties (RAP) inventory per Ordinance 14-004.",""
"49 Ryle Ave, Paterson, NJ 07522","40.921414","-74.177169","Paterson","NJ","07522","RESIDENTIAL","ABANDONED","ORTIZ, ANA","","https://www.google.com/maps/place/49+Ryle+Ave,+Paterson,+NJ+07522/@40.921414306671,-74.177168810495,19z","https://www.patersonnj.gov/eGov/apps/document/center.egov?view=item&id=1971","Paterson RAP RAP00570; Ward 1; Block 605 Lot 17; Listed on Paterson's official Registered Abandoned Properties (RAP) inventory per Ordinance 14-004.",""
"523 Totowa Ave, Paterson, NJ 07522","40.921815","-74.179266","Paterson","NJ","07522","RESIDENTIAL","ABANDONED","S.A. BELKYS HOMES,LLC","","https://www.google.com/maps/place/523+Totowa+Ave,+Paterson,+NJ+07522/@40.921815428647,-74.179266331086,19z","https://www.patersonnj.gov/eGov/apps/document/center.egov?view=item&id=1971","Paterson RAP RAP00318; Ward 1; Block 607 Lot 13; Listed on Paterson's official Registered Abandoned Properties (RAP) inventory per Ordinance 14-004.",""
"209 W Broadway, Paterson, NJ 07522","40.923447","-74.180023","Paterson","NJ","07522","RESIDENTIAL","ABANDONED","AMERI,HOSSEIN","","https://www.google.com/maps/place/209+W+Broadway,+Paterson,+NJ+07522/@40.923447258871,-74.180022830578,19z","https://www.patersonnj.gov/eGov/apps/document/center.egov?view=item&id=1971","Paterson RAP RAP01209; Ward 1; Block 608 Lot 9; Listed on Paterson's official Registered Abandoned Properties (RAP) inventory per Ordinance 14-004.",""
"101 Coral St, Paterson, NJ 07522","40.922795","-74.180710","Paterson","NJ","07522","RESIDENTIAL","ABANDONED","VALENCIA,JUAN & RAMJIT,OMA","","https://www.google.com/maps/place/101+Coral+St,+Paterson,+NJ+07522/@40.922795171765,-74.180710385746,19z","https://www.patersonnj.gov/eGov/apps/document/center.egov?view=item&id=1971","Paterson RAP RAP01533; Ward 1; Block 609 Lot 12; Listed on Paterson's official Registered Abandoned Properties (RAP) inventory per Ordinance 14-004.",""
"83 Coral St, Paterson, NJ 07522","40.922660","-74.180555","Paterson","NJ","07522","RESIDENTIAL","ABANDONED","FLEMMINGS,LORRAINE L.& ROBIN","","https://www.google.com/maps/place/83+Coral+St,+Paterson,+NJ+07522/@40.922659857666,-74.180554967872,19z","https://www.patersonnj.gov/eGov/apps/document/center.egov?view=item&id=1971","Paterson RAP RAP00582; Ward 1; Block 609 Lot 19; Listed on Paterson's official Registered Abandoned Properties (RAP) inventory per Ordinance 14-004.",""
"93 Marion St, Paterson, NJ 07522","40.921641","-74.180579","Paterson","NJ","07522","RESIDENTIAL","ABANDONED","CITIMORTGAGE,INC","","https://www.google.com/maps/place/93+Marion+St,+Paterson,+NJ+07522/@40.921640942518,-74.180579041017,19z","https://www.patersonnj.gov/eGov/apps/document/center.egov?view=item&id=1971","Paterson RAP RAP01096; Ward 1; Block 912 Lot 19; Listed on Paterson's official Registered Abandoned Properties (RAP) inventory per Ordinance 14-004.",""
"123 Kearney St, Paterson, NJ 07522","40.922379","-74.182643","Paterson","NJ","07522","RESIDENTIAL","ABANDONED","GOLD MEMBERS FIRM,LLC","","https://www.google.com/maps/place/123+Kearney+St,+Paterson,+NJ+07522/@40.922379287762,-74.18264292349,19z","https://www.patersonnj.gov/eGov/apps/document/center.egov?view=item&id=1971","Paterson RAP RAP00922; Ward 1; Block 913 Lot 10; Listed on Paterson's official Registered Abandoned Properties (RAP) inventory per Ordinance 14-004.",""
"52 Jasper St, Paterson, NJ 07522","40.921106","-74.182205","Paterson","NJ","07522","RESIDENTIAL","ABANDONED","BANU,NAZMA","","https://www.google.com/maps/place/52+Jasper+St,+Paterson,+NJ+07522/@40.921106011491,-74.18220544331,19z","https://www.patersonnj.gov/eGov/apps/document/center.egov?view=item&id=1971","Paterson RAP RAP00920; Ward 1; Block 913 Lot 32; Listed on Paterson's official Registered Abandoned Properties (RAP) inventory per Ordinance 14-004.",""
"16 Redwood Ave, Paterson, NJ 07522","40.920328","-74.182507","Paterson","NJ","07522","RESIDENTIAL","ABANDONED","JACKSON-VARGAS SONIA P.","","https://www.google.com/maps/place/16+Redwood+Ave,+Paterson,+NJ+07522/@40.920327679525,-74.182506673682,19z","https://www.patersonnj.gov/eGov/apps/document/center.egov?view=item&id=1971","Paterson RAP RAP00579; Ward 1; Block 914 Lot 32; Listed on Paterson's official Registered Abandoned Properties (RAP) inventory per Ordinance 14-004.",""
"45 Redwood Ave, Paterson, NJ 07522","40.921179","-74.183695","Paterson","NJ","07522","RESIDENTIAL","ABANDONED","VEGA,RAUL & VOIGT,RITA ANN","","https://www.google.com/maps/place/45+Redwood+Ave,+Paterson,+NJ+07522/@40.921178824347,-74.183695045165,19z","https://www.patersonnj.gov/eGov/apps/document/center.egov?view=item&id=1971","Paterson RAP RAP00308; Ward 1; Block 916 Lot 17; Listed on Paterson's official Registered Abandoned Properties (RAP) inventory per Ordinance 14-004.",""
"29 Mcbride Ave, Paterson, NJ 07501","40.914350","-74.181559","Paterson","NJ","07501","RESIDENTIAL","ABANDONED","FLYING COLORS,LLC","","https://www.google.com/maps/place/29+Mcbride+Ave,+Paterson,+NJ+07501/@40.914350353716,-74.181558679502,19z","https://www.patersonnj.gov/eGov/apps/document/center.egov?view=item&id=1971","Paterson RAP RAP01166; Ward 1; Block 4609 Lot 5; Listed on Paterson's official Registered Abandoned Properties (RAP) inventory per Ordinance 14-004.",""
"8 Belmont Ave, Paterson, NJ 07522","40.924025","-74.180148","Paterson","NJ","07522","RESIDENTIAL","ABANDONED","RODRIGUEZ,CARLOS E.","","https://www.google.com/maps/place/8+Belmont+Ave,+Paterson,+NJ+07522/@40.924025090258,-74.180148459083,19z","https://www.patersonnj.gov/eGov/apps/document/center.egov?view=item&id=1971","Paterson RAP RAP01548; Ward 1; Block 603 Lot 27; Listed on Paterson's official Registered Abandoned Properties (RAP) inventory per Ordinance 14-004.",""
"61 Ryle Ave, Paterson, NJ 07522","40.921477","-74.176835","Paterson","NJ","07522","RESIDENTIAL","ABANDONED","HANSFORD, LENZY & JOSEPHINE H/W","","https://www.google.com/maps/place/61+Ryle+Ave,+Paterson,+NJ+07522/@40.921476979665,-74.176835134747,19z","https://www.patersonnj.gov/eGov/apps/document/center.egov?view=item&id=1971","Paterson RAP RAP01101; Ward 1; Block 605 Lot 11; Listed on Paterson's official Registered Abandoned Properties (RAP) inventory per Ordinance 14-004.",""
"5623 Kennerly Ave, Saint Louis, MO 63112","38.675317","-90.272484","Saint Louis","MO","63112","RESIDENTIAL","VACANT","LAND REUTILIZATION AUTHORITY","","https://www.google.com/maps/place/5623+Kennerly+Ave,+Saint+Louis,+MO+63112/@38.67531729327,-90.272484497805,19z","https://www.stlouis-mo.gov/government/departments/sldc/real-estate/lra-owned-property-search.cfm","LRA Parcel 52019420000; Ward 13; Wells Goodfellow; 1.5 story 1 unit frame; City-owned via Land Reutilization Authority; available for sale.",""
"5976 Kennerly Ave, Saint Louis, MO 63112","38.678588","-90.280530","Saint Louis","MO","63112","RESIDENTIAL","VACANT","LAND REUTILIZATION AUTHORITY","","https://www.google.com/maps/place/5976+Kennerly+Ave,+Saint+Louis,+MO+63112/@38.67858788622,-90.280529877656,19z","https://www.stlouis-mo.gov/government/departments/sldc/real-estate/lra-owned-property-search.cfm","LRA Parcel 49959010000; Ward 13; Wells Goodfellow; 2 story 4 unit brick; City-owned via Land Reutilization Authority; available for sale.",""
"3928 California Ave, Saint Louis, MO 63118","38.584268","-90.231898","Saint Louis","MO","63118","RESIDENTIAL","VACANT","LAND REUTILIZATION AUTHORITY","","https://www.google.com/maps/place/3928+California+Ave,+Saint+Louis,+MO+63118/@38.584268275186,-90.23189822592,19z","https://www.stlouis-mo.gov/government/departments/sldc/real-estate/lra-owned-property-search.cfm","LRA Parcel 25679050000; Ward 3; Dutchtown; 1 story 1 unit brick; City-owned via Land Reutilization Authority; available for sale.",""
"5641 Roosevelt Pl, Saint Louis, MO 63120","38.677923","-90.271783","Saint Louis","MO","63120","RESIDENTIAL","VACANT","LAND REUTILIZATION AUTHORITY","","https://www.google.com/maps/place/5641+Roosevelt+Pl,+Saint+Louis,+MO+63120/@38.677923174072,-90.271783151041,19z","https://www.stlouis-mo.gov/government/departments/sldc/real-estate/lra-owned-property-search.cfm","LRA Parcel 52449520000; Ward 13; Wells Goodfellow; 1 story 1 unit frame; City-owned via Land Reutilization Authority; available for sale.",""
"5631 Maffitt Ave, Saint Louis, MO 63112","38.676077","-90.272154","Saint Louis","MO","63112","RESIDENTIAL","VACANT","LAND REUTILIZATION AUTHORITY","","https://www.google.com/maps/place/5631+Maffitt+Ave,+Saint+Louis,+MO+63112/@38.676077280467,-90.272154145821,19z","https://www.stlouis-mo.gov/government/departments/sldc/real-estate/lra-owned-property-search.cfm","LRA Parcel 52029420000; Ward 13; Wells Goodfellow; 2 story 1 unit frame; City-owned via Land Reutilization Authority; available for sale.",""
"5353 Minerva Ave, Saint Louis, MO 63112","38.663032","-90.272551","Saint Louis","MO","63112","RESIDENTIAL","VACANT","LAND REUTILIZATION AUTHORITY","","https://www.google.com/maps/place/5353+Minerva+Ave,+Saint+Louis,+MO+63112/@38.663032361876,-90.27255055726,19z","https://www.stlouis-mo.gov/government/departments/sldc/real-estate/lra-owned-property-search.cfm","LRA Parcel 37999420000; Ward 13; Hamilton Heights; 2 story 2 unit brick; City-owned via Land Reutilization Authority; available for sale.",""
"4738 Wren Ave, Saint Louis, MO 63120","38.695265","-90.258581","Saint Louis","MO","63120","RESIDENTIAL","VACANT","LAND REUTILIZATION AUTHORITY","","https://www.google.com/maps/place/4738+Wren+Ave,+Saint+Louis,+MO+63120/@38.695264625018,-90.258581049498,19z","https://www.stlouis-mo.gov/government/departments/sldc/real-estate/lra-owned-property-search.cfm","LRA Parcel 55499130000; Ward 13; Walnut Park East; 1.5 story 1 unit frame; City-owned via Land Reutilization Authority; available for sale.",""
"5612 Florissant Ave, Saint Louis, MO 63120","38.701126","-90.244570","Saint Louis","MO","63120","RESIDENTIAL","VACANT","LAND REUTILIZATION AUTHORITY","","https://www.google.com/maps/place/5612+Florissant+Ave,+Saint+Louis,+MO+63120/@38.701125683406,-90.244570246537,19z","https://www.stlouis-mo.gov/government/departments/sldc/real-estate/lra-owned-property-search.cfm","LRA Parcel 51319170000; Ward 13; Walnut Park East; 2 story 1 unit stone; City-owned via Land Reutilization Authority; available for sale.",""
"5421 Gilmore Ave, Saint Louis, MO 63120","38.701965","-90.250895","Saint Louis","MO","63120","RESIDENTIAL","VACANT","LAND REUTILIZATION AUTHORITY","","https://www.google.com/maps/place/5421+Gilmore+Ave,+Saint+Louis,+MO+63120/@38.701964678816,-90.250894695984,19z","https://www.stlouis-mo.gov/government/departments/sldc/real-estate/lra-owned-property-search.cfm","LRA Parcel 51289370000; Ward 13; Walnut Park East; 2 story 2 unit; City-owned via Land Reutilization Authority; available for sale.",""
"4031 Greer Ave, Saint Louis, MO 63107","38.661264","-90.228182","Saint Louis","MO","63107","RESIDENTIAL","VACANT","LAND REUTILIZATION AUTHORITY","","https://www.google.com/maps/place/4031+Greer+Ave,+Saint+Louis,+MO+63107/@38.661263989542,-90.228181638522,19z","https://www.stlouis-mo.gov/government/departments/sldc/real-estate/lra-owned-property-search.cfm","LRA Parcel 51969240000; Ward 12; Greater Ville; 2 story 2 unit brick; City-owned via Land Reutilization Authority; available for sale.",""
"4037 Greer Ave, Saint Louis, MO 63107","38.661303","-90.228271","Saint Louis","MO","63107","RESIDENTIAL","VACANT","LAND REUTILIZATION AUTHORITY","","https://www.google.com/maps/place/4037+Greer+Ave,+Saint+Louis,+MO+63107/@38.661303112477,-90.2282713661,19z","https://www.stlouis-mo.gov/government/departments/sldc/real-estate/lra-owned-property-search.cfm","LRA Parcel 51969260000; Ward 12; Greater Ville; 2 story 2 unit brick; City-owned via Land Reutilization Authority; available for sale.",""
"2220 Alberta St, Saint Louis, MO 63118","38.583110","-90.225406","Saint Louis","MO","63118","RESIDENTIAL","VACANT","LAND REUTILIZATION AUTHORITY","","https://www.google.com/maps/place/2220+Alberta+St,+Saint+Louis,+MO+63118/@38.583110213578,-90.225406493645,19z","https://www.stlouis-mo.gov/government/departments/sldc/real-estate/lra-owned-property-search.cfm","LRA Parcel 25639060000; Ward 8; Marine Villa; 1 story 1 unit brick; City-owned via Land Reutilization Authority; available for sale.",""
"4118 Labadie Ave, Saint Louis, MO 63115","38.661338","-90.231390","Saint Louis","MO","63115","RESIDENTIAL","VACANT","LAND REUTILIZATION AUTHORITY","","https://www.google.com/maps/place/4118+Labadie+Ave,+Saint+Louis,+MO+63115/@38.661338017113,-90.231390457058,19z","https://www.stlouis-mo.gov/government/departments/sldc/real-estate/lra-owned-property-search.cfm","LRA Parcel 36699120000; Ward 12; Greater Ville; 2.5 story 4 unit brick; City-owned via Land Reutilization Authority; available for sale.",""
"1527 Newhouse Ave, Saint Louis, MO 63107","38.664764","-90.202435","Saint Louis","MO","63107","RESIDENTIAL","VACANT","LAND REUTILIZATION AUTHORITY","","https://www.google.com/maps/place/1527+Newhouse+Ave,+Saint+Louis,+MO+63107/@38.664763991627,-90.202434700476,19z","https://www.stlouis-mo.gov/government/departments/sldc/real-estate/lra-owned-property-search.cfm","LRA Parcel 24079170000; Ward 14; Hyde Park; 2 story 4 unit brick; City-owned via Land Reutilization Authority; available for sale.",""
"3413 14th St, Saint Louis, MO 63107","38.658493","-90.197417","Saint Louis","MO","63107","RESIDENTIAL","VACANT","LAND REUTILIZATION AUTHORITY","","https://www.google.com/maps/place/3413+14th+St,+Saint+Louis,+MO+63107/@38.658492710364,-90.19741740368,19z","https://www.stlouis-mo.gov/government/departments/sldc/real-estate/lra-owned-property-search.cfm","LRA Parcel 11849115000; Ward 14; Hyde Park; 2-3 Story Townhouses; City-owned via Land Reutilization Authority; available for sale.",""
"5962 Wells Ave, Saint Louis, MO 63112","38.673082","-90.284759","Saint Louis","MO","63112","RESIDENTIAL","VACANT","LAND REUTILIZATION AUTHORITY","","https://www.google.com/maps/place/5962+Wells+Ave,+Saint+Louis,+MO+63112/@38.67308244197,-90.284758534507,19z","https://www.stlouis-mo.gov/government/departments/sldc/real-estate/lra-owned-property-search.cfm","LRA Parcel 38369050000; Ward 13; Hamilton Heights; 2 story 2 unit brick; City-owned via Land Reutilization Authority; available for sale.",""
"4824 Northland Ave, Saint Louis, MO 63113","38.667170","-90.252487","Saint Louis","MO","63113","RESIDENTIAL","VACANT","LAND REUTILIZATION AUTHORITY","","https://www.google.com/maps/place/4824+Northland+Ave,+Saint+Louis,+MO+63113/@38.667169623918,-90.252487302331,19z","https://www.stlouis-mo.gov/government/departments/sldc/real-estate/lra-owned-property-search.cfm","LRA Parcel 44779295000; Ward 12; Kingsway East; 2.5 story 1 unit brick; City-owned via Land Reutilization Authority; available for sale.",""
"4010 St Louis Ave, Saint Louis, MO 63107","38.659274","-90.229315","Saint Louis","MO","63107","RESIDENTIAL","VACANT","LAND REUTILIZATION AUTHORITY","","https://www.google.com/maps/place/4010+St+Louis+Ave,+Saint+Louis,+MO+63107/@38.65927432725,-90.229314697526,19z","https://www.stlouis-mo.gov/government/departments/sldc/real-estate/lra-owned-property-search.cfm","LRA Parcel 36509150000; Ward 12; Greater Ville; 2 story 4 unit brick; City-owned via Land Reutilization Authority; available for sale.",""
"1907 Bremen Ave, Saint Louis, MO 63107","38.662651","-90.202891","Saint Louis","MO","63107","RESIDENTIAL","VACANT","LAND REUTILIZATION AUTHORITY","","https://www.google.com/maps/place/1907+Bremen+Ave,+Saint+Louis,+MO+63107/@38.662650592727,-90.202891137305,19z","https://www.stlouis-mo.gov/government/departments/sldc/real-estate/lra-owned-property-search.cfm","LRA Parcel 12389290000; Ward 14; Hyde Park; 3 story 1 unit brick; City-owned via Land Reutilization Authority; available for sale.",""
"5870 Cote Brilliante Ave, Saint Louis, MO 63112","38.674685","-90.280611","Saint Louis","MO","63112","RESIDENTIAL","VACANT","LAND REUTILIZATION AUTHORITY","","https://www.google.com/maps/place/5870+Cote+Brilliante+Ave,+Saint+Louis,+MO+63112/@38.674685238765,-90.280611457936,19z","https://www.stlouis-mo.gov/government/departments/sldc/real-estate/lra-owned-property-search.cfm","LRA Parcel 49919100000; Ward 13; Wells Goodfellow; 2 story 1 unit brick; City-owned via Land Reutilization Authority; available for sale.",""
"8417 Lowell St, Saint Louis, MO 63147","38.716140","-90.228342","Saint Louis","MO","63147","RESIDENTIAL","VACANT","LAND REUTILIZATION AUTHORITY","","https://www.google.com/maps/place/8417+Lowell+St,+Saint+Louis,+MO+63147/@38.716139582474,-90.228342019642,19z","https://www.stlouis-mo.gov/government/departments/sldc/real-estate/lra-owned-property-search.cfm","LRA Parcel 42939250000; Ward 13; Baden; 1 story 1 unit concrete block; City-owned via Land Reutilization Authority; available for sale.",""
"4432 Ashland Ave, Saint Louis, MO 63115","38.668088","-90.239205","Saint Louis","MO","63115","RESIDENTIAL","VACANT","LAND REUTILIZATION AUTHORITY","","https://www.google.com/maps/place/4432+Ashland+Ave,+Saint+Louis,+MO+63115/@38.668088468049,-90.239205235418,19z","https://www.stlouis-mo.gov/government/departments/sldc/real-estate/lra-owned-property-search.cfm","LRA Parcel 44639120000; Ward 12; Greater Ville; 1 story 1 unit brick; City-owned via Land Reutilization Authority; available for sale.",""
"1335 Arlington Ave, Saint Louis, MO 63112","38.663021","-90.273791","Saint Louis","MO","63112","RESIDENTIAL","VACANT","LAND REUTILIZATION AUTHORITY","","https://www.google.com/maps/place/1335+Arlington+Ave,+Saint+Louis,+MO+63112/@38.663021297412,-90.273790960388,19z","https://www.stlouis-mo.gov/government/departments/sldc/real-estate/lra-owned-property-search.cfm","LRA Parcel 38019065000; Ward 13; Hamilton Heights; 2 story 2 unit brick; City-owned via Land Reutilization Authority; available for sale.",""
"5060 Dr Martin Luther King Dr, Saint Louis, MO 63113","38.663734","-90.263604","Saint Louis","MO","63113","RESIDENTIAL","VACANT","LAND REUTILIZATION AUTHORITY","","https://www.google.com/maps/place/5060+Dr+Martin+Luther+King+Dr,+Saint+Louis,+MO+63113/@38.663733706538,-90.263604315648,19z","https://www.stlouis-mo.gov/government/departments/sldc/real-estate/lra-owned-property-search.cfm","LRA Parcel 37889650000; Ward 10; Academy; 2 Story Brick Attached Two Family Flat; City-owned via Land Reutilization Authority; available for sale.",""
"4606 Greer Ave, Saint Louis, MO 63115","38.668305","-90.244672","Saint Louis","MO","63115","RESIDENTIAL","VACANT","LAND REUTILIZATION AUTHORITY","","https://www.google.com/maps/place/4606+Greer+Ave,+Saint+Louis,+MO+63115/@38.668304827112,-90.244671882146,19z","https://www.stlouis-mo.gov/government/departments/sldc/real-estate/lra-owned-property-search.cfm","LRA Parcel 37109180000; Ward 12; Greater Ville; 2 story 2 unit brick; City-owned via Land Reutilization Authority; available for sale.",""
"4448 North Market St, Saint Louis, MO 63113","38.660400","-90.244652","Saint Louis","MO","63113","RESIDENTIAL","VACANT","LAND REUTILIZATION AUTHORITY","","https://www.google.com/maps/place/4448+North+Market+St,+Saint+Louis,+MO+63113/@38.660400076393,-90.244651846358,19z","https://www.stlouis-mo.gov/government/departments/sldc/real-estate/lra-owned-property-search.cfm","LRA Parcel 37039020000; Ward 12; The Ville; 1 story 1 unit; City-owned via Land Reutilization Authority; available for sale.",""
"4205 Aldine Ave, Saint Louis, MO 63113","38.654634","-90.238242","Saint Louis","MO","63113","RESIDENTIAL","VACANT","LAND REUTILIZATION AUTHORITY","","https://www.google.com/maps/place/4205+Aldine+Ave,+Saint+Louis,+MO+63113/@38.654633803474,-90.238241991675,19z","https://www.stlouis-mo.gov/government/departments/sldc/real-estate/lra-owned-property-search.cfm","LRA Parcel 36809160000; Ward 12; The Ville; 1 story 1 unit brick; City-owned via Land Reutilization Authority; available for sale.",""
"4211 Aldine Ave, Saint Louis, MO 63113","38.654679","-90.238339","Saint Louis","MO","63113","RESIDENTIAL","VACANT","LAND REUTILIZATION AUTHORITY","","https://www.google.com/maps/place/4211+Aldine+Ave,+Saint+Louis,+MO+63113/@38.654679339983,-90.238339389183,19z","https://www.stlouis-mo.gov/government/departments/sldc/real-estate/lra-owned-property-search.cfm","LRA Parcel 36809180000; Ward 12; The Ville; 1 story 1 unit brick; City-owned via Land Reutilization Authority; available for sale.",""
"3038 New Ashland Pl, Saint Louis, MO 63115","38.663640","-90.233771","Saint Louis","MO","63115","RESIDENTIAL","VACANT","LAND REUTILIZATION AUTHORITY","","https://www.google.com/maps/place/3038+New+Ashland+Pl,+Saint+Louis,+MO+63115/@38.663640286139,-90.233770585803,19z","https://www.stlouis-mo.gov/government/departments/sldc/real-estate/lra-owned-property-search.cfm","LRA Parcel 44679365000; Ward 12; Greater Ville; 1 story 1 unit frame; City-owned via Land Reutilization Authority; available for sale.",""
"4570 Dr Martin Luther King Dr, Saint Louis, MO 63113","38.658718","-90.250270","Saint Louis","MO","63113","RESIDENTIAL","VACANT","LAND REUTILIZATION AUTHORITY","","https://www.google.com/maps/place/4570+Dr+Martin+Luther+King+Dr,+Saint+Louis,+MO+63113/@38.658717868147,-90.250270047494,19z","https://www.stlouis-mo.gov/government/departments/sldc/real-estate/lra-owned-property-search.cfm","LRA Parcel 37759065000; Ward 10; Lewis Place; 2 story 2 unit brick; City-owned via Land Reutilization Authority; available for sale.",""
"3239 20th St, Saint Louis, MO 63107","38.656018","-90.201449","Saint Louis","MO","63107","RESIDENTIAL","VACANT","LAND REUTILIZATION AUTHORITY","","https://www.google.com/maps/place/3239+20th+St,+Saint+Louis,+MO+63107/@38.656017611793,-90.201449157205,19z","https://www.stlouis-mo.gov/government/departments/sldc/real-estate/lra-owned-property-search.cfm","LRA Parcel 11589130000; Ward 14; Hyde Park; 3 story 2 unit brick; City-owned via Land Reutilization Authority; available for sale.",""
"5212 Highland Ave, Saint Louis, MO 63113","38.669948","-90.262261","Saint Louis","MO","63113","RESIDENTIAL","VACANT","LAND REUTILIZATION AUTHORITY","","https://www.google.com/maps/place/5212+Highland+Ave,+Saint+Louis,+MO+63113/@38.669947913834,-90.262261437092,19z","https://www.stlouis-mo.gov/government/departments/sldc/real-estate/lra-owned-property-search.cfm","LRA Parcel 45049160000; Ward 12; Kingsway West; 2 story 4 unit brick; City-owned via Land Reutilization Authority; available for sale.",""
"3135 Sarah St, Saint Louis, MO 63115","38.662551","-90.229966","Saint Louis","MO","63115","RESIDENTIAL","VACANT","LAND REUTILIZATION AUTHORITY","","https://www.google.com/maps/place/3135+Sarah+St,+Saint+Louis,+MO+63115/@38.662551289206,-90.229965586275,19z","https://www.stlouis-mo.gov/government/departments/sldc/real-estate/lra-owned-property-search.cfm","LRA Parcel 36249330000; Ward 12; Greater Ville; 2 story 2 unit brick; City-owned via Land Reutilization Authority; available for sale.",""
"4207 Aldine Ave, Saint Louis, MO 63113","38.654649","-90.238274","Saint Louis","MO","63113","RESIDENTIAL","VACANT","LAND REUTILIZATION AUTHORITY","","https://www.google.com/maps/place/4207+Aldine+Ave,+Saint+Louis,+MO+63113/@38.65464898231,-90.238274457511,19z","https://www.stlouis-mo.gov/government/departments/sldc/real-estate/lra-owned-property-search.cfm","LRA Parcel 36809170000; Ward 12; The Ville; 1 story 1 unit brick; City-owned via Land Reutilization Authority; available for sale.",""
"5650 Acme Ave, Saint Louis, MO 63136","38.711016","-90.257662","Saint Louis","MO","63136","RESIDENTIAL","VACANT","LAND REUTILIZATION AUTHORITY","","https://www.google.com/maps/place/5650+Acme+Ave,+Saint+Louis,+MO+63136/@38.711015994535,-90.257662436223,19z","https://www.stlouis-mo.gov/government/departments/sldc/real-estate/lra-owned-property-search.cfm","LRA Parcel 54579150000; Ward 13; Walnut Park West; 2 story 2 unit frame; City-owned via Land Reutilization Authority; available for sale.",""
"5556 Riverview Blvd, Saint Louis, MO 63120","38.705769","-90.250180","Saint Louis","MO","63120","RESIDENTIAL","VACANT","LAND REUTILIZATION AUTHORITY","","https://www.google.com/maps/place/5556+Riverview+Blvd,+Saint+Louis,+MO+63120/@38.70576859724,-90.25017977331,19z","https://www.stlouis-mo.gov/government/departments/sldc/real-estate/lra-owned-property-search.cfm","LRA Parcel 51379070000; Ward 13; Walnut Park East; 1 story 1 unit; City-owned via Land Reutilization Authority; available for sale.",""
"4370 Lee Ave, Saint Louis, MO 63115","38.674144","-90.232277","Saint Louis","MO","63115","RESIDENTIAL","VACANT","LAND REUTILIZATION AUTHORITY","","https://www.google.com/maps/place/4370+Lee+Ave,+Saint+Louis,+MO+63115/@38.674144078877,-90.232277157514,19z","https://www.stlouis-mo.gov/government/departments/sldc/real-estate/lra-owned-property-search.cfm","LRA Parcel 44249020000; Ward 11; O'Fallon; 2 story 4 unit brick; City-owned via Land Reutilization Authority; available for sale.",""
"6010 Thekla Ave, Saint Louis, MO 63136","38.703910","-90.255213","Saint Louis","MO","63136","RESIDENTIAL","VACANT","LAND REUTILIZATION AUTHORITY","","https://www.google.com/maps/place/6010+Thekla+Ave,+Saint+Louis,+MO+63136/@38.703909838811,-90.255213375176,19z","https://www.stlouis-mo.gov/government/departments/sldc/real-estate/lra-owned-property-search.cfm","LRA Parcel 53479220000; Ward 13; Walnut Park West; 1.5 story 1 unit frame; City-owned via Land Reutilization Authority; available for sale.",""
"4021 Lee Ave, Saint Louis, MO 63107","38.669728","-90.221857","Saint Louis","MO","63107","RESIDENTIAL","VACANT","LAND REUTILIZATION AUTHORITY","","https://www.google.com/maps/place/4021+Lee+Ave,+Saint+Louis,+MO+63107/@38.669728202393,-90.221856715938,19z","https://www.stlouis-mo.gov/government/departments/sldc/real-estate/lra-owned-property-search.cfm","LRA Parcel 35769250000; Ward 11; O'Fallon; 1 story 1 unit brick; City-owned via Land Reutilization Authority; available for sale.",""
"3254 20th St, Saint Louis, MO 63107","38.656353","-90.201181","Saint Louis","MO","63107","RESIDENTIAL","VACANT","LAND REUTILIZATION AUTHORITY","","https://www.google.com/maps/place/3254+20th+St,+Saint+Louis,+MO+63107/@38.656353126535,-90.201180567938,19z","https://www.stlouis-mo.gov/government/departments/sldc/real-estate/lra-owned-property-search.cfm","LRA Parcel 11579080000; Ward 14; Hyde Park; 2.5 story 2 unit brick; City-owned via Land Reutilization Authority; available for sale.",""
"2839 Arlington Ave, Saint Louis, MO 63120","38.674584","-90.265565","Saint Louis","MO","63120","RESIDENTIAL","VACANT","LAND REUTILIZATION AUTHORITY","","https://www.google.com/maps/place/2839+Arlington+Ave,+Saint+Louis,+MO+63120/@38.674584379639,-90.265564512409,19z","https://www.stlouis-mo.gov/government/departments/sldc/real-estate/lra-owned-property-search.cfm","LRA Parcel 48259390000; Ward 13; Wells Goodfellow; 2 story 1 unit brick; City-owned via Land Reutilization Authority; available for sale.",""
"2900 Newstead Ave, Saint Louis, MO 63115","38.664205","-90.240347","Saint Louis","MO","63115","COMMERCIAL","VACANT","LAND REUTILIZATION AUTHORITY","","https://www.google.com/maps/place/2900+Newstead+Ave,+Saint+Louis,+MO+63115/@38.664204650437,-90.240347214444,19z","https://www.stlouis-mo.gov/government/departments/sldc/real-estate/lra-owned-property-search.cfm","LRA Parcel 44689340000; Ward 12; Greater Ville; 1 story commercial building / a/k/a 4385 St. Louis; City-owned via Land Reutilization Authority; available for sale.",""
"3029 Whittier St, Saint Louis, MO 63115","38.662569","-90.232287","Saint Louis","MO","63115","RESIDENTIAL","VACANT","LAND REUTILIZATION AUTHORITY","","https://www.google.com/maps/place/3029+Whittier+St,+Saint+Louis,+MO+63115/@38.662568782449,-90.23228741241,19z","https://www.stlouis-mo.gov/government/departments/sldc/real-estate/lra-owned-property-search.cfm","LRA Parcel 44679275000; Ward 12; Greater Ville; 2 story 2 unit brick; City-owned via Land Reutilization Authority; available for sale.",""
"3037 Whittier St, Saint Louis, MO 63115","38.662593","-90.232250","Saint Louis","MO","63115","RESIDENTIAL","VACANT","LAND REUTILIZATION AUTHORITY","","https://www.google.com/maps/place/3037+Whittier+St,+Saint+Louis,+MO+63115/@38.662593412448,-90.232250467411,19z","https://www.stlouis-mo.gov/government/departments/sldc/real-estate/lra-owned-property-search.cfm","LRA Parcel 44679260000; Ward 12; Greater Ville; 2 story 1 unit brick; City-owned via Land Reutilization Authority; available for sale.",""
"3043 Whittier St, Saint Louis, MO 63115","38.662599","-90.232251","Saint Louis","MO","63115","RESIDENTIAL","VACANT","LAND REUTILIZATION AUTHORITY","","https://www.google.com/maps/place/3043+Whittier+St,+Saint+Louis,+MO+63115/@38.662599012753,-90.232251393475,19z","https://www.stlouis-mo.gov/government/departments/sldc/real-estate/lra-owned-property-search.cfm","LRA Parcel 44679250000; Ward 12; Greater Ville; 1 story 1 unit brick; City-owned via Land Reutilization Authority; available for sale.",""
"5000 Kingshighway Blvd, Saint Louis, MO 63109","38.584158","-90.277007","Saint Louis","MO","63109","RESIDENTIAL","VACANT","LAND REUTILIZATION AUTHORITY","","https://www.google.com/maps/place/5000+Kingshighway+Blvd,+Saint+Louis,+MO+63109/@38.584158338721,-90.277006741706,19z","https://www.stlouis-mo.gov/government/departments/sldc/real-estate/lra-owned-property-search.cfm","LRA Parcel 58869020000; Ward 12; Mark Twain; 2 story 2 unit (ESC); City-owned via Land Reutilization Authority; available for sale.",""
"4021 California Ave, Saint Louis, MO 63118","38.582344","-90.232443","Saint Louis","MO","63118","RESIDENTIAL","VACANT","LAND REUTILIZATION AUTHORITY","","https://www.google.com/maps/place/4021+California+Ave,+Saint+Louis,+MO+63118/@38.582344417235,-90.23244250612,19z","https://www.stlouis-mo.gov/government/departments/sldc/real-estate/lra-owned-property-search.cfm","LRA Parcel 26029200000; Ward 3; Dutchtown; 1 story 1 unit brick; City-owned via Land Reutilization Authority; available for sale.",""
"1531 Obear Ave, Saint Louis, MO 63107","38.672238","-90.207496","Saint Louis","MO","63107","RESIDENTIAL","VACANT","LAND REUTILIZATION AUTHORITY","","https://www.google.com/maps/place/1531+Obear+Ave,+Saint+Louis,+MO+63107/@38.672237931294,-90.207496280579,19z","https://www.stlouis-mo.gov/government/departments/sldc/real-estate/lra-owned-property-search.cfm","LRA Parcel 24749270000; Ward 14; College Hill; 2 story 2 unit brick; City-owned via Land Reutilization Authority; available for sale.",""
"3039 Rolla Pl, Saint Louis, MO 63115","38.663206","-90.232288","Saint Louis","MO","63115","RESIDENTIAL","VACANT","LAND REUTILIZATION AUTHORITY","","https://www.google.com/maps/place/3039+Rolla+Pl,+Saint+Louis,+MO+63115/@38.663205889894,-90.232288003785,19z","https://www.stlouis-mo.gov/government/departments/sldc/real-estate/lra-owned-property-search.cfm","LRA Parcel 44679570000; Ward 12; Greater Ville; 1 story 1 unit brick; City-owned via Land Reutilization Authority; available for sale.",""
"1315 Laurel St, Saint Louis, MO 63112","38.667745","-90.284206","Saint Louis","MO","63112","RESIDENTIAL","VACANT","LAND REUTILIZATION AUTHORITY","","https://www.google.com/maps/place/1315+Laurel+St,+Saint+Louis,+MO+63112/@38.667745216869,-90.284205866465,19z","https://www.stlouis-mo.gov/government/departments/sldc/real-estate/lra-owned-property-search.cfm","LRA Parcel 38239180000; Ward 13; Hamilton Heights; 2 story 1 unit brick; City-owned via Land Reutilization Authority; available for sale.",""
"5428 Thrush Ave, Saint Louis, MO 63120","38.698777","-90.247842","Saint Louis","MO","63120","RESIDENTIAL","VACANT","LAND REUTILIZATION AUTHORITY","","https://www.google.com/maps/place/5428+Thrush+Ave,+Saint+Louis,+MO+63120/@38.698776910099,-90.2478421601,19z","https://www.stlouis-mo.gov/government/departments/sldc/real-estate/lra-owned-property-search.cfm","LRA Parcel 55299100000; Ward 13; Walnut Park East; 1 story 1 unit brick; City-owned via Land Reutilization Authority; available for sale.",""
"5465 Thrush Ave, Saint Louis, MO 63120","38.699344","-90.247064","Saint Louis","MO","63120","RESIDENTIAL","VACANT","LAND REUTILIZATION AUTHORITY","","https://www.google.com/maps/place/5465+Thrush+Ave,+Saint+Louis,+MO+63120/@38.699343522839,-90.247064314267,19z","https://www.stlouis-mo.gov/government/departments/sldc/real-estate/lra-owned-property-search.cfm","LRA Parcel 51249290000; Ward 13; Walnut Park East; 1 story 1 unit; City-owned via Land Reutilization Authority; available for sale.",""
"4619 Newberry Ter, Saint Louis, MO 63113","38.655834","-90.253128","Saint Louis","MO","63113","RESIDENTIAL","VACANT","LAND REUTILIZATION AUTHORITY","","https://www.google.com/maps/place/4619+Newberry+Ter,+Saint+Louis,+MO+63113/@38.655834364783,-90.253127652116,19z","https://www.stlouis-mo.gov/government/departments/sldc/real-estate/lra-owned-property-search.cfm","LRA Parcel 37729400000; Ward 10; Lewis Place; 2.5 story 1 unit brick; City-owned via Land Reutilization Authority; available for sale.",""
"2808 Arlington Ave, Saint Louis, MO 63120","38.674028","-90.265804","Saint Louis","MO","63120","RESIDENTIAL","VACANT","LAND REUTILIZATION AUTHORITY","","https://www.google.com/maps/place/2808+Arlington+Ave,+Saint+Louis,+MO+63120/@38.674028390969,-90.265803561919,19z","https://www.stlouis-mo.gov/government/departments/sldc/real-estate/lra-owned-property-search.cfm","LRA Parcel 45179315000; Ward 12; Wells Goodfellow; 1 story 1 unit brick; City-owned via Land Reutilization Authority; available for sale.",""
"8823 Lowell St, Saint Louis, MO 63147","38.724316","-90.227197","Saint Louis","MO","63147","RESIDENTIAL","VACANT","LAND REUTILIZATION AUTHORITY","","https://www.google.com/maps/place/8823+Lowell+St,+Saint+Louis,+MO+63147/@38.724315557045,-90.22719680213,19z","https://www.stlouis-mo.gov/government/departments/sldc/real-estate/lra-owned-property-search.cfm","LRA Parcel 56279070000; Ward 13; Baden; 1 story 1 unit frame; City-owned via Land Reutilization Authority; available for sale.",""
"2621 Hodiamont Ave, Saint Louis, MO 63112","38.678961","-90.282623","Saint Louis","MO","63112","RESIDENTIAL","VACANT","LAND REUTILIZATION AUTHORITY","","https://www.google.com/maps/place/2621+Hodiamont+Ave,+Saint+Louis,+MO+63112/@38.678960638807,-90.282623094671,19z","https://www.stlouis-mo.gov/government/departments/sldc/real-estate/lra-owned-property-search.cfm","LRA Parcel 50789010000; Ward 13; Wells Goodfellow; 2 story 2 unit brick; City-owned via Land Reutilization Authority; available for sale.",""
"5464 Union Blvd, Saint Louis, MO 63115","38.694371","-90.240084","Saint Louis","MO","63115","RESIDENTIAL","VACANT","LAND REUTILIZATION AUTHORITY","","https://www.google.com/maps/place/5464+Union+Blvd,+Saint+Louis,+MO+63115/@38.694371193609,-90.240083740085,19z","https://www.stlouis-mo.gov/government/departments/sldc/real-estate/lra-owned-property-search.cfm","LRA Parcel 50819190000; Ward 12; Mark Twain; 1 story 1 unit brick; City-owned via Land Reutilization Authority; available for sale.",""
"4753 Cupples Pl, Saint Louis, MO 63113","38.665779","-90.251204","Saint Louis","MO","63113","RESIDENTIAL","VACANT","LAND REUTILIZATION AUTHORITY","","https://www.google.com/maps/place/4753+Cupples+Pl,+Saint+Louis,+MO+63113/@38.665779021415,-90.251203866608,19z","https://www.stlouis-mo.gov/government/departments/sldc/real-estate/lra-owned-property-search.cfm","LRA Parcel 44779540000; Ward 12; Kingsway East; 2 story 1 unit brick; City-owned via Land Reutilization Authority; available for sale.",""
"4469 Taylor Ave, Saint Louis, MO 63115","38.679928","-90.231820","Saint Louis","MO","63115","RESIDENTIAL","VACANT","LAND REUTILIZATION AUTHORITY","","https://www.google.com/maps/place/4469+Taylor+Ave,+Saint+Louis,+MO+63115/@38.679928033891,-90.231819726578,19z","https://www.stlouis-mo.gov/government/departments/sldc/real-estate/lra-owned-property-search.cfm","LRA Parcel 44199210000; Ward 11; Penrose; 1 story 1 unit frame; City-owned via Land Reutilization Authority; available for sale.",""
"5955 Lotus Ave, Saint Louis, MO 63112","38.676343","-90.281727","Saint Louis","MO","63112","RESIDENTIAL","VACANT","LAND REUTILIZATION AUTHORITY","","https://www.google.com/maps/place/5955+Lotus+Ave,+Saint+Louis,+MO+63112/@38.676342989169,-90.28172659822,19z","https://www.stlouis-mo.gov/government/departments/sldc/real-estate/lra-owned-property-search.cfm","LRA Parcel 49979490000; Ward 13; Wells Goodfellow; 2 story 2 unit brick; City-owned via Land Reutilization Authority; available for sale.",""
"3025 Rolla Pl, Saint Louis, MO 63115","38.663162","-90.232319","Saint Louis","MO","63115","RESIDENTIAL","VACANT","LAND REUTILIZATION AUTHORITY","","https://www.google.com/maps/place/3025+Rolla+Pl,+Saint+Louis,+MO+63115/@38.663162374685,-90.232319280344,19z","https://www.stlouis-mo.gov/government/departments/sldc/real-estate/lra-owned-property-search.cfm","LRA Parcel 44679595000; Ward 12; Greater Ville; 1 story 1 unit brick; City-owned via Land Reutilization Authority; available for sale.",""
"4620 Margaretta Ave, Saint Louis, MO 63115","38.674409","-90.240502","Saint Louis","MO","63115","RESIDENTIAL","VACANT","LAND REUTILIZATION AUTHORITY","","https://www.google.com/maps/place/4620+Margaretta+Ave,+Saint+Louis,+MO+63115/@38.674408809527,-90.240501520794,19z","https://www.stlouis-mo.gov/government/departments/sldc/real-estate/lra-owned-property-search.cfm","LRA Parcel 44089550000; Ward 11; Penrose; 2 story 2 unit brick; City-owned via Land Reutilization Authority; available for sale.",""
"4603 Ashland Ave, Saint Louis, MO 63115","38.669962","-90.243211","Saint Louis","MO","63115","RESIDENTIAL","VACANT","LAND REUTILIZATION AUTHORITY","","https://www.google.com/maps/place/4603+Ashland+Ave,+Saint+Louis,+MO+63115/@38.669962239392,-90.243210952376,19z","https://www.stlouis-mo.gov/government/departments/sldc/real-estate/lra-owned-property-search.cfm","LRA Parcel 44499050000; Ward 12; Greater Ville; 2 story 1 unit frame; City-owned via Land Reutilization Authority; available for sale.",""
"4535 Carrie Ave, Saint Louis, MO 63115","38.679478","-90.229910","Saint Louis","MO","63115","RESIDENTIAL","VACANT","LAND REUTILIZATION AUTHORITY","","https://www.google.com/maps/place/4535+Carrie+Ave,+Saint+Louis,+MO+63115/@38.679478296384,-90.229909736876,19z","https://www.stlouis-mo.gov/government/departments/sldc/real-estate/lra-owned-property-search.cfm","LRA Parcel 35589085000; Ward 11; Penrose; 1 story 4 unit brick; City-owned via Land Reutilization Authority; available for sale.",""
"4121 Warne Ave, Saint Louis, MO 63107","38.668769","-90.221697","Saint Louis","MO","63107","RESIDENTIAL","VACANT","LAND REUTILIZATION AUTHORITY","","https://www.google.com/maps/place/4121+Warne+Ave,+Saint+Louis,+MO+63107/@38.668768799231,-90.221696648602,19z","https://www.stlouis-mo.gov/government/departments/sldc/real-estate/lra-owned-property-search.cfm","LRA Parcel 35969180000; Ward 11; O'Fallon; 2 story 1 unit brick; City-owned via Land Reutilization Authority; available for sale.",""
"5230 Cote Brilliante Ave, Saint Louis, MO 63113","38.667399","-90.264376","Saint Louis","MO","63113","RESIDENTIAL","VACANT","LAND REUTILIZATION AUTHORITY","","https://www.google.com/maps/place/5230+Cote+Brilliante+Ave,+Saint+Louis,+MO+63113/@38.667398774352,-90.264376170525,19z","https://www.stlouis-mo.gov/government/departments/sldc/real-estate/lra-owned-property-search.cfm","LRA Parcel 45119120000; Ward 12; Kingsway West; 2 story 1 unit brick; City-owned via Land Reutilization Authority; available for sale.",""
"3107 Rolla Pl, Saint Louis, MO 63115","38.663418","-90.232137","Saint Louis","MO","63115","RESIDENTIAL","VACANT","LAND REUTILIZATION AUTHORITY","","https://www.google.com/maps/place/3107+Rolla+Pl,+Saint+Louis,+MO+63115/@38.663418380366,-90.23213700626,19z","https://www.stlouis-mo.gov/government/departments/sldc/real-estate/lra-owned-property-search.cfm","LRA Parcel 44679535000; Ward 12; Greater Ville; 1 story 1 unit brick; City-owned via Land Reutilization Authority; available for sale.",""
"4476 Natural Bridge Ave, Saint Louis, MO 63115","38.670766","-90.238902","Saint Louis","MO","63115","RESIDENTIAL","VACANT","LAND REUTILIZATION AUTHORITY","","https://www.google.com/maps/place/4476+Natural+Bridge+Ave,+Saint+Louis,+MO+63115/@38.670766345845,-90.238901616872,19z","https://www.stlouis-mo.gov/government/departments/sldc/real-estate/lra-owned-property-search.cfm","LRA Parcel 44469105000; Ward 12; Greater Ville; 1 story 1 unit brick; City-owned via Land Reutilization Authority; available for sale.",""
"5253 Cote Brilliante Ave, Saint Louis, MO 63113","38.667713","-90.264802","Saint Louis","MO","63113","RESIDENTIAL","VACANT","LAND REUTILIZATION AUTHORITY","","https://www.google.com/maps/place/5253+Cote+Brilliante+Ave,+Saint+Louis,+MO+63113/@38.667713301392,-90.264802309044,19z","https://www.stlouis-mo.gov/government/departments/sldc/real-estate/lra-owned-property-search.cfm","LRA Parcel 45069495000; Ward 12; Kingsway West; 2 story 4 unit brick; City-owned via Land Reutilization Authority; available for sale.",""
"3956 Maffitt Ave, Saint Louis, MO 63113","38.657820","-90.228644","Saint Louis","MO","63113","RESIDENTIAL","VACANT","LAND REUTILIZATION AUTHORITY","","https://www.google.com/maps/place/3956+Maffitt+Ave,+Saint+Louis,+MO+63113/@38.657820173495,-90.228643725472,19z","https://www.stlouis-mo.gov/government/departments/sldc/real-estate/lra-owned-property-search.cfm","LRA Parcel 36449025000; Ward 12; Greater Ville; 2.5 story 1 unit brick; City-owned via Land Reutilization Authority; available for sale.",""
"1311 Laurel St, Saint Louis, MO 63112","38.667699","-90.284247","Saint Louis","MO","63112","RESIDENTIAL","VACANT","LAND REUTILIZATION AUTHORITY","","https://www.google.com/maps/place/1311+Laurel+St,+Saint+Louis,+MO+63112/@38.667698740793,-90.28424691468,19z","https://www.stlouis-mo.gov/government/departments/sldc/real-estate/lra-owned-property-search.cfm","LRA Parcel 38239185000; Ward 13; Hamilton Heights; 2 story 1 unit brick; City-owned via Land Reutilization Authority; available for sale.",""
"4569 Page Blvd, Saint Louis, MO 63113","38.656793","-90.252013","Saint Louis","MO","63113","RESIDENTIAL","VACANT","LAND REUTILIZATION AUTHORITY","","https://www.google.com/maps/place/4569+Page+Blvd,+Saint+Louis,+MO+63113/@38.656793269073,-90.252013135936,19z","https://www.stlouis-mo.gov/government/departments/sldc/real-estate/lra-owned-property-search.cfm","LRA Parcel 37749310000; Ward 10; Lewis Place; 1/2 of 2 story 4 unit brick; City-owned via Land Reutilization Authority; available for sale.",""
"4732 Newcomb Pl, Saint Louis, MO 63113","38.659618","-90.254755","Saint Louis","MO","63113","RESIDENTIAL","VACANT","LAND REUTILIZATION AUTHORITY","","https://www.google.com/maps/place/4732+Newcomb+Pl,+Saint+Louis,+MO+63113/@38.659617960275,-90.254755197715,19z","https://www.stlouis-mo.gov/government/departments/sldc/real-estate/lra-owned-property-search.cfm","LRA Parcel 37779150000; Ward 10; Lewis Place; 2 story 1 unit brick; City-owned via Land Reutilization Authority; available for sale.",""
"3137 Whittier St, Saint Louis, MO 63115","38.662995","-90.231983","Saint Louis","MO","63115","RESIDENTIAL","VACANT","LAND REUTILIZATION AUTHORITY","","https://www.google.com/maps/place/3137+Whittier+St,+Saint+Louis,+MO+63115/@38.662995314887,-90.231982580972,19z","https://www.stlouis-mo.gov/government/departments/sldc/real-estate/lra-owned-property-search.cfm","LRA Parcel 44679165000; Ward 12; Greater Ville; 1 story 1 unit brick - Chuck Berry House; City-owned via Land Reutilization Authority; available for sale.",""
"4261 Fair Ave, Saint Louis, MO 63115","38.672990","-90.224259","Saint Louis","MO","63115","RESIDENTIAL","VACANT","LAND REUTILIZATION AUTHORITY","","https://www.google.com/maps/place/4261+Fair+Ave,+Saint+Louis,+MO+63115/@38.672989931988,-90.224259346492,19z","https://www.stlouis-mo.gov/government/departments/sldc/real-estate/lra-owned-property-search.cfm","LRA Parcel 48959100000; Ward 11; O'Fallon; 1 story 1 unit frame; City-owned via Land Reutilization Authority; available for sale.",""
"1478 Laurel St, Saint Louis, MO 63112","38.671975","-90.280736","Saint Louis","MO","63112","RESIDENTIAL","VACANT","LAND REUTILIZATION AUTHORITY","","https://www.google.com/maps/place/1478+Laurel+St,+Saint+Louis,+MO+63112/@38.67197544162,-90.280736296343,19z","https://www.stlouis-mo.gov/government/departments/sldc/real-estate/lra-owned-property-search.cfm","LRA Parcel 53069090000; Ward 13; Hamilton Heights; 2 story 1 unit brick; City-owned via Land Reutilization Authority; available for sale.",""
"5815 Dr Martin Luther King Dr, Saint Louis, MO 63112","38.672311","-90.279705","Saint Louis","MO","63112","MIXED USE","VACANT","LAND REUTILIZATION AUTHORITY","","https://www.google.com/maps/place/5815+Dr+Martin+Luther+King+Dr,+Saint+Louis,+MO+63112/@38.67231127566,-90.279704735507,19z","https://www.stlouis-mo.gov/government/departments/sldc/real-estate/lra-owned-property-search.cfm","LRA Parcel 49909290000; Ward 13; Wells Goodfellow; 2 Story Brick Mixed Use Building; City-owned via Land Reutilization Authority; available for sale.",""
"5611 Thekla Ave, Saint Louis, MO 63120","38.698570","-90.248652","Saint Louis","MO","63120","RESIDENTIAL","VACANT","LAND REUTILIZATION AUTHORITY","","https://www.google.com/maps/place/5611+Thekla+Ave,+Saint+Louis,+MO+63120/@38.698569846595,-90.248652225915,19z","https://www.stlouis-mo.gov/government/departments/sldc/real-estate/lra-owned-property-search.cfm","LRA Parcel 51249450000; Ward 13; Walnut Park East; 1 story 1 unit frame; City-owned via Land Reutilization Authority; available for sale.",""
"2115 Gano Ave, Saint Louis, MO 63107","38.671678","-90.212295","Saint Louis","MO","63107","RESIDENTIAL","VACANT","LAND REUTILIZATION AUTHORITY","","https://www.google.com/maps/place/2115+Gano+Ave,+Saint+Louis,+MO+63107/@38.671678476743,-90.21229470508,19z","https://www.stlouis-mo.gov/government/departments/sldc/real-estate/lra-owned-property-search.cfm","LRA Parcel 33089180000; Ward 14; College Hill; 2 story 1 unit frame; City-owned via Land Reutilization Authority; available for sale.",""
"3208 Chippewa St, Saint Louis, MO 63118","38.587500","-90.238497","Saint Louis","MO","63118","RESIDENTIAL","VACANT","LAND REUTILIZATION AUTHORITY","","https://www.google.com/maps/place/3208+Chippewa+St,+Saint+Louis,+MO+63118/@38.587499677564,-90.238496608987,19z","https://www.stlouis-mo.gov/government/departments/sldc/real-estate/lra-owned-property-search.cfm","LRA Parcel 16209180000; Ward 3; Dutchtown; 1 story 1 unit brick; City-owned via Land Reutilization Authority; available for sale.",""
"3962 21st St, Saint Louis, MO 63107","38.662728","-90.205396","Saint Louis","MO","63107","RESIDENTIAL","VACANT","LAND REUTILIZATION AUTHORITY","","https://www.google.com/maps/place/3962+21st+St,+Saint+Louis,+MO+63107/@38.662727847175,-90.205395596089,19z","https://www.stlouis-mo.gov/government/departments/sldc/real-estate/lra-owned-property-search.cfm","LRA Parcel 24059010000; Ward 14; Hyde Park; 2 story 4 unit brick; City-owned via Land Reutilization Authority; available for sale.",""
"4230 Cote Brilliante Ave, Saint Louis, MO 63113","38.656416","-90.240296","Saint Louis","MO","63113","RESIDENTIAL","VACANT","LAND REUTILIZATION AUTHORITY","","https://www.google.com/maps/place/4230+Cote+Brilliante+Ave,+Saint+Louis,+MO+63113/@38.656416058595,-90.240296473958,19z","https://www.stlouis-mo.gov/government/departments/sldc/real-estate/lra-owned-property-search.cfm","LRA Parcel 36839140000; Ward 12; The Ville; 1 story 1 unit brick; City-owned via Land Reutilization Authority; available for sale.",""
"5180 Page Blvd, Saint Louis, MO 63113","38.660494","-90.268600","Saint Louis","MO","63113","RESIDENTIAL","VACANT","LAND REUTILIZATION AUTHORITY","","https://www.google.com/maps/place/5180+Page+Blvd,+Saint+Louis,+MO+63113/@38.660494418976,-90.268599957652,19z","https://www.stlouis-mo.gov/government/departments/sldc/real-estate/lra-owned-property-search.cfm","LRA Parcel 51499040000; Ward 10; Academy; 2 story 4 unit brick; City-owned via Land Reutilization Authority; available for sale.",""
"5405 Plover Ave, Saint Louis, MO 63120","38.699351","-90.249198","Saint Louis","MO","63120","RESIDENTIAL","VACANT","LAND REUTILIZATION AUTHORITY","","https://www.google.com/maps/place/5405+Plover+Ave,+Saint+Louis,+MO+63120/@38.699350999335,-90.249197668187,19z","https://www.stlouis-mo.gov/government/departments/sldc/real-estate/lra-owned-property-search.cfm","LRA Parcel 51259450000; Ward 13; Walnut Park East; 1 story 1 unit frame; City-owned via Land Reutilization Authority; available for sale.",""
"821 Mclaran Ave, Saint Louis, MO 63147","38.714957","-90.230387","Saint Louis","MO","63147","RESIDENTIAL","VACANT","LAND REUTILIZATION AUTHORITY","","https://www.google.com/maps/place/821+Mclaran+Ave,+Saint+Louis,+MO+63147/@38.714956701615,-90.230386976442,19z","https://www.stlouis-mo.gov/government/departments/sldc/real-estate/lra-owned-property-search.cfm","LRA Parcel 52099160000; Ward 13; Baden; 2 story 2 unit brick; City-owned via Land Reutilization Authority; available for sale.",""
"5656 Florissant Ave, Saint Louis, MO 63120","38.701889","-90.245234","Saint Louis","MO","63120","RESIDENTIAL","VACANT","LAND REUTILIZATION AUTHORITY","","https://www.google.com/maps/place/5656+Florissant+Ave,+Saint+Louis,+MO+63120/@38.701888868882,-90.245233784857,19z","https://www.stlouis-mo.gov/government/departments/sldc/real-estate/lra-owned-property-search.cfm","LRA Parcel 51329170000; Ward 13; Walnut Park East; 1 story 1 unit; City-owned via Land Reutilization Authority; available for sale.",""
"5417 Ruskin Ave, Saint Louis, MO 63115","38.692239","-90.240193","Saint Louis","MO","63115","RESIDENTIAL","VACANT","LAND REUTILIZATION AUTHORITY","","https://www.google.com/maps/place/5417+Ruskin+Ave,+Saint+Louis,+MO+63115/@38.692239170907,-90.240193077158,19z","https://www.stlouis-mo.gov/government/departments/sldc/real-estate/lra-owned-property-search.cfm","LRA Parcel 50809380000; Ward 12; Mark Twain; 1 story 1 unit; City-owned via Land Reutilization Authority; available for sale.",""
"4531 Ashland Ave, Saint Louis, MO 63115","38.669264","-90.241594","Saint Louis","MO","63115","RESIDENTIAL","VACANT","LAND REUTILIZATION AUTHORITY","","https://www.google.com/maps/place/4531+Ashland+Ave,+Saint+Louis,+MO+63115/@38.669264364304,-90.241594208838,19z","https://www.stlouis-mo.gov/government/departments/sldc/real-estate/lra-owned-property-search.cfm","LRA Parcel 44489405000; Ward 12; Greater Ville; 2 story 2 unit brick; City-owned via Land Reutilization Authority; available for sale.",""
"4668 St Ferdinand Ave, Saint Louis, MO 63113","38.663825","-90.250152","Saint Louis","MO","63113","RESIDENTIAL","VACANT","LAND REUTILIZATION AUTHORITY","","https://www.google.com/maps/place/4668+St+Ferdinand+Ave,+Saint+Louis,+MO+63113/@38.663825326895,-90.250152469285,19z","https://www.stlouis-mo.gov/government/departments/sldc/real-estate/lra-owned-property-search.cfm","LRA Parcel 44729020000; Ward 12; Greater Ville; 2 story 2 unit brick; City-owned via Land Reutilization Authority; available for sale.",""
"4147 Lexington Ave, Saint Louis, MO 63115","38.664466","-90.227414","Saint Louis","MO","63115","RESIDENTIAL","VACANT","LAND REUTILIZATION AUTHORITY","","https://www.google.com/maps/place/4147+Lexington+Ave,+Saint+Louis,+MO+63115/@38.664466357095,-90.227413573642,19z","https://www.stlouis-mo.gov/government/departments/sldc/real-estate/lra-owned-property-search.cfm","LRA Parcel 44419180000; Ward 12; Greater Ville; 1.5 story 1 unit frame; City-owned via Land Reutilization Authority; available for sale.",""
"4236 Kossuth Ave, Saint Louis, MO 63115","38.670936","-90.228432","Saint Louis","MO","63115","RESIDENTIAL","VACANT","LAND REUTILIZATION AUTHORITY","","https://www.google.com/maps/place/4236+Kossuth+Ave,+Saint+Louis,+MO+63115/@38.670936196405,-90.228432442786,19z","https://www.stlouis-mo.gov/government/departments/sldc/real-estate/lra-owned-property-search.cfm","LRA Parcel 44379020000; Ward 11; O'Fallon; 1 story 1 unit brick; City-owned via Land Reutilization Authority; available for sale.",""
"3817 Vest Ave, Saint Louis, MO 63107","38.659271","-90.210133","Saint Louis","MO","63107","RESIDENTIAL","VACANT","LAND REUTILIZATION AUTHORITY","","https://www.google.com/maps/place/3817+Vest+Ave,+Saint+Louis,+MO+63107/@38.65927145574,-90.210132604375,19z","https://www.stlouis-mo.gov/government/departments/sldc/real-estate/lra-owned-property-search.cfm","LRA Parcel 12479190000; Ward 14; Hyde Park; 2 story 2 unit brick; City-owned via Land Reutilization Authority; available for sale.",""
"4022 Lexington Ave, Saint Louis, MO 63107","38.663479","-90.226468","Saint Louis","MO","63107","RESIDENTIAL","VACANT","LAND REUTILIZATION AUTHORITY","","https://www.google.com/maps/place/4022+Lexington+Ave,+Saint+Louis,+MO+63107/@38.663479487435,-90.226468014844,19z","https://www.stlouis-mo.gov/government/departments/sldc/real-estate/lra-owned-property-search.cfm","LRA Parcel 51949070000; Ward 12; Greater Ville; 2 story 2 unit brick; City-owned via Land Reutilization Authority; available for sale.",""
"4207 Clay Ave, Saint Louis, MO 63115","38.671158","-90.222651","Saint Louis","MO","63115","RESIDENTIAL","VACANT","LAND REUTILIZATION AUTHORITY","","https://www.google.com/maps/place/4207+Clay+Ave,+Saint+Louis,+MO+63115/@38.671158248994,-90.222651040014,19z","https://www.stlouis-mo.gov/government/departments/sldc/real-estate/lra-owned-property-search.cfm","LRA Parcel 48969230000; Ward 11; O'Fallon; 1.5 story 1 unit frame; City-owned via Land Reutilization Authority; available for sale.",""
"4435 Farlin Ave, Saint Louis, MO 63115","38.673252","-90.235548","Saint Louis","MO","63115","RESIDENTIAL","VACANT","LAND REUTILIZATION AUTHORITY","","https://www.google.com/maps/place/4435+Farlin+Ave,+Saint+Louis,+MO+63115/@38.673251689731,-90.235547773689,19z","https://www.stlouis-mo.gov/government/departments/sldc/real-estate/lra-owned-property-search.cfm","LRA Parcel 44119155000; Ward 11; Penrose; 2 story 2 unit brick; City-owned via Land Reutilization Authority; available for sale.",""
"1406 Penrose St, Saint Louis, MO 63107","38.666468","-90.202957","Saint Louis","MO","63107","RESIDENTIAL","VACANT","LAND REUTILIZATION AUTHORITY","","https://www.google.com/maps/place/1406+Penrose+St,+Saint+Louis,+MO+63107/@38.666468381186,-90.202956720535,19z","https://www.stlouis-mo.gov/government/departments/sldc/real-estate/lra-owned-property-search.cfm","LRA Parcel 24149100000; Ward 14; Hyde Park; 2 story 4 unit brick; City-owned via Land Reutilization Authority; available for sale.",""
"4429 Harris Ave, Saint Louis, MO 63115","38.674717","-90.224994","Saint Louis","MO","63115","RESIDENTIAL","VACANT","LAND REUTILIZATION AUTHORITY","","https://www.google.com/maps/place/4429+Harris+Ave,+Saint+Louis,+MO+63115/@38.674716524906,-90.224994410751,19z","https://www.stlouis-mo.gov/government/departments/sldc/real-estate/lra-owned-property-search.cfm","LRA Parcel 35649180000; Ward 11; O'Fallon; 2 story 2 unit brick; City-owned via Land Reutilization Authority; available for sale.",""
"2108 Linton Ave, Saint Louis, MO 63107","38.674013","-90.213541","Saint Louis","MO","63107","RESIDENTIAL","VACANT","LAND REUTILIZATION AUTHORITY","","https://www.google.com/maps/place/2108+Linton+Ave,+Saint+Louis,+MO+63107/@38.674013478225,-90.213541484892,19z","https://www.stlouis-mo.gov/government/departments/sldc/real-estate/lra-owned-property-search.cfm","LRA Parcel 33589020000; Ward 14; College Hill; 2 story 4 unit brick; City-owned via Land Reutilization Authority; available for sale.",""
"5921 Page Blvd, Saint Louis, MO 63112","38.668877","-90.286741","Saint Louis","MO","63112","RESIDENTIAL","VACANT","LAND REUTILIZATION AUTHORITY","","https://www.google.com/maps/place/5921+Page+Blvd,+Saint+Louis,+MO+63112/@38.668877015912,-90.286740826847,19z","https://www.stlouis-mo.gov/government/departments/sldc/real-estate/lra-owned-property-search.cfm","LRA Parcel 38349470000; Ward 13; Hamilton Heights; 2 story 2 unit brick; City-owned via Land Reutilization Authority; available for sale.",""
"4869 Natural Bridge Ave, Saint Louis, MO 63115","38.674579","-90.247610","Saint Louis","MO","63115","COMMERCIAL","VACANT","LAND REUTILIZATION AUTHORITY","","https://www.google.com/maps/place/4869+Natural+Bridge+Ave,+Saint+Louis,+MO+63115/@38.674579295772,-90.247609574741,19z","https://www.stlouis-mo.gov/government/departments/sldc/real-estate/lra-owned-property-search.cfm","LRA Parcel 56219410000; Ward 12; Penrose; 1 Story Commercial Building; City-owned via Land Reutilization Authority; available for sale.",""
"3639 Cass Ave, Saint Louis, MO 63113","38.648529","-90.226671","Saint Louis","MO","63113","RESIDENTIAL","VACANT","LAND REUTILIZATION AUTHORITY","","https://www.google.com/maps/place/3639+Cass+Ave,+Saint+Louis,+MO+63113/@38.648528706199,-90.226670679321,19z","https://www.stlouis-mo.gov/government/departments/sldc/real-estate/lra-owned-property-search.cfm","LRA Parcel 18819250000; Ward 11; Jeff Vanderlou; 2 story 2 unit brick; City-owned via Land Reutilization Authority; available for sale.",""
"3611 Marcus Ave, Saint Louis, MO 63115","38.672536","-90.244725","Saint Louis","MO","63115","RESIDENTIAL","VACANT","LAND REUTILIZATION AUTHORITY","","https://www.google.com/maps/place/3611+Marcus+Ave,+Saint+Louis,+MO+63115/@38.672536081579,-90.244725254504,19z","https://www.stlouis-mo.gov/government/departments/sldc/real-estate/lra-owned-property-search.cfm","LRA Parcel 44519090000; Ward 12; Kingsway East; 1 story 1 unit stone; City-owned via Land Reutilization Authority; available for sale.",""
"1332 Laurel St, Saint Louis, MO 63112","38.667889","-90.283900","Saint Louis","MO","63112","RESIDENTIAL","VACANT","LAND REUTILIZATION AUTHORITY","","https://www.google.com/maps/place/1332+Laurel+St,+Saint+Louis,+MO+63112/@38.667889305362,-90.28390032768,19z","https://www.stlouis-mo.gov/government/departments/sldc/real-estate/lra-owned-property-search.cfm","LRA Parcel 38239055000; Ward 13; Hamilton Heights; 2 story 1 unit brick; City-owned via Land Reutilization Authority; available for sale.",""
"5157 Page Blvd, Saint Louis, MO 63113","38.660524","-90.267762","Saint Louis","MO","63113","RESIDENTIAL","VACANT","LAND REUTILIZATION AUTHORITY","","https://www.google.com/maps/place/5157+Page+Blvd,+Saint+Louis,+MO+63113/@38.660524011548,-90.267761622048,19z","https://www.stlouis-mo.gov/government/departments/sldc/real-estate/lra-owned-property-search.cfm","LRA Parcel 37929470000; Ward 10; Academy; 2 story 1 unit brick; City-owned via Land Reutilization Authority; available for sale.",""
"4045 Labadie Ave, Saint Louis, MO 63107","38.660582","-90.229374","Saint Louis","MO","63107","RESIDENTIAL","VACANT","LAND REUTILIZATION AUTHORITY","","https://www.google.com/maps/place/4045+Labadie+Ave,+Saint+Louis,+MO+63107/@38.660582309768,-90.22937443966,19z","https://www.stlouis-mo.gov/government/departments/sldc/real-estate/lra-owned-property-search.cfm","LRA Parcel 36489280000; Ward 12; Greater Ville; 2 story 1 unit brick; City-owned via Land Reutilization Authority; available for sale.",""
"4266 Red Bud Ave, Saint Louis, MO 63115","38.673806","-90.227298","Saint Louis","MO","63115","RESIDENTIAL","VACANT","LAND REUTILIZATION AUTHORITY","","https://www.google.com/maps/place/4266+Red+Bud+Ave,+Saint+Louis,+MO+63115/@38.67380584822,-90.227298468661,19z","https://www.stlouis-mo.gov/government/departments/sldc/real-estate/lra-owned-property-search.cfm","LRA Parcel 35679220000; Ward 11; O'Fallon; 2 story 2 unit brick; City-owned via Land Reutilization Authority; available for sale.",""
"3812 Lee Ave, Saint Louis, MO 63107","38.667844","-90.217829","Saint Louis","MO","63107","MIXED USE","VACANT","LAND REUTILIZATION AUTHORITY","","https://www.google.com/maps/place/3812+Lee+Ave,+Saint+Louis,+MO+63107/@38.667844486033,-90.217829438608,19z","https://www.stlouis-mo.gov/government/departments/sldc/real-estate/lra-owned-property-search.cfm","LRA Parcel 35879370000; Ward 11; Fairground Neighborhood; 2 Story Brick Mixed Use Building **; City-owned via Land Reutilization Authority; available for sale.",""
"3033 Sarah St, Saint Louis, MO 63115","38.661836","-90.230445","Saint Louis","MO","63115","RESIDENTIAL","VACANT","LAND REUTILIZATION AUTHORITY","","https://www.google.com/maps/place/3033+Sarah+St,+Saint+Louis,+MO+63115/@38.661835689639,-90.230445259514,19z","https://www.stlouis-mo.gov/government/departments/sldc/real-estate/lra-owned-property-search.cfm","LRA Parcel 36249470000; Ward 12; Greater Ville; 2 story 2 unit brick; City-owned via Land Reutilization Authority; available for sale.",""
"4276 Labadie Ave, Saint Louis, MO 63115","38.662953","-90.235064","Saint Louis","MO","63115","RESIDENTIAL","VACANT","LAND REUTILIZATION AUTHORITY","","https://www.google.com/maps/place/4276+Labadie+Ave,+Saint+Louis,+MO+63115/@38.662952534895,-90.235063889347,19z","https://www.stlouis-mo.gov/government/departments/sldc/real-estate/lra-owned-property-search.cfm","LRA Parcel 36729040000; Ward 12; Greater Ville; 2 story 2 unit brick; City-owned via Land Reutilization Authority; available for sale.",""
"4357 Aldine Ave, Saint Louis, MO 63113","38.657184","-90.244084","Saint Louis","MO","63113","RESIDENTIAL","VACANT","LAND REUTILIZATION AUTHORITY","","https://www.google.com/maps/place/4357+Aldine+Ave,+Saint+Louis,+MO+63113/@38.657184364017,-90.244083516046,19z","https://www.stlouis-mo.gov/government/departments/sldc/real-estate/lra-owned-property-search.cfm","LRA Parcel 36989450000; Ward 12; The Ville; 1 story 1 unit brick; City-owned via Land Reutilization Authority; available for sale.",""
"1911 Coleman St, Saint Louis, MO 63106","38.648930","-90.222961","Saint Louis","MO","63106","RESIDENTIAL","VACANT","LAND REUTILIZATION AUTHORITY","","https://www.google.com/maps/place/1911+Coleman+St,+Saint+Louis,+MO+63106/@38.648930151834,-90.222961255342,19z","https://www.stlouis-mo.gov/government/departments/sldc/real-estate/lra-owned-property-search.cfm","LRA Parcel 18869360000; Ward 11; Jeff Vanderlou; Half of a 2 Story Brick 4 Family Flat; City-owned via Land Reutilization Authority; available for sale.",""
"4528 Greer Ave, Saint Louis, MO 63115","38.667684","-90.243246","Saint Louis","MO","63115","RESIDENTIAL","VACANT","LAND REUTILIZATION AUTHORITY","","https://www.google.com/maps/place/4528+Greer+Ave,+Saint+Louis,+MO+63115/@38.667683616571,-90.24324645356,19z","https://www.stlouis-mo.gov/government/departments/sldc/real-estate/lra-owned-property-search.cfm","LRA Parcel 37109235000; Ward 12; Greater Ville; 1 story 1 unit brick; City-owned via Land Reutilization Authority; available for sale.",""
"2231 University St, Saint Louis, MO 63107","38.652937","-90.205491","Saint Louis","MO","63107","RESIDENTIAL","VACANT","LAND REUTILIZATION AUTHORITY","","https://www.google.com/maps/place/2231+University+St,+Saint+Louis,+MO+63107/@38.652936970014,-90.205490973788,19z","https://www.stlouis-mo.gov/government/departments/sldc/real-estate/lra-owned-property-search.cfm","LRA Parcel 10909195000; Ward 14; St. Louis Place; 2 story 1 unit frame; City-owned via Land Reutilization Authority; available for sale.",""
"4553 Dr Martin Luther King Dr, Saint Louis, MO 63113","38.658607","-90.249712","Saint Louis","MO","63113","MIXED USE","VACANT","LAND REUTILIZATION AUTHORITY","","https://www.google.com/maps/place/4553+Dr+Martin+Luther+King+Dr,+Saint+Louis,+MO+63113/@38.658607094397,-90.249711888008,19z","https://www.stlouis-mo.gov/government/departments/sldc/real-estate/lra-owned-property-search.cfm","LRA Parcel 37239165000; Ward 12; Greater Ville; 2 Story Brick Mixed Use Building; City-owned via Land Reutilization Authority; available for sale.",""
"4567 North Market St, Saint Louis, MO 63113","38.661927","-90.247865","Saint Louis","MO","63113","RESIDENTIAL","VACANT","LAND REUTILIZATION AUTHORITY","","https://www.google.com/maps/place/4567+North+Market+St,+Saint+Louis,+MO+63113/@38.661926722716,-90.247864911699,19z","https://www.stlouis-mo.gov/government/departments/sldc/real-estate/lra-owned-property-search.cfm","LRA Parcel 37189580000; Ward 12; Greater Ville; 1 story 1 unit brick; City-owned via Land Reutilization Authority; available for sale.",""
"3849 Maffitt Ave, Saint Louis, MO 63113","38.656813","-90.226054","Saint Louis","MO","63113","RESIDENTIAL","VACANT","LAND REUTILIZATION AUTHORITY","","https://www.google.com/maps/place/3849+Maffitt+Ave,+Saint+Louis,+MO+63113/@38.656812643083,-90.226053558801,19z","https://www.stlouis-mo.gov/government/departments/sldc/real-estate/lra-owned-property-search.cfm","LRA Parcel 36289340000; Ward 11; Jeff Vanderlou; 2 story 2 unit (SC); City-owned via Land Reutilization Authority; available for sale.",""
"4256 Cote Brilliante Ave, Saint Louis, MO 63113","38.656737","-90.241022","Saint Louis","MO","63113","RESIDENTIAL","VACANT","LAND REUTILIZATION AUTHORITY","","https://www.google.com/maps/place/4256+Cote+Brilliante+Ave,+Saint+Louis,+MO+63113/@38.656736686581,-90.241022420994,19z","https://www.stlouis-mo.gov/government/departments/sldc/real-estate/lra-owned-property-search.cfm","LRA Parcel 36839050000; Ward 12; The Ville; 2 story 2 unit brick; City-owned via Land Reutilization Authority; available for sale.",""
"3029 Sarah St, Saint Louis, MO 63115","38.661823","-90.230454","Saint Louis","MO","63115","RESIDENTIAL","VACANT","LAND REUTILIZATION AUTHORITY","","https://www.google.com/maps/place/3029+Sarah+St,+Saint+Louis,+MO+63115/@38.66182253992,-90.230454352405,19z","https://www.stlouis-mo.gov/government/departments/sldc/real-estate/lra-owned-property-search.cfm","LRA Parcel 36249490000; Ward 12; Greater Ville; 2 story 2 unit brick; City-owned via Land Reutilization Authority; available for sale.",""
"5200 Genevieve Ave, Saint Louis, MO 63120","38.696316","-90.250330","Saint Louis","MO","63120","MIXED USE","VACANT","LAND REUTILIZATION AUTHORITY","","https://www.google.com/maps/place/5200+Genevieve+Ave,+Saint+Louis,+MO+63120/@38.696315707172,-90.250330064117,19z","https://www.stlouis-mo.gov/government/departments/sldc/real-estate/lra-owned-property-search.cfm","LRA Parcel 55319010000; Ward 13; Walnut Park East; 2 Story Brick Mixed Use Building; City-owned via Land Reutilization Authority; available for sale.",""
"4772 Beacon Ave, Saint Louis, MO 63120","38.692736","-90.254934","Saint Louis","MO","63120","RESIDENTIAL","VACANT","LAND REUTILIZATION AUTHORITY","","https://www.google.com/maps/place/4772+Beacon+Ave,+Saint+Louis,+MO+63120/@38.692736421465,-90.254933669676,19z","https://www.stlouis-mo.gov/government/departments/sldc/real-estate/lra-owned-property-search.cfm","LRA Parcel 53179272000; Ward 13; Walnut Park East; 1.5 story 1 unit frame; City-owned via Land Reutilization Authority; available for sale.",""
"4219 Randall Pl, Saint Louis, MO 63107","38.667526","-90.202386","Saint Louis","MO","63107","RESIDENTIAL","VACANT","LAND REUTILIZATION AUTHORITY","","https://www.google.com/maps/place/4219+Randall+Pl,+Saint+Louis,+MO+63107/@38.66752577179,-90.20238551848,19z","https://www.stlouis-mo.gov/government/departments/sldc/real-estate/lra-owned-property-search.cfm","LRA Parcel 24399215000; Ward 14; Hyde Park; 2 story 2 unit brick; City-owned via Land Reutilization Authority; available for sale.",""
"2227 Angelica St, Saint Louis, MO 63107","38.663672","-90.208832","Saint Louis","MO","63107","RESIDENTIAL","VACANT","LAND REUTILIZATION AUTHORITY","","https://www.google.com/maps/place/2227+Angelica+St,+Saint+Louis,+MO+63107/@38.663672152416,-90.208832105246,19z","https://www.stlouis-mo.gov/government/departments/sldc/real-estate/lra-owned-property-search.cfm","LRA Parcel 24209190000; Ward 14; Hyde Park; 2 story 4 unit brick; City-owned via Land Reutilization Authority; available for sale.",""
"3306 21st St, Saint Louis, MO 63107","38.656155","-90.202376","Saint Louis","MO","63107","RESIDENTIAL","VACANT","LAND REUTILIZATION AUTHORITY","","https://www.google.com/maps/place/3306+21st+St,+Saint+Louis,+MO+63107/@38.656155261631,-90.202375991254,19z","https://www.stlouis-mo.gov/government/departments/sldc/real-estate/lra-owned-property-search.cfm","LRA Parcel 11589010000; Ward 14; Hyde Park; 3 story 2 unit brick; City-owned via Land Reutilization Authority; available for sale.",""
"3310 21st St, Saint Louis, MO 63107","38.656190","-90.202364","Saint Louis","MO","63107","RESIDENTIAL","VACANT","LAND REUTILIZATION AUTHORITY","","https://www.google.com/maps/place/3310+21st+St,+Saint+Louis,+MO+63107/@38.656189668802,-90.202363702977,19z","https://www.stlouis-mo.gov/government/departments/sldc/real-estate/lra-owned-property-search.cfm","LRA Parcel 11589020000; Ward 14; Hyde Park; 2.5 story 4 unit brick; City-owned via Land Reutilization Authority; available for sale.",""
"2018 Palm St, Saint Louis, MO 63107","38.655841","-90.201689","Saint Louis","MO","63107","RESIDENTIAL","VACANT","LAND REUTILIZATION AUTHORITY","","https://www.google.com/maps/place/2018+Palm+St,+Saint+Louis,+MO+63107/@38.655841006336,-90.201688738217,19z","https://www.stlouis-mo.gov/government/departments/sldc/real-estate/lra-owned-property-search.cfm","LRA Parcel 11389020000; Ward 14; Old North St. Louis; 3 story 4 unit brick; City-owned via Land Reutilization Authority; available for sale.",""
"1045 Sells Ave, Saint Louis, MO 63147","38.714377","-90.233968","Saint Louis","MO","63147","RESIDENTIAL","VACANT","LAND REUTILIZATION AUTHORITY","","https://www.google.com/maps/place/1045+Sells+Ave,+Saint+Louis,+MO+63147/@38.714376706986,-90.233967923596,19z","https://www.stlouis-mo.gov/government/departments/sldc/real-estate/lra-owned-property-search.cfm","LRA Parcel 42489130000; Ward 13; Baden; 2 story 2 unit brick; City-owned via Land Reutilization Authority; available for sale.",""
"6000 Harney Ave, Saint Louis, MO 63136","38.706130","-90.253279","Saint Louis","MO","63136","RESIDENTIAL","VACANT","LAND REUTILIZATION AUTHORITY","","https://www.google.com/maps/place/6000+Harney+Ave,+Saint+Louis,+MO+63136/@38.706129739322,-90.253279175754,19z","https://www.stlouis-mo.gov/government/departments/sldc/real-estate/lra-owned-property-search.cfm","LRA Parcel 53449240000; Ward 13; Walnut Park West; 1 story 1 unit frame; City-owned via Land Reutilization Authority; available for sale.",""
"928 Harlan Ave, Saint Louis, MO 63147","38.722249","-90.232768","Saint Louis","MO","63147","RESIDENTIAL","VACANT","LAND REUTILIZATION AUTHORITY","","https://www.google.com/maps/place/928+Harlan+Ave,+Saint+Louis,+MO+63147/@38.722248763265,-90.232767658216,19z","https://www.stlouis-mo.gov/government/departments/sldc/real-estate/lra-owned-property-search.cfm","LRA Parcel 53999130000; Ward 13; Baden; 1 story 1 unit frame; City-owned via Land Reutilization Authority; available for sale.",""
"5883 Minerva Ave, Saint Louis, MO 63112","38.669546","-90.284618","Saint Louis","MO","63112","RESIDENTIAL","VACANT","LAND REUTILIZATION AUTHORITY","","https://www.google.com/maps/place/5883+Minerva+Ave,+Saint+Louis,+MO+63112/@38.669545909091,-90.28461783931,19z","https://www.stlouis-mo.gov/government/departments/sldc/real-estate/lra-owned-property-search.cfm","LRA Parcel 38229530000; Ward 13; Hamilton Heights; 2 story 2 unit brick; City-owned via Land Reutilization Authority; available for sale.",""
"5814 Page Blvd, Saint Louis, MO 63112","38.667174","-90.283849","Saint Louis","MO","63112","RESIDENTIAL","VACANT","LAND REUTILIZATION AUTHORITY","","https://www.google.com/maps/place/5814+Page+Blvd,+Saint+Louis,+MO+63112/@38.667173894504,-90.283848674609,19z","https://www.stlouis-mo.gov/government/departments/sldc/real-estate/lra-owned-property-search.cfm","LRA Parcel 38249220000; Ward 10; West End; 2 story 2 unit brick; City-owned via Land Reutilization Authority; available for sale.",""
"2817 James Cool Papa Bell Ave, Saint Louis, MO 63106","38.642999","-90.216202","Saint Louis","MO","63106","RESIDENTIAL","VACANT","LAND REUTILIZATION AUTHORITY","","https://www.google.com/maps/place/2817+James+Cool+Papa+Bell+Ave,+Saint+Louis,+MO+63106/@38.64299915232,-90.216202372091,19z","https://www.stlouis-mo.gov/government/departments/sldc/real-estate/lra-owned-property-search.cfm","LRA Parcel 10029160000; Ward 14; Jeff Vanderlou; 2 story 1 unit; City-owned via Land Reutilization Authority; available for sale.",""
"4024 Penrose St, Saint Louis, MO 63107","38.670339","-90.221526","Saint Louis","MO","63107","RESIDENTIAL","VACANT","LAND REUTILIZATION AUTHORITY","","https://www.google.com/maps/place/4024+Penrose+St,+Saint+Louis,+MO+63107/@38.67033943108,-90.221525929878,19z","https://www.stlouis-mo.gov/government/departments/sldc/real-estate/lra-owned-property-search.cfm","LRA Parcel 35769130000; Ward 11; O'Fallon; 2 story 2 unit brick; City-owned via Land Reutilization Authority; available for sale.",""
"4056 Lee Ave, Saint Louis, MO 63107","38.669919","-90.222593","Saint Louis","MO","63107","MIXED USE","VACANT","LAND REUTILIZATION AUTHORITY","","https://www.google.com/maps/place/4056+Lee+Ave,+Saint+Louis,+MO+63107/@38.669919016851,-90.222592569521,19z","https://www.stlouis-mo.gov/government/departments/sldc/real-estate/lra-owned-property-search.cfm","LRA Parcel 35979065000; Ward 11; O'Fallon; 2 Story Brick Mixed Use Building; City-owned via Land Reutilization Authority; available for sale.",""
"1224 Walton Ave, Saint Louis, MO 63113","38.657517","-90.256420","Saint Louis","MO","63113","RESIDENTIAL","VACANT","LAND REUTILIZATION AUTHORITY","","https://www.google.com/maps/place/1224+Walton+Ave,+Saint+Louis,+MO+63113/@38.657516934677,-90.256420027253,19z","https://www.stlouis-mo.gov/government/departments/sldc/real-estate/lra-owned-property-search.cfm","LRA Parcel 37739570000; Ward 10; Lewis Place; 2 story 2 unit brick; City-owned via Land Reutilization Authority; available for sale.",""
"4207 Lexington Ave, Saint Louis, MO 63115","38.666395","-90.231887","Saint Louis","MO","63115","RESIDENTIAL","VACANT","LAND REUTILIZATION AUTHORITY","","https://www.google.com/maps/place/4207+Lexington+Ave,+Saint+Louis,+MO+63115/@38.666395199293,-90.231886943136,19z","https://www.stlouis-mo.gov/government/departments/sldc/real-estate/lra-owned-property-search.cfm","LRA Parcel 44419380000; Ward 12; Greater Ville; 1 story 1 unit brick; City-owned via Land Reutilization Authority; available for sale.",""
"3848 Kennerly Ave, Saint Louis, MO 63113","38.656049","-90.226598","Saint Louis","MO","63113","RESIDENTIAL","VACANT","LAND REUTILIZATION AUTHORITY","","https://www.google.com/maps/place/3848+Kennerly+Ave,+Saint+Louis,+MO+63113/@38.656048942331,-90.226597566398,19z","https://www.stlouis-mo.gov/government/departments/sldc/real-estate/lra-owned-property-search.cfm","LRA Parcel 36299250000; Ward 11; Jeff Vanderlou; 2 story 2 unit brick; City-owned via Land Reutilization Authority; available for sale.",""
"4438 Bessie Ave, Saint Louis, MO 63115","38.676407","-90.233417","Saint Louis","MO","63115","RESIDENTIAL","VACANT","LAND REUTILIZATION AUTHORITY","","https://www.google.com/maps/place/4438+Bessie+Ave,+Saint+Louis,+MO+63115/@38.676407488864,-90.233416550849,19z","https://www.stlouis-mo.gov/government/departments/sldc/real-estate/lra-owned-property-search.cfm","LRA Parcel 44169640000; Ward 11; Penrose; 1 story 1 unit frame; City-owned via Land Reutilization Authority; available for sale.",""
"3523 Harris Ave, Saint Louis, MO 63115","38.665652","-90.231478","Saint Louis","MO","63115","RESIDENTIAL","VACANT","LAND REUTILIZATION AUTHORITY","","https://www.google.com/maps/place/3523+Harris+Ave,+Saint+Louis,+MO+63115/@38.665651950277,-90.231478047018,19z","https://www.stlouis-mo.gov/government/departments/sldc/real-estate/lra-owned-property-search.cfm","LRA Parcel 44409450000; Ward 12; Greater Ville; 1 story 1 unit brick; City-owned via Land Reutilization Authority; available for sale.",""
"3521 Harris Ave, Saint Louis, MO 63115","38.665643","-90.231484","Saint Louis","MO","63115","RESIDENTIAL","VACANT","LAND REUTILIZATION AUTHORITY","","https://www.google.com/maps/place/3521+Harris+Ave,+Saint+Louis,+MO+63115/@38.665643174749,-90.231484070898,19z","https://www.stlouis-mo.gov/government/departments/sldc/real-estate/lra-owned-property-search.cfm","LRA Parcel 44409455000; Ward 12; Greater Ville; 1 story 1 unit brick; City-owned via Land Reutilization Authority; available for sale.",""
"2908 Keokuk St, Saint Louis, MO 63118","38.585134","-90.234307","Saint Louis","MO","63118","RESIDENTIAL","VACANT","LAND REUTILIZATION AUTHORITY","","https://www.google.com/maps/place/2908+Keokuk+St,+Saint+Louis,+MO+63118/@38.585133791699,-90.234306838704,19z","https://www.stlouis-mo.gov/government/departments/sldc/real-estate/lra-owned-property-search.cfm","LRA Parcel 25709200000; Ward 3; Dutchtown; 2 story 4 unit brick; City-owned via Land Reutilization Authority; available for sale.",""
"5205 Davison Ave, Saint Louis, MO 63120","38.694996","-90.249111","Saint Louis","MO","63120","RESIDENTIAL","VACANT","LAND REUTILIZATION AUTHORITY","","https://www.google.com/maps/place/5205+Davison+Ave,+Saint+Louis,+MO+63120/@38.694995586016,-90.249111091889,19z","https://www.stlouis-mo.gov/government/departments/sldc/real-estate/lra-owned-property-search.cfm","LRA Parcel 55329470000; Ward 13; Walnut Park East; 1 story 1 unit frame; City-owned via Land Reutilization Authority; available for sale.",""
"5617 Theodosia Ave, Saint Louis, MO 63112","38.671670","-90.276509","Saint Louis","MO","63112","RESIDENTIAL","VACANT","LAND REUTILIZATION AUTHORITY","","https://www.google.com/maps/place/5617+Theodosia+Ave,+Saint+Louis,+MO+63112/@38.671669766258,-90.276509402547,19z","https://www.stlouis-mo.gov/government/departments/sldc/real-estate/lra-owned-property-search.cfm","LRA Parcel 48279460000; Ward 13; Wells Goodfellow; 2 story 2 unit brick; City-owned via Land Reutilization Authority; available for sale.",""
"5717 Kennerly Ave, Saint Louis, MO 63112","38.676156","-90.274367","Saint Louis","MO","63112","RESIDENTIAL","VACANT","LAND REUTILIZATION AUTHORITY","","https://www.google.com/maps/place/5717+Kennerly+Ave,+Saint+Louis,+MO+63112/@38.676156448825,-90.274367402939,19z","https://www.stlouis-mo.gov/government/departments/sldc/real-estate/lra-owned-property-search.cfm","LRA Parcel 52019620000; Ward 13; Wells Goodfellow; 1 story 1 unit frame; City-owned via Land Reutilization Authority; available for sale.",""
"1354 Montclair Ave, Saint Louis, MO 63112","38.665900","-90.277681","Saint Louis","MO","63112","RESIDENTIAL","VACANT","LAND REUTILIZATION AUTHORITY","","https://www.google.com/maps/place/1354+Montclair+Ave,+Saint+Louis,+MO+63112/@38.665900280757,-90.277680679883,19z","https://www.stlouis-mo.gov/government/departments/sldc/real-estate/lra-owned-property-search.cfm","LRA Parcel 38079395000; Ward 13; Hamilton Heights; 2 story 2 unit brick; City-owned via Land Reutilization Authority; available for sale.",""
"4531 Mary Ave, Saint Louis, MO 63107","38.672537","-90.220333","Saint Louis","MO","63107","RESIDENTIAL","VACANT","LAND REUTILIZATION AUTHORITY","","https://www.google.com/maps/place/4531+Mary+Ave,+Saint+Louis,+MO+63107/@38.672537085789,-90.220332632374,19z","https://www.stlouis-mo.gov/government/departments/sldc/real-estate/lra-owned-property-search.cfm","LRA Parcel 35469360000; Ward 11; O'Fallon; 1 story 1 unit brick; City-owned via Land Reutilization Authority; available for sale.",""
"1931 Semple Ave, Saint Louis, MO 63112","38.670192","-90.270435","Saint Louis","MO","63112","RESIDENTIAL","VACANT","LAND REUTILIZATION AUTHORITY","","https://www.google.com/maps/place/1931+Semple+Ave,+Saint+Louis,+MO+63112/@38.67019205404,-90.270435333253,19z","https://www.stlouis-mo.gov/government/departments/sldc/real-estate/lra-owned-property-search.cfm","LRA Parcel 45259360000; Ward 13; Wells Goodfellow; 1 story 1 unit brick; City-owned via Land Reutilization Authority; available for sale.",""
"1949 Arlington Ave, Saint Louis, MO 63112","38.670660","-90.268399","Saint Louis","MO","63112","RESIDENTIAL","VACANT","LAND REUTILIZATION AUTHORITY","","https://www.google.com/maps/place/1949+Arlington+Ave,+Saint+Louis,+MO+63112/@38.670659804972,-90.268399015931,19z","https://www.stlouis-mo.gov/government/departments/sldc/real-estate/lra-owned-property-search.cfm","LRA Parcel 45229350000; Ward 13; Wells Goodfellow; 2 story 2 unit brick; City-owned via Land Reutilization Authority; available for sale.",""
"4738 Highland Ave, Saint Louis, MO 63113","38.665152","-90.251221","Saint Louis","MO","63113","RESIDENTIAL","VACANT","LAND REUTILIZATION AUTHORITY","","https://www.google.com/maps/place/4738+Highland+Ave,+Saint+Louis,+MO+63113/@38.665152220565,-90.251221270917,19z","https://www.stlouis-mo.gov/government/departments/sldc/real-estate/lra-owned-property-search.cfm","LRA Parcel 44779105000; Ward 12; Kingsway East; 2 story 2 unit brick; City-owned via Land Reutilization Authority; available for sale.",""
"5729 Wabada Ave, Saint Louis, MO 63112","38.674858","-90.275588","Saint Louis","MO","63112","RESIDENTIAL","VACANT","LAND REUTILIZATION AUTHORITY","","https://www.google.com/maps/place/5729+Wabada+Ave,+Saint+Louis,+MO+63112/@38.674857672528,-90.275588040568,19z","https://www.stlouis-mo.gov/government/departments/sldc/real-estate/lra-owned-property-search.cfm","LRA Parcel 51999780000; Ward 13; Wells Goodfellow; 1 story 1 unit frame; City-owned via Land Reutilization Authority; available for sale.",""
"2823 Belt Ave, Saint Louis, MO 63120","38.675456","-90.268324","Saint Louis","MO","63120","RESIDENTIAL","VACANT","LAND REUTILIZATION AUTHORITY","","https://www.google.com/maps/place/2823+Belt+Ave,+Saint+Louis,+MO+63120/@38.675455546293,-90.268324221185,19z","https://www.stlouis-mo.gov/government/departments/sldc/real-estate/lra-owned-property-search.cfm","LRA Parcel 45349510000; Ward 13; Wells Goodfellow; 1 story 1 unit frame; City-owned via Land Reutilization Authority; available for sale.",""
"3123 Rolla Pl, Saint Louis, MO 63115","38.663468","-90.232102","Saint Louis","MO","63115","RESIDENTIAL","VACANT","LAND REUTILIZATION AUTHORITY","","https://www.google.com/maps/place/3123+Rolla+Pl,+Saint+Louis,+MO+63115/@38.663468421707,-90.232101977319,19z","https://www.stlouis-mo.gov/government/departments/sldc/real-estate/lra-owned-property-search.cfm","LRA Parcel 44679505000; Ward 12; Greater Ville; 2 story 1 unit brick; City-owned via Land Reutilization Authority; available for sale.",""
"4120 Carter Ave, Saint Louis, MO 63115","38.673138","-90.222539","Saint Louis","MO","63115","RESIDENTIAL","VACANT","LAND REUTILIZATION AUTHORITY","","https://www.google.com/maps/place/4120+Carter+Ave,+Saint+Louis,+MO+63115/@38.67313841306,-90.222539383442,19z","https://www.stlouis-mo.gov/government/departments/sldc/real-estate/lra-owned-property-search.cfm","LRA Parcel 48959050000; Ward 11; O'Fallon; 1.5 story 1 unit frame; City-owned via Land Reutilization Authority; available for sale.",""
"4125 Enright Ave, Saint Louis, MO 63108","38.646719","-90.242504","Saint Louis","MO","63108","RESIDENTIAL","VACANT","LAND REUTILIZATION AUTHORITY","","https://www.google.com/maps/place/4125+Enright+Ave,+Saint+Louis,+MO+63108/@38.646718914596,-90.242504257622,19z","https://www.stlouis-mo.gov/government/departments/sldc/real-estate/lra-owned-property-search.cfm","LRA Parcel 48739320000; Ward 12; Vandeventer; 2 story 2 unit brick & 1 story 1 unit brick; City-owned via Land Reutilization Authority; available for sale.",""
"1253 Aubert Ave, Saint Louis, MO 63113","38.658892","-90.260845","Saint Louis","MO","63113","RESIDENTIAL","VACANT","LAND REUTILIZATION AUTHORITY","","https://www.google.com/maps/place/1253+Aubert+Ave,+Saint+Louis,+MO+63113/@38.658891935289,-90.260845436158,19z","https://www.stlouis-mo.gov/government/departments/sldc/real-estate/lra-owned-property-search.cfm","LRA Parcel 37689220000; Ward 10; Fountain Park; 2 story 2 unit brick; City-owned via Land Reutilization Authority; available for sale.",""
"2805 Madison St, Saint Louis, MO 63106","38.647617","-90.216047","Saint Louis","MO","63106","RESIDENTIAL","VACANT","LAND REUTILIZATION AUTHORITY","","https://www.google.com/maps/place/2805+Madison+St,+Saint+Louis,+MO+63106/@38.647616649694,-90.216046968609,19z","https://www.stlouis-mo.gov/government/departments/sldc/real-estate/lra-owned-property-search.cfm","LRA Parcel 18489140000; Ward 14; Jeff Vanderlou; 1 story 2 unit brick; City-owned via Land Reutilization Authority; available for sale.",""
"5232 Ridge Ave, Saint Louis, MO 63113","38.663040","-90.268830","Saint Louis","MO","63113","RESIDENTIAL","VACANT","LAND REUTILIZATION AUTHORITY","","https://www.google.com/maps/place/5232+Ridge+Ave,+Saint+Louis,+MO+63113/@38.663040248462,-90.268829573781,19z","https://www.stlouis-mo.gov/government/departments/sldc/real-estate/lra-owned-property-search.cfm","LRA Parcel 37939050000; Ward 10; Academy; 2 story 2 unit brick; City-owned via Land Reutilization Authority; available for sale.",""
"4730 Newcomb Pl, Saint Louis, MO 63113","38.659603","-90.254719","Saint Louis","MO","63113","RESIDENTIAL","VACANT","LAND REUTILIZATION AUTHORITY","","https://www.google.com/maps/place/4730+Newcomb+Pl,+Saint+Louis,+MO+63113/@38.659603113957,-90.254718518586,19z","https://www.stlouis-mo.gov/government/departments/sldc/real-estate/lra-owned-property-search.cfm","LRA Parcel 37779155000; Ward 10; Lewis Place; 1 story 1 unit brick; City-owned via Land Reutilization Authority; available for sale.",""
"4237 Farlin Ave, Saint Louis, MO 63115","38.670997","-90.230331","Saint Louis","MO","63115","RESIDENTIAL","VACANT","LAND REUTILIZATION AUTHORITY","","https://www.google.com/maps/place/4237+Farlin+Ave,+Saint+Louis,+MO+63115/@38.670996599955,-90.230331311426,19z","https://www.stlouis-mo.gov/government/departments/sldc/real-estate/lra-owned-property-search.cfm","LRA Parcel 44379250000; Ward 11; O'Fallon; 1 story 1 unit brick; City-owned via Land Reutilization Authority; available for sale.",""
"4124 Red Bud Ave, Saint Louis, MO 63115","38.671797","-90.228898","Saint Louis","MO","63115","RESIDENTIAL","VACANT","LAND REUTILIZATION AUTHORITY","","https://www.google.com/maps/place/4124+Red+Bud+Ave,+Saint+Louis,+MO+63115/@38.671796923393,-90.228897615963,19z","https://www.stlouis-mo.gov/government/departments/sldc/real-estate/lra-owned-property-search.cfm","LRA Parcel 44279070000; Ward 11; O'Fallon; 1.5 story 1 unit frame; City-owned via Land Reutilization Authority; available for sale.",""
"1935 Semple Ave, Saint Louis, MO 63112","38.670204","-90.270427","Saint Louis","MO","63112","RESIDENTIAL","VACANT","LAND REUTILIZATION AUTHORITY","","https://www.google.com/maps/place/1935+Semple+Ave,+Saint+Louis,+MO+63112/@38.670204238415,-90.270426748806,19z","https://www.stlouis-mo.gov/government/departments/sldc/real-estate/lra-owned-property-search.cfm","LRA Parcel 45259350000; Ward 13; Wells Goodfellow; 1 story 1 unit brick; City-owned via Land Reutilization Authority; available for sale.",""
"4921 Emerson Ave, Saint Louis, MO 63120","38.691141","-90.252152","Saint Louis","MO","63120","RESIDENTIAL","VACANT","LAND REUTILIZATION AUTHORITY","","https://www.google.com/maps/place/4921+Emerson+Ave,+Saint+Louis,+MO+63120/@38.691141458056,-90.25215182136,19z","https://www.stlouis-mo.gov/government/departments/sldc/real-estate/lra-owned-property-search.cfm","LRA Parcel 52939410000; Ward 13; Walnut Park East; 1 story 1 unit frame; City-owned via Land Reutilization Authority; available for sale.",""
"3410 Marcus Ave, Saint Louis, MO 63115","38.670424","-90.246092","Saint Louis","MO","63115","RESIDENTIAL","VACANT","LAND REUTILIZATION AUTHORITY","","https://www.google.com/maps/place/3410+Marcus+Ave,+Saint+Louis,+MO+63115/@38.670423669376,-90.2460918748,19z","https://www.stlouis-mo.gov/government/departments/sldc/real-estate/lra-owned-property-search.cfm","LRA Parcel 44609290000; Ward 12; Greater Ville; 1 story 1 unit brick; City-owned via Land Reutilization Authority; available for sale.",""
"3841 Labadie Ave, Saint Louis, MO 63107","38.658523","-90.224610","Saint Louis","MO","63107","RESIDENTIAL","VACANT","LAND REUTILIZATION AUTHORITY","","https://www.google.com/maps/place/3841+Labadie+Ave,+Saint+Louis,+MO+63107/@38.658523242843,-90.22461012998,19z","https://www.stlouis-mo.gov/government/departments/sldc/real-estate/lra-owned-property-search.cfm","LRA Parcel 36269340000; Ward 11; Jeff Vanderlou; 2 story 2 unit brick; City-owned via Land Reutilization Authority; available for sale.",""
"4047 Labadie Ave, Saint Louis, MO 63107","38.660602","-90.229419","Saint Louis","MO","63107","RESIDENTIAL","VACANT","LAND REUTILIZATION AUTHORITY","","https://www.google.com/maps/place/4047+Labadie+Ave,+Saint+Louis,+MO+63107/@38.660602101874,-90.229419492731,19z","https://www.stlouis-mo.gov/government/departments/sldc/real-estate/lra-owned-property-search.cfm","LRA Parcel 36489290000; Ward 12; Greater Ville; 2 story 2 unit brick; City-owned via Land Reutilization Authority; available for sale.",""
"4156 St Louis Ave, Saint Louis, MO 63115","38.660677","-90.232574","Saint Louis","MO","63115","RESIDENTIAL","VACANT","LAND REUTILIZATION AUTHORITY","","https://www.google.com/maps/place/4156+St+Louis+Ave,+Saint+Louis,+MO+63115/@38.660677112381,-90.2325744072,19z","https://www.stlouis-mo.gov/government/departments/sldc/real-estate/lra-owned-property-search.cfm","LRA Parcel 36689020000; Ward 12; The Ville; 2 story 2 unit brick; City-owned via Land Reutilization Authority; available for sale.",""
"4414 Strodtman Pl, Saint Louis, MO 63107","38.668370","-90.208228","Saint Louis","MO","63107","RESIDENTIAL","VACANT","LAND REUTILIZATION AUTHORITY","","https://www.google.com/maps/place/4414+Strodtman+Pl,+Saint+Louis,+MO+63107/@38.668370495861,-90.208227692382,19z","https://www.stlouis-mo.gov/government/departments/sldc/real-estate/lra-owned-property-search.cfm","LRA Parcel 24329170000; Ward 14; College Hill; 2 story 4 unit brick; City-owned via Land Reutilization Authority; available for sale.",""
"4521 Page Blvd, Saint Louis, MO 63113","38.656042","-90.250319","Saint Louis","MO","63113","RESIDENTIAL","VACANT","LAND REUTILIZATION AUTHORITY","","https://www.google.com/maps/place/4521+Page+Blvd,+Saint+Louis,+MO+63113/@38.65604153813,-90.250319246312,19z","https://www.stlouis-mo.gov/government/departments/sldc/real-estate/lra-owned-property-search.cfm","LRA Parcel 37749235000; Ward 10; Lewis Place; 2.5 story 1 unit brick; City-owned via Land Reutilization Authority; available for sale.",""
"5329 Arlington Ave, Saint Louis, MO 63120","38.693837","-90.245227","Saint Louis","MO","63120","RESIDENTIAL","VACANT","LAND REUTILIZATION AUTHORITY","","https://www.google.com/maps/place/5329+Arlington+Ave,+Saint+Louis,+MO+63120/@38.693837381136,-90.245227151493,19z","https://www.stlouis-mo.gov/government/departments/sldc/real-estate/lra-owned-property-search.cfm","LRA Parcel 53309470000; Ward 13; Mark Twain; 1 story 1 unit brick; City-owned via Land Reutilization Authority; available for sale.",""
"5853 Cote Brilliante Ave, Saint Louis, MO 63112","38.674511","-90.279969","Saint Louis","MO","63112","RESIDENTIAL","VACANT","LAND REUTILIZATION AUTHORITY","","https://www.google.com/maps/place/5853+Cote+Brilliante+Ave,+Saint+Louis,+MO+63112/@38.674511316709,-90.279969069968,19z","https://www.stlouis-mo.gov/government/departments/sldc/real-estate/lra-owned-property-search.cfm","LRA Parcel 49929510000; Ward 13; Wells Goodfellow; 2 story 2 unit; City-owned via Land Reutilization Authority; available for sale.",""
"2529 Chester St, Saint Louis, MO 63112","38.671137","-90.266478","Saint Louis","MO","63112","RESIDENTIAL","VACANT","LAND REUTILIZATION AUTHORITY","","https://www.google.com/maps/place/2529+Chester+St,+Saint+Louis,+MO+63112/@38.671136657989,-90.266478063972,19z","https://www.stlouis-mo.gov/government/departments/sldc/real-estate/lra-owned-property-search.cfm","LRA Parcel 45169360000; Ward 12; Wells Goodfellow; 2 story 4 unit brick; City-owned via Land Reutilization Authority; available for sale.",""
"5927 Dr Martin Luther King Dr, Saint Louis, MO 63112","38.674037","-90.282910","Saint Louis","MO","63112","MIXED USE","VACANT","LAND REUTILIZATION AUTHORITY","","https://www.google.com/maps/place/5927+Dr+Martin+Luther+King+Dr,+Saint+Louis,+MO+63112/@38.674036904118,-90.282910185538,19z","https://www.stlouis-mo.gov/government/departments/sldc/real-estate/lra-owned-property-search.cfm","LRA Parcel 50009310000; Ward 13; Wells Goodfellow; 2 Story Brick Mixed Use Building; City-owned via Land Reutilization Authority; available for sale.",""
"4975 Davison Ave, Saint Louis, MO 63120","38.693258","-90.252282","Saint Louis","MO","63120","COMMERCIAL","VACANT","LAND REUTILIZATION AUTHORITY","","https://www.google.com/maps/place/4975+Davison+Ave,+Saint+Louis,+MO+63120/@38.693258054466,-90.252281699465,19z","https://www.stlouis-mo.gov/government/departments/sldc/real-estate/lra-owned-property-search.cfm","LRA Parcel 52919270000; Ward 13; Walnut Park East; Concrete Block Commercial Building; City-owned via Land Reutilization Authority; available for sale.",""
"5642 Terry Ave, Saint Louis, MO 63120","38.677082","-90.272496","Saint Louis","MO","63120","RESIDENTIAL","VACANT","LAND REUTILIZATION AUTHORITY","","https://www.google.com/maps/place/5642+Terry+Ave,+Saint+Louis,+MO+63120/@38.677081545516,-90.272496133187,19z","https://www.stlouis-mo.gov/government/departments/sldc/real-estate/lra-owned-property-search.cfm","LRA Parcel 52029250000; Ward 13; Wells Goodfellow; 1.5 story 1 unit brick; City-owned via Land Reutilization Authority; available for sale.",""
"3716 Illinois Ave, Saint Louis, MO 63118","38.586946","-90.223168","Saint Louis","MO","63118","RESIDENTIAL","VACANT","LAND REUTILIZATION AUTHORITY","","https://www.google.com/maps/place/3716+Illinois+Ave,+Saint+Louis,+MO+63118/@38.586945917253,-90.223168368923,19z","https://www.stlouis-mo.gov/government/departments/sldc/real-estate/lra-owned-property-search.cfm","LRA Parcel 16629090000; Ward 8; Marine Villa; 1.5 story 1 unit brick; City-owned via Land Reutilization Authority; available for sale.",""
"3722 Compton Ave, Saint Louis, MO 63118","38.588457","-90.238073","Saint Louis","MO","63118","RESIDENTIAL","VACANT","LAND REUTILIZATION AUTHORITY","","https://www.google.com/maps/place/3722+Compton+Ave,+Saint+Louis,+MO+63118/@38.588456839755,-90.238072851417,19z","https://www.stlouis-mo.gov/government/departments/sldc/real-estate/lra-owned-property-search.cfm","LRA Parcel 16229060000; Ward 3; Gravois Park; 2 story 2 unit brick; City-owned via Land Reutilization Authority; available for sale.",""
"1942 Arlington Ave, Saint Louis, MO 63112","38.670596","-90.268277","Saint Louis","MO","63112","RESIDENTIAL","VACANT","LAND REUTILIZATION AUTHORITY","","https://www.google.com/maps/place/1942+Arlington+Ave,+Saint+Louis,+MO+63112/@38.670596095612,-90.268276532188,19z","https://www.stlouis-mo.gov/government/departments/sldc/real-estate/lra-owned-property-search.cfm","LRA Parcel 45159540000; Ward 12; Wells Goodfellow; 1.5 story 1 unit frame; City-owned via Land Reutilization Authority; available for sale.",""
"1932 Semple Ave, Saint Louis, MO 63112","38.670143","-90.270302","Saint Louis","MO","63112","RESIDENTIAL","VACANT","LAND REUTILIZATION AUTHORITY","","https://www.google.com/maps/place/1932+Semple+Ave,+Saint+Louis,+MO+63112/@38.670142916377,-90.270302443515,19z","https://www.stlouis-mo.gov/government/departments/sldc/real-estate/lra-owned-property-search.cfm","LRA Parcel 45229120000; Ward 13; Wells Goodfellow; 1 story 1 unit brick; City-owned via Land Reutilization Authority; available for sale.",""
"3009 Taylor Ave, Saint Louis, MO 63115","38.666493","-90.242690","Saint Louis","MO","63115","RESIDENTIAL","VACANT","LAND REUTILIZATION AUTHORITY","","https://www.google.com/maps/place/3009+Taylor+Ave,+Saint+Louis,+MO+63115/@38.666493318833,-90.242689696025,19z","https://www.stlouis-mo.gov/government/departments/sldc/real-estate/lra-owned-property-search.cfm","LRA Parcel 37109285000; Ward 12; Greater Ville; 1 story 1 unit brick; City-owned via Land Reutilization Authority; available for sale.",""
"1400 Newhouse Ave, Saint Louis, MO 63107","38.664904","-90.201636","Saint Louis","MO","63107","RESIDENTIAL","VACANT","LAND REUTILIZATION AUTHORITY","","https://www.google.com/maps/place/1400+Newhouse+Ave,+Saint+Louis,+MO+63107/@38.664904458323,-90.201636230128,19z","https://www.stlouis-mo.gov/government/departments/sldc/real-estate/lra-owned-property-search.cfm","LRA Parcel 24109080000; Ward 14; Hyde Park; 2.5 story 4 unit brick; City-owned via Land Reutilization Authority; available for sale.",""
"4133 Page Blvd, Saint Louis, MO 63113","38.651129","-90.239110","Saint Louis","MO","63113","RESIDENTIAL","VACANT","LAND REUTILIZATION AUTHORITY","","https://www.google.com/maps/place/4133+Page+Blvd,+Saint+Louis,+MO+63113/@38.651129409766,-90.239110227212,19z","https://www.stlouis-mo.gov/government/departments/sldc/real-estate/lra-owned-property-search.cfm","LRA Parcel 37309170000; Ward 12; Vandeventer; 2 story 1 unit brick; City-owned via Land Reutilization Authority; available for sale.",""
"5536 St Louis Ave, Saint Louis, MO 63120","38.677547","-90.268417","Saint Louis","MO","63120","RESIDENTIAL","VACANT","LAND REUTILIZATION AUTHORITY","","https://www.google.com/maps/place/5536+St+Louis+Ave,+Saint+Louis,+MO+63120/@38.677546808377,-90.268417410293,19z","https://www.stlouis-mo.gov/government/departments/sldc/real-estate/lra-owned-property-search.cfm","LRA Parcel 45349280000; Ward 13; Wells Goodfellow; 1 story 1 unit frame; City-owned via Land Reutilization Authority; available for sale.",""
"5433 Genevieve Ave, Saint Louis, MO 63120","38.698191","-90.247186","Saint Louis","MO","63120","RESIDENTIAL","VACANT","LAND REUTILIZATION AUTHORITY","","https://www.google.com/maps/place/5433+Genevieve+Ave,+Saint+Louis,+MO+63120/@38.698191157446,-90.247185984631,19z","https://www.stlouis-mo.gov/government/departments/sldc/real-estate/lra-owned-property-search.cfm","LRA Parcel 55299420000; Ward 13; Walnut Park East; 1 story 1 unit brick; City-owned via Land Reutilization Authority; available for sale.",""
"3031 Sarah St, Saint Louis, MO 63115","38.661829","-90.230450","Saint Louis","MO","63115","RESIDENTIAL","VACANT","LAND REUTILIZATION AUTHORITY","","https://www.google.com/maps/place/3031+Sarah+St,+Saint+Louis,+MO+63115/@38.66182911478,-90.23044980596,19z","https://www.stlouis-mo.gov/government/departments/sldc/real-estate/lra-owned-property-search.cfm","LRA Parcel 36249480000; Ward 12; Greater Ville; 2 story 2 unit brick; City-owned via Land Reutilization Authority; available for sale.",""
"4330 Newstead Ave, Saint Louis, MO 63115","38.676879","-90.231194","Saint Louis","MO","63115","COMMERCIAL","VACANT","LAND REUTILIZATION AUTHORITY","","https://www.google.com/maps/place/4330+Newstead+Ave,+Saint+Louis,+MO+63115/@38.676878648267,-90.231193604584,19z","https://www.stlouis-mo.gov/government/departments/sldc/real-estate/lra-owned-property-search.cfm","LRA Parcel 35719130000; Ward 11; O'Fallon; 1 Story Brick Commercial Building; City-owned via Land Reutilization Authority; available for sale.",""
"870 Harlan Ave, Saint Louis, MO 63147","38.722083","-90.231149","Saint Louis","MO","63147","RESIDENTIAL","VACANT","LAND REUTILIZATION AUTHORITY","","https://www.google.com/maps/place/870+Harlan+Ave,+Saint+Louis,+MO+63147/@38.722082684862,-90.231149407465,19z","https://www.stlouis-mo.gov/government/departments/sldc/real-estate/lra-owned-property-search.cfm","LRA Parcel 53999230000; Ward 13; Baden; 1 story 1 unit; City-owned via Land Reutilization Authority; available for sale.",""
"4034 Grove St, Saint Louis, MO 63107","38.662470","-90.211960","Saint Louis","MO","63107","RESIDENTIAL","VACANT","LAND REUTILIZATION AUTHORITY","","https://www.google.com/maps/place/4034+Grove+St,+Saint+Louis,+MO+63107/@38.662470359422,-90.211959736611,19z","https://www.stlouis-mo.gov/government/departments/sldc/real-estate/lra-owned-property-search.cfm","LRA Parcel 19399110000; Ward 14; Fairground Neighborhood; 2 story 4 unit brick; City-owned via Land Reutilization Authority; available for sale.",""
"2825 Jefferson Ave, Saint Louis, MO 63107","38.653577","-90.213011","Saint Louis","MO","63107","RESIDENTIAL","VACANT","LAND REUTILIZATION AUTHORITY","","https://www.google.com/maps/place/2825+Jefferson+Ave,+Saint+Louis,+MO+63107/@38.653577245802,-90.213011396728,19z","https://www.stlouis-mo.gov/government/departments/sldc/real-estate/lra-owned-property-search.cfm","LRA Parcel 14219340000; Ward 7; Benton Park West; 1.5 story 1 unit brick; City-owned via Land Reutilization Authority; available for sale.",""
"5590 Era Ave, Saint Louis, MO 63136","38.708515","-90.255835","Saint Louis","MO","63136","RESIDENTIAL","VACANT","LAND REUTILIZATION AUTHORITY","","https://www.google.com/maps/place/5590+Era+Ave,+Saint+Louis,+MO+63136/@38.708515407793,-90.255834995986,19z","https://www.stlouis-mo.gov/government/departments/sldc/real-estate/lra-owned-property-search.cfm","LRA Parcel 57899170000; Ward 13; Walnut Park West; 1 story 1 unit frame; City-owned via Land Reutilization Authority; available for sale.",""
"4127 Clay Ave, Saint Louis, MO 63115","38.669823","-90.223608","Saint Louis","MO","63115","RESIDENTIAL","VACANT","LAND REUTILIZATION AUTHORITY","","https://www.google.com/maps/place/4127+Clay+Ave,+Saint+Louis,+MO+63115/@38.669822759047,-90.223607557349,19z","https://www.stlouis-mo.gov/government/departments/sldc/real-estate/lra-owned-property-search.cfm","LRA Parcel 44299330000; Ward 11; O'Fallon; 1 story 1 unit brick; City-owned via Land Reutilization Authority; available for sale.",""
"5260 Maffitt Ave, Saint Louis, MO 63113","38.671960","-90.261726","Saint Louis","MO","63113","RESIDENTIAL","VACANT","LAND REUTILIZATION AUTHORITY","","https://www.google.com/maps/place/5260+Maffitt+Ave,+Saint+Louis,+MO+63113/@38.67196033863,-90.261725516162,19z","https://www.stlouis-mo.gov/government/departments/sldc/real-estate/lra-owned-property-search.cfm","LRA Parcel 45039010000; Ward 12; Kingsway West; 1 story 1 unit brick; City-owned via Land Reutilization Authority; available for sale.",""
"5143 Minerva Ave, Saint Louis, MO 63113","38.661586","-90.267081","Saint Louis","MO","63113","RESIDENTIAL","VACANT","LAND REUTILIZATION AUTHORITY","","https://www.google.com/maps/place/5143+Minerva+Ave,+Saint+Louis,+MO+63113/@38.661586168621,-90.267080719836,19z","https://www.stlouis-mo.gov/government/departments/sldc/real-estate/lra-owned-property-search.cfm","LRA Parcel 37939430000; Ward 10; Academy; 2 story 2 unit brick; City-owned via Land Reutilization Authority; available for sale.",""
"5201 Genevieve Ave, Saint Louis, MO 63120","38.696410","-90.250414","Saint Louis","MO","63120","MIXED USE","VACANT","LAND REUTILIZATION AUTHORITY","","https://www.google.com/maps/place/5201+Genevieve+Ave,+Saint+Louis,+MO+63120/@38.696409633542,-90.250414171312,19z","https://www.stlouis-mo.gov/government/departments/sldc/real-estate/lra-owned-property-search.cfm","LRA Parcel 55309520000; Ward 13; Walnut Park East; 2 Story Brick Mixed Use Building; City-owned via Land Reutilization Authority; available for sale.",""
"5530 Genevieve Ave, Saint Louis, MO 63120","38.699223","-90.245026","Saint Louis","MO","63120","RESIDENTIAL","VACANT","LAND REUTILIZATION AUTHORITY","","https://www.google.com/maps/place/5530+Genevieve+Ave,+Saint+Louis,+MO+63120/@38.699222517093,-90.245025623091,19z","https://www.stlouis-mo.gov/government/departments/sldc/real-estate/lra-owned-property-search.cfm","LRA Parcel 55259100000; Ward 13; Walnut Park East; 2 story 1 unit frame; City-owned via Land Reutilization Authority; available for sale.",""
"4009 North Market St, Saint Louis, MO 63113","38.654870","-90.232386","Saint Louis","MO","63113","RESIDENTIAL","VACANT","LAND REUTILIZATION AUTHORITY","","https://www.google.com/maps/place/4009+North+Market+St,+Saint+Louis,+MO+63113/@38.65487023154,-90.232385670629,19z","https://www.stlouis-mo.gov/government/departments/sldc/real-estate/lra-owned-property-search.cfm","LRA Parcel 36549260000; Ward 12; Greater Ville; 1 story 1 unit brick; City-owned via Land Reutilization Authority; available for sale.",""
"4030 Greer Ave, Saint Louis, MO 63107","38.661164","-90.228253","Saint Louis","MO","63107","RESIDENTIAL","VACANT","LAND REUTILIZATION AUTHORITY","","https://www.google.com/maps/place/4030+Greer+Ave,+Saint+Louis,+MO+63107/@38.661163938941,-90.228253184476,19z","https://www.stlouis-mo.gov/government/departments/sldc/real-estate/lra-owned-property-search.cfm","LRA Parcel 36489050000; Ward 12; Greater Ville; 2 story 2 unit brick; City-owned via Land Reutilization Authority; available for sale.",""
"4219 Peck St, Saint Louis, MO 63107","38.666516","-90.211689","Saint Louis","MO","63107","RESIDENTIAL","VACANT","LAND REUTILIZATION AUTHORITY","","https://www.google.com/maps/place/4219+Peck+St,+Saint+Louis,+MO+63107/@38.66651617108,-90.21168919801,19z","https://www.stlouis-mo.gov/government/departments/sldc/real-estate/lra-owned-property-search.cfm","LRA Parcel 24299200000; Ward 14; Fairground Neighborhood; 1 story 1 unit brick; City-owned via Land Reutilization Authority; available for sale.",""
"5053 Wells Ave, Saint Louis, MO 63113","38.662910","-90.263518","Saint Louis","MO","63113","RESIDENTIAL","VACANT","LAND REUTILIZATION AUTHORITY","","https://www.google.com/maps/place/5053+Wells+Ave,+Saint+Louis,+MO+63113/@38.662909541033,-90.263517727115,19z","https://www.stlouis-mo.gov/government/departments/sldc/real-estate/lra-owned-property-search.cfm","LRA Parcel 37889300000; Ward 10; Academy; 2 story 1 unit brick; City-owned via Land Reutilization Authority; available for sale.",""
"5078 Ridge Ave, Saint Louis, MO 63113","38.662156","-90.264956","Saint Louis","MO","63113","RESIDENTIAL","VACANT","LAND REUTILIZATION AUTHORITY","","https://www.google.com/maps/place/5078+Ridge+Ave,+Saint+Louis,+MO+63113/@38.66215596142,-90.264955876803,19z","https://www.stlouis-mo.gov/government/departments/sldc/real-estate/lra-owned-property-search.cfm","LRA Parcel 37909100000; Ward 10; Academy; 2 story 1 unit brick; City-owned via Land Reutilization Authority; available for sale.",""
"920 Harlan Ave, Saint Louis, MO 63147","38.722226","-90.232544","Saint Louis","MO","63147","RESIDENTIAL","VACANT","LAND REUTILIZATION AUTHORITY","","https://www.google.com/maps/place/920+Harlan+Ave,+Saint+Louis,+MO+63147/@38.722225855899,-90.232544451216,19z","https://www.stlouis-mo.gov/government/departments/sldc/real-estate/lra-owned-property-search.cfm","LRA Parcel 53999150000; Ward 13; Baden; 1 story 1 unit brick; City-owned via Land Reutilization Authority; available for sale.",""
"530 Kenilworth St, Detroit, MI 48202","42.386607","-83.076075","Detroit","MI","48202","RESIDENTIAL","VACANT","US BANK NA AS TRUSTEE LEGACY MORTGAGE ASSET TRUST 2024-INV1","","https://www.google.com/maps/@?api=1&map_action=pano&viewpoint=42.386607,-83.076075","https://data.detroitmi.gov/datasets/bseed-vacant-property-registrations","BSEED VPR VPO2025-00755; registered 2025-06-18; North End; Council District 5; Parcel 03002597.; Privately owned, registered as vacant under Detroit's Vacant Property Registration Ordinance.",""
"10254 Gratiot Ave, Detroit, MI 48213","42.397264","-83.001797","Detroit","MI","48213","RESIDENTIAL","VACANT","DUKATT, STEVEN","","https://www.google.com/maps/@?api=1&map_action=pano&viewpoint=42.397263754027,-83.001796691627","https://data.detroitmi.gov/datasets/bseed-vacant-property-registrations","BSEED VPR VPO2025-01231; registered 2025-11-03; Airport Sub; Council District 4; Parcel 19001600.001; Privately owned, registered as vacant under Detroit's Vacant Property Registration Ordinance.",""
"19741 James Couzens Fwy, Detroit, MI 48235","42.436513","-83.193444","Detroit","MI","48235","RESIDENTIAL","VACANT","LILLIAN RICHARDSON","","https://www.google.com/maps/@?api=1&map_action=pano&viewpoint=42.436513059167,-83.193443635995","https://data.detroitmi.gov/datasets/bseed-vacant-property-registrations","BSEED VPR VPO2025-00904; registered 2025-07-23; Seven Mile Lodge; Council District 2; Parcel 22019543.; Privately owned, registered as vacant under Detroit's Vacant Property Registration Ordinance.",""
"2491 Calvert St, Detroit, MI 48206","42.379874","-83.111386","Detroit","MI","48206","RESIDENTIAL","VACANT","WILMINGTON SAVINGS FUNDS SOCIETY, IBIS HOLDINGS A TRUST","","https://www.google.com/maps/@?api=1&map_action=pano&viewpoint=42.379874485622,-83.111386243569","https://data.detroitmi.gov/datasets/bseed-vacant-property-registrations","BSEED VPR VPO2026-00643; registered 2026-05-13; Dexter-Linwood; Council District 5; Parcel 10002977.; Privately owned, registered as vacant under Detroit's Vacant Property Registration Ordinance.",""
"19284 Houghton St, Detroit, MI 48219","42.431787","-83.260678","Detroit","MI","48219","RESIDENTIAL","VACANT","JBJ ENTERPRISE LLC","","https://www.google.com/maps/@?api=1&map_action=pano&viewpoint=42.431787,-83.2606785","https://data.detroitmi.gov/datasets/bseed-vacant-property-registrations","BSEED VPR VPO2025-00726; registered 2025-06-10; Berg-Lahser; Council District 1; Parcel 22115378.; Privately owned, registered as vacant under Detroit's Vacant Property Registration Ordinance.",""
"14654 Hubbell St, Detroit, MI 48227","42.396768","-83.188386","Detroit","MI","48227","RESIDENTIAL","VACANT","MICHIGAN REALTOKEN X LLC","","https://www.google.com/maps/@?api=1&map_action=pano&viewpoint=42.396768,-83.188386","https://data.detroitmi.gov/datasets/bseed-vacant-property-registrations","BSEED VPR VPO2025-00729; registered 2025-06-10; Bethune Community; Council District 1; Parcel 22038999.; Privately owned, registered as vacant under Detroit's Vacant Property Registration Ordinance.",""
"4459 Harding St, Detroit, MI 48214","42.380919","-82.989364","Detroit","MI","48214","RESIDENTIAL","VACANT","MICHIGAN REALTOKEN VI LLC","","https://www.google.com/maps/@?api=1&map_action=pano&viewpoint=42.380919,-82.9893645","https://data.detroitmi.gov/datasets/bseed-vacant-property-registrations","BSEED VPR VPO2025-00735; registered 2025-06-10; East Canfield; Council District 4; Parcel 21039740-1; Privately owned, registered as vacant under Detroit's Vacant Property Registration Ordinance.",""
"19041 Lenore Ave, Detroit, MI 48219","42.428517","-83.282137","Detroit","MI","48219","RESIDENTIAL","VACANT","MICHIGAN REAL TOKEN II, LLC","","https://www.google.com/maps/@?api=1&map_action=pano&viewpoint=42.428517361652,-83.282137367488","https://data.detroitmi.gov/datasets/bseed-vacant-property-registrations","BSEED VPR VPO2026-00409; registered 2026-04-08; Five Points; Council District 1; Parcel 22016734-46; Privately owned, registered as vacant under Detroit's Vacant Property Registration Ordinance.",""
"519 Kitchener St, Detroit, MI 48215","42.363432","-82.951569","Detroit","MI","48215","RESIDENTIAL","VACANT","REALTOKEN INTERNATIONAL 1 HOLDINGS KITCHENER ST INC. A DELAWARE CORPORATION","","https://www.google.com/maps/@?api=1&map_action=pano&viewpoint=42.363432,-82.951569","https://data.detroitmi.gov/datasets/bseed-vacant-property-registrations","BSEED VPR VPO2025-00744; registered 2025-06-10; Jefferson Chalmers; Council District 4; Parcel 21048053-4; Privately owned, registered as vacant under Detroit's Vacant Property Registration Ordinance.",""
"2341 W Grand St, Apt 1, Detroit, MI 48238","42.395720","-83.119387","Detroit","MI","48238","RESIDENTIAL","VACANT","ROBERSON, MARVIN D","","https://www.google.com/maps/@?api=1&map_action=pano&viewpoint=42.395720346621,-83.119387247653","https://data.detroitmi.gov/datasets/bseed-vacant-property-registrations","BSEED VPR VPO2026-00015; registered 2026-01-06; Oakman Blvd Community; Council District 5; Parcel 08004625.; Privately owned, registered as vacant under Detroit's Vacant Property Registration Ordinance.",""
"15933 W Eight Mile, Detroit, MI 48235","42.444368","-83.205433","Detroit","MI","48235","RESIDENTIAL","VACANT","MMG REO II, LLC","","https://www.google.com/maps/@?api=1&map_action=pano&viewpoint=42.444367897679,-83.205433073129","https://data.detroitmi.gov/datasets/bseed-vacant-property-registrations","BSEED VPR VPO2026-00262; registered 2026-03-11; Greenfield; Council District 2; Parcel 22018775-6; Privately owned, registered as vacant under Detroit's Vacant Property Registration Ordinance.",""
"8115 Grandville Ave, Detroit, MI 48228","42.352103","-83.229887","Detroit","MI","48228","RESIDENTIAL","VACANT","ALI SALAME","","https://www.google.com/maps/@?api=1&map_action=pano&viewpoint=42.35210267994,-83.229886948326","https://data.detroitmi.gov/datasets/bseed-vacant-property-registrations","BSEED VPR VPO2026-00460; registered 2026-04-08; Warrendale; Council District 7; Parcel 22088949.; Privately owned, registered as vacant under Detroit's Vacant Property Registration Ordinance.",""
"12756 Monica St, Detroit, MI 48238","42.383422","-83.142350","Detroit","MI","48238","RESIDENTIAL","VACANT","GILMAN, OCTAVIOUS","","https://www.google.com/maps/@?api=1&map_action=pano&viewpoint=42.383421705223,-83.142349844667","https://data.detroitmi.gov/datasets/bseed-vacant-property-registrations","BSEED VPR VPO2025-00951; registered 2025-08-06; Oakman Blvd Community; Council District 7; Parcel 16021067.; Privately owned, registered as vacant under Detroit's Vacant Property Registration Ordinance.",""
"20101 Strathmoor St, Detroit, MI 48235","42.440713","-83.189634","Detroit","MI","48235","RESIDENTIAL","VACANT","WILMINGTON SAVINGS FUND SOCIETY, FSB","","https://www.google.com/maps/@?api=1&map_action=pano&viewpoint=42.440713101001,-83.189633562551","https://data.detroitmi.gov/datasets/bseed-vacant-property-registrations","BSEED VPR VPO2025-01203; registered 2025-10-10; Schaefer 7/8 Lodge; Council District 2; Parcel 22038109.; Privately owned, registered as vacant under Detroit's Vacant Property Registration Ordinance.",""
"19400 Hickory St, Detroit, MI 48205","42.438389","-82.987387","Detroit","MI","48205","RESIDENTIAL","VACANT","REALTOKEN INTERNATIONAL 19400 HICKORY ST INC","","https://www.google.com/maps/@?api=1&map_action=pano&viewpoint=42.438389002571,-82.987386562267","https://data.detroitmi.gov/datasets/bseed-vacant-property-registrations","BSEED VPR VPO2026-00411; registered 2026-04-07; Pulaski; Council District 3; Parcel 21030302.; Privately owned, registered as vacant under Detroit's Vacant Property Registration Ordinance.",""
"13336 Chandler Park Dr, Detroit, MI 48213","42.398472","-82.966628","Detroit","MI","48213","RESIDENTIAL","VACANT","ESTELLE PROPERTIES DE LP","","https://www.google.com/maps/@?api=1&map_action=pano&viewpoint=42.398471713726,-82.96662836698","https://data.detroitmi.gov/datasets/bseed-vacant-property-registrations","BSEED VPR VPO2026-00524; registered 2026-04-21; Chandler Park; Council District 4; Parcel 21052469.; Privately owned, registered as vacant under Detroit's Vacant Property Registration Ordinance.",""
"2488 W Buena Vista St, Detroit, MI 48238","42.391595","-83.119467","Detroit","MI","48238","RESIDENTIAL","VACANT","ANDREW BUSH","","https://www.google.com/maps/@?api=1&map_action=pano&viewpoint=42.39159521372,-83.119467413527","https://data.detroitmi.gov/datasets/bseed-vacant-property-registrations","BSEED VPR VPO2025-01157; registered 2025-10-05; Dexter-Linwood; Council District 5; Parcel 10004068.; Privately owned, registered as vacant under Detroit's Vacant Property Registration Ordinance.",""
"7405 W Mcnichols Rd, Detroit, MI 48221","42.416925","-83.145403","Detroit","MI","48221","RESIDENTIAL","VACANT","7405 & 7421 MCNICHOLS RE LLC","","https://www.google.com/maps/@?api=1&map_action=pano&viewpoint=42.416925340416,-83.14540258242","https://data.detroitmi.gov/datasets/bseed-vacant-property-registrations","BSEED VPR VPO2026-00461; registered 2026-04-10; Fitzgerald/Marygrove; Council District 2; Parcel 16007960-2; Privately owned, registered as vacant under Detroit's Vacant Property Registration Ordinance.",""
"9136 Mettetal St, Detroit, MI 48228","42.361158","-83.205391","Detroit","MI","48228","RESIDENTIAL","VACANT","CITY LIVING LLC","","https://www.google.com/maps/@?api=1&map_action=pano&viewpoint=42.361158375434,-83.205391205899","https://data.detroitmi.gov/datasets/bseed-vacant-property-registrations","BSEED VPR VPO2025-01076; registered 2025-09-15; Joy Community; Council District 7; Parcel 22059336.027; Privately owned, registered as vacant under Detroit's Vacant Property Registration Ordinance.",""
"20509 Exeter St, Detroit, MI 48203","42.446083","-83.105503","Detroit","MI","48203","RESIDENTIAL","VACANT","THE MILYNN COMPANY LLC","","https://www.google.com/maps/@?api=1&map_action=pano&viewpoint=42.446082885085,-83.10550287779","https://data.detroitmi.gov/datasets/bseed-vacant-property-registrations","BSEED VPR VPO2025-00919; registered 2025-08-03; Nolan; Council District 3; Parcel 09024891.; Privately owned, registered as vacant under Detroit's Vacant Property Registration Ordinance.",""
"12929 Fenkell St, Detroit, MI 48227","42.401996","-83.171995","Detroit","MI","48227","RESIDENTIAL","VACANT","ZAVIA BOOTH","","https://www.google.com/maps/@?api=1&map_action=pano&viewpoint=42.401996065648,-83.171994968553","https://data.detroitmi.gov/datasets/bseed-vacant-property-registrations","BSEED VPR VPO2025-00918; registered 2025-07-29; Bethune Community; Council District 7; Parcel 22010628.; Privately owned, registered as vacant under Detroit's Vacant Property Registration Ordinance.",""
"9618 American St, Detroit, MI 48204","42.368211","-83.144361","Detroit","MI","48204","RESIDENTIAL","VACANT","WRIGHT MANAGEMENT","","https://www.google.com/maps/@?api=1&map_action=pano&viewpoint=42.368210548973,-83.144361139615","https://data.detroitmi.gov/datasets/bseed-vacant-property-registrations","BSEED VPR VPO2025-01232; registered 2025-10-21; Midwest; Council District 6; Parcel 16023776-7; Privately owned, registered as vacant under Detroit's Vacant Property Registration Ordinance.",""
"16767 Edinborough Rd, Detroit, MI 48219","42.413021","-83.234553","Detroit","MI","48219","RESIDENTIAL","VACANT","VICTORIA A. ROBERTS LIVING TRUST","","https://www.google.com/maps/@?api=1&map_action=pano&viewpoint=42.41302070442,-83.234552885288","https://data.detroitmi.gov/datasets/bseed-vacant-property-registrations","BSEED VPR VPO2026-00248; registered 2026-03-03; North Rosedale Park; Council District 1; Parcel 22091181.; Privately owned, registered as vacant under Detroit's Vacant Property Registration Ordinance.",""
"5933 Moran St, Detroit, MI 48211","42.376713","-83.037164","Detroit","MI","48211","RESIDENTIAL","VACANT","REALTOKEN LLC SERIES 483-5933 MORAN","","https://www.google.com/maps/@?api=1&map_action=pano&viewpoint=42.376713089979,-83.037164196956","https://data.detroitmi.gov/datasets/bseed-vacant-property-registrations","BSEED VPR VPO2026-00437; registered 2026-04-08; Poletown East; Council District 5; Parcel 13010267.; Privately owned, registered as vacant under Detroit's Vacant Property Registration Ordinance.",""
"2210 Park Ave, Detroit, MI 48201","42.337832","-83.053448","Detroit","MI","48201","RESIDENTIAL","VACANT","DETROIT LIFE BUILDING LLC","","https://www.google.com/maps/@?api=1&map_action=pano&viewpoint=42.337831695338,-83.053447982313","https://data.detroitmi.gov/datasets/bseed-vacant-property-registrations","BSEED VPR VPO2021-00204; registered 2025-12-17; Downtown; Council District 6; Parcel 02000447.; Privately owned, registered as vacant under Detroit's Vacant Property Registration Ordinance.",""
"5942 Audubon Rd, Detroit, MI 48224","42.410441","-82.942260","Detroit","MI","48224","RESIDENTIAL","VACANT","SERIES #6, A SERIES OF REALTOKEN LLC","","https://www.google.com/maps/@?api=1&map_action=pano&viewpoint=42.410440613308,-82.942260010303","https://data.detroitmi.gov/datasets/bseed-vacant-property-registrations","BSEED VPR VPO2026-00385; registered 2026-04-06; Morningside; Council District 4; Parcel 21071935.; Privately owned, registered as vacant under Detroit's Vacant Property Registration Ordinance.",""
"2594 Inglis St, Detroit, MI 48209","42.314121","-83.130462","Detroit","MI","48209","RESIDENTIAL","VACANT","ANGELICA GARCIA","","https://www.google.com/maps/@?api=1&map_action=pano&viewpoint=42.314121,-83.130462","https://data.detroitmi.gov/datasets/bseed-vacant-property-registrations","BSEED VPR VPO2025-00689; registered 2025-06-06; Springwells; Council District 6; Parcel 20007230.; Privately owned, registered as vacant under Detroit's Vacant Property Registration Ordinance.",""
"13411 Tacoma St, Detroit, MI 48205","42.441515","-82.987505","Detroit","MI","48205","RESIDENTIAL","VACANT","NEW DESTINY HOUSING LLC","","https://www.google.com/maps/@?api=1&map_action=pano&viewpoint=42.441515103242,-82.987505279813","https://data.detroitmi.gov/datasets/bseed-vacant-property-registrations","BSEED VPR VPO2026-00547; registered 2026-04-27; Pulaski; Council District 3; Parcel 21023732.; Privately owned, registered as vacant under Detroit's Vacant Property Registration Ordinance.",""
"14900 Snowden St, Detroit, MI 48227","42.398741","-83.176535","Detroit","MI","48227","COMMERCIAL","VACANT","DEWITT BUILDING & CONSTRUCTI ET AL","","https://www.google.com/maps/@?api=1&map_action=pano&viewpoint=42.398741165287,-83.176534620132","https://data.detroitmi.gov/datasets/bseed-vacant-property-registrations","BSEED VPR VPO2026-00190; registered 2026-02-23; Bethune Community; Council District 7; Parcel 22027723.; Privately owned, registered as vacant under Detroit's Vacant Property Registration Ordinance.",""
"19403 Vaughan St, Detroit, MI 48219","42.433336","-83.240343","Detroit","MI","48219","RESIDENTIAL","VACANT","BELTON, DEJUAN","","https://www.google.com/maps/@?api=1&map_action=pano&viewpoint=42.433335575035,-83.240342605406","https://data.detroitmi.gov/datasets/bseed-vacant-property-registrations","BSEED VPR VPO2026-00318; registered 2026-03-17; Evergreen Lahser 7/8; Council District 1; Parcel 22098082-4; Privately owned, registered as vacant under Detroit's Vacant Property Registration Ordinance.",""
"9131 Birwood St, Detroit, MI 48204","42.361614","-83.163152","Detroit","MI","48204","RESIDENTIAL","VACANT","WRIGHT, CANADA","","https://www.google.com/maps/@?api=1&map_action=pano&viewpoint=42.361613513536,-83.163151650556","https://data.detroitmi.gov/datasets/bseed-vacant-property-registrations","BSEED VPR VPO2026-00692; registered 2026-05-18; Barton-McFarland; Council District 7; Parcel 18017028.; Privately owned, registered as vacant under Detroit's Vacant Property Registration Ordinance.",""
"16568 Wyoming St, Detroit, MI 48221","42.413192","-83.159903","Detroit","MI","48221","RESIDENTIAL","VACANT","LEE, DAVID","","https://www.google.com/maps/@?api=1&map_action=pano&viewpoint=42.413192273121,-83.159902900746","https://data.detroitmi.gov/datasets/bseed-vacant-property-registrations","BSEED VPR VPO2025-01180; registered 2025-10-03; Fitzgerald/Marygrove; Council District 2; Parcel 16037586.; Privately owned, registered as vacant under Detroit's Vacant Property Registration Ordinance.",""
"14875 Meyers Rd, Detroit, MI 48227","42.398803","-83.169481","Detroit","MI","48227","RESIDENTIAL","VACANT","RAY COOK","","https://www.google.com/maps/@?api=1&map_action=pano&viewpoint=42.398803188201,-83.169480975916","https://data.detroitmi.gov/datasets/bseed-vacant-property-registrations","BSEED VPR VPO2025-00932; registered 2025-08-04; Bethune Community; Council District 7; Parcel 22020420-1; Privately owned, registered as vacant under Detroit's Vacant Property Registration Ordinance.",""
"1245 S Liddesdale St, Detroit, MI 48217","42.279502","-83.147537","Detroit","MI","48217","RESIDENTIAL","VACANT","VELAZQUEZ, EMMANUEL","","https://www.google.com/maps/@?api=1&map_action=pano&viewpoint=42.279502367049,-83.14753709608","https://data.detroitmi.gov/datasets/bseed-vacant-property-registrations","BSEED VPR VPO2025-01375; registered 2025-12-05; Boynton; Council District 6; Parcel 20013250.; Privately owned, registered as vacant under Detroit's Vacant Property Registration Ordinance.",""
"8151 Rolyat St, Detroit, MI 48234","42.439802","-83.021167","Detroit","MI","48234","RESIDENTIAL","VACANT","MOLDOVA PROPERTIES LLC","","https://www.google.com/maps/@?api=1&map_action=pano&viewpoint=42.439802313097,-83.021166929168","https://data.detroitmi.gov/datasets/bseed-vacant-property-registrations","BSEED VPR VPO2025-01125; registered 2025-09-25; Nortown; Council District 3; Parcel 17005632.; Privately owned, registered as vacant under Detroit's Vacant Property Registration Ordinance.",""
"12730 Mendota St, Detroit, MI 48238","42.382517","-83.163993","Detroit","MI","48238","RESIDENTIAL","VACANT","THESS BUYING GROUP 845, LLC","","https://www.google.com/maps/@?api=1&map_action=pano&viewpoint=42.382517109,-83.163992894","https://data.detroitmi.gov/datasets/bseed-vacant-property-registrations","BSEED VPR VPO2025-00178; registered 2025-06-05; Grand River-I96; Council District 7; Parcel 16042762.; Privately owned, registered as vacant under Detroit's Vacant Property Registration Ordinance.",""
"13303 E Canfield St, Detroit, MI 48215","42.390450","-82.961939","Detroit","MI","48215","RESIDENTIAL","VACANT","BENNY ELLERBEE","","https://www.google.com/maps/@?api=1&map_action=pano&viewpoint=42.390449920735,-82.961939314808","https://data.detroitmi.gov/datasets/bseed-vacant-property-registrations","BSEED VPR VPO2026-00201; registered 2026-02-23; Fox Creek; Council District 4; Parcel 21001831.; Privately owned, registered as vacant under Detroit's Vacant Property Registration Ordinance.",""
"2240 Clairmount St, Detroit, MI 48206","42.375014","-83.103823","Detroit","MI","48206","RESIDENTIAL","VACANT","WALKER, FALLON","","https://www.google.com/maps/@?api=1&map_action=pano&viewpoint=42.375013724438,-83.103823437394","https://data.detroitmi.gov/datasets/bseed-vacant-property-registrations","BSEED VPR VPO2025-01280; registered 2025-11-07; Virginia Park Community; Council District 5; Parcel 10002453.; Privately owned, registered as vacant under Detroit's Vacant Property Registration Ordinance.",""
"2940 Canton St, Detroit, MI 48207","42.360027","-83.012758","Detroit","MI","48207","RESIDENTIAL","VACANT","AAA HOME RENOVATION LLC","","https://www.google.com/maps/@?api=1&map_action=pano&viewpoint=42.360026978815,-83.012758382896","https://data.detroitmi.gov/datasets/bseed-vacant-property-registrations","BSEED VPR VPO2025-00941; registered 2025-08-16; Islandview; Council District 5; Parcel 15010000.; Privately owned, registered as vacant under Detroit's Vacant Property Registration Ordinance.",""
"4239 Tyler St, Detroit, MI 48238","42.386252","-83.135096","Detroit","MI","48238","RESIDENTIAL","VACANT","DETROIT RENTAL FUND 6 LLC","","https://www.google.com/maps/@?api=1&map_action=pano&viewpoint=42.386252115771,-83.135096089407","https://data.detroitmi.gov/datasets/bseed-vacant-property-registrations","BSEED VPR VPO2025-01103; registered 2025-09-14; Russell Woods; Council District 5; Parcel 14005265.; Privately owned, registered as vacant under Detroit's Vacant Property Registration Ordinance.",""
"2737 W Vernor Hwy, Detroit, MI 48216","42.325821","-83.080764","Detroit","MI","48216","COMMERCIAL","VACANT","WOODWARD BUILDING PLAZA INC","","https://www.google.com/maps/@?api=1&map_action=pano&viewpoint=42.325821,-83.080764","https://data.detroitmi.gov/datasets/bseed-vacant-property-registrations","BSEED VPR VPO2011-03897; registered 2026-03-04; Central Southwest; Council District 6; Parcel 10008484-7; Privately owned, registered as vacant under Detroit's Vacant Property Registration Ordinance.",""
"3064 Harding St, Detroit, MI 48214","42.373725","-82.983183","Detroit","MI","48214","RESIDENTIAL","VACANT","LONG VIEW RENTALS LLC","","https://www.google.com/maps/@?api=1&map_action=pano&viewpoint=42.373725322667,-82.983182541662","https://data.detroitmi.gov/datasets/bseed-vacant-property-registrations","BSEED VPR VPO2026-00433; registered 2026-04-02; East Village; Council District 4; Parcel 21039323.; Privately owned, registered as vacant under Detroit's Vacant Property Registration Ordinance.",""
"19225 Mound Rd, Detroit, MI 48234","42.435459","-83.044277","Detroit","MI","48234","RESIDENTIAL","VACANT","MOUND APARTMENTS, LLC","","https://www.google.com/maps/@?api=1&map_action=pano&viewpoint=42.435458818151,-83.044277088308","https://data.detroitmi.gov/datasets/bseed-vacant-property-registrations","BSEED VPR VPO2026-00377; registered 2026-03-31; Farwell; Council District 3; Parcel 13013133-6; Privately owned, registered as vacant under Detroit's Vacant Property Registration Ordinance.",""
"16644 Rossini Dr, Detroit, MI 48205","42.443707","-82.947687","Detroit","MI","48205","RESIDENTIAL","VACANT","REALTOKEN INTERNATIONAL 16644 ROSSINI DR INC","","https://www.google.com/maps/@?api=1&map_action=pano&viewpoint=42.443706979314,-82.947686945736","https://data.detroitmi.gov/datasets/bseed-vacant-property-registrations","BSEED VPR VPO2026-00416; registered 2026-04-07; Regent Park; Council District 3; Parcel 21024677.; Privately owned, registered as vacant under Detroit's Vacant Property Registration Ordinance.",""
"14387 Patton St, Detroit, MI 48223","42.392176","-83.243623","Detroit","MI","48223","RESIDENTIAL","VACANT","MICHIGAN REAL TOKEN IX LLC","","https://www.google.com/maps/@?api=1&map_action=pano&viewpoint=42.392176330156,-83.243622599378","https://data.detroitmi.gov/datasets/bseed-vacant-property-registrations","BSEED VPR VPO2026-00432; registered 2026-04-06; Brightmoor; Council District 1; Parcel 22104596-7; Privately owned, registered as vacant under Detroit's Vacant Property Registration Ordinance.",""
"15346 Auburn St, Detroit, MI 48223","42.401480","-83.234684","Detroit","MI","48223","RESIDENTIAL","VACANT","GRANDMONT REALTY LLC","","https://www.google.com/maps/@?api=1&map_action=pano&viewpoint=42.401479841621,-83.234683722805","https://data.detroitmi.gov/datasets/bseed-vacant-property-registrations","BSEED VPR VPO2026-00062; registered 2026-01-23; Minock Park; Council District 1; Parcel 22092531.003L; Privately owned, registered as vacant under Detroit's Vacant Property Registration Ordinance.",""
"18330 Shaftsbury Ave, Detroit, MI 48219","42.424468","-83.230459","Detroit","MI","48219","RESIDENTIAL","VACANT","WILLIAMS, PERRY & CYNTHIA","","https://www.google.com/maps/@?api=1&map_action=pano&viewpoint=42.424467580274,-83.23045946803","https://data.detroitmi.gov/datasets/bseed-vacant-property-registrations","BSEED VPR VPO2025-01086; registered 2025-09-16; Evergreen-Outer Drive; Council District 1; Parcel 22087362.; Privately owned, registered as vacant under Detroit's Vacant Property Registration Ordinance.",""
"8735 Lyndon St, Detroit, MI 48238","42.395055","-83.156872","Detroit","MI","48238","RESIDENTIAL","VACANT","MASHUK MEAH","","https://www.google.com/maps/@?api=1&map_action=pano&viewpoint=42.395054586818,-83.156871976724","https://data.detroitmi.gov/datasets/bseed-vacant-property-registrations","BSEED VPR VPO2025-01242; registered 2025-10-22; Davison-Schoolcraft; Council District 7; Parcel 16005903.043; Privately owned, registered as vacant under Detroit's Vacant Property Registration Ordinance.",""
"19817 Monica St, Detroit, MI 48221","42.438636","-83.145177","Detroit","MI","48221","RESIDENTIAL","VACANT","Q CAPITAL LLC","","https://www.google.com/maps/@?api=1&map_action=pano&viewpoint=42.438636,-83.145177","https://data.detroitmi.gov/datasets/bseed-vacant-property-registrations","BSEED VPR VPO2025-00562; registered 2025-05-22; Oak Grove District 2; Council District 2; Parcel 16021567.; Privately owned, registered as vacant under Detroit's Vacant Property Registration Ordinance.",""
"19183 Yonka St, Detroit, MI 48234","42.434300","-83.066447","Detroit","MI","48234","RESIDENTIAL","VACANT","LUCILLE 1999, INC","","https://www.google.com/maps/@?api=1&map_action=pano&viewpoint=42.434300244854,-83.066447147671","https://data.detroitmi.gov/datasets/bseed-vacant-property-registrations","BSEED VPR VPO2025-00870; registered 2025-07-19; Pershing; Council District 3; Parcel 13022031.; Privately owned, registered as vacant under Detroit's Vacant Property Registration Ordinance.",""
"1311 W 95th St, Cleveland, OH 44102","41.482693","-81.748373","Cleveland","OH","44102","RESIDENTIAL","CONDEMNED","","","https://www.google.com/maps/@?api=1&map_action=pano&viewpoint=41.482692914885675,-81.74837306029234","https://www.arcgis.com/home/item.html?id=bd47abc2adc242f789313af4191610ae","Parcel 00107098; Cudell; Ward 11; condemned 2026-02-25; Active condemnation issued by City of Cleveland Building & Housing.",""
"1366 W 87th St, Cleveland, OH 44102","41.481379","-81.744458","Cleveland","OH","44102","RESIDENTIAL","CONDEMNED","","","https://www.google.com/maps/@?api=1&map_action=pano&viewpoint=41.48137891494253,-81.74445806160767","https://www.arcgis.com/home/item.html?id=bd47abc2adc242f789313af4191610ae","Parcel 00108080; Cudell; Ward 11; condemned 2025-03-05; Active condemnation issued by City of Cleveland Building & Housing.",""
"1316 W 87 St, Cleveland, OH 44102","41.482729","-81.744431","Cleveland","OH","44102","RESIDENTIAL","CONDEMNED","","","https://www.google.com/maps/@?api=1&map_action=pano&viewpoint=41.48272891469408,-81.74443106150395","https://www.arcgis.com/home/item.html?id=bd47abc2adc242f789313af4191610ae","Parcel 00108092; Cudell; Ward 11; condemned 2022-04-29; Active condemnation issued by City of Cleveland Building & Housing.",""
"1354 W 89 St, Cleveland, OH 44102","41.481523","-81.745331","Cleveland","OH","44102","RESIDENTIAL","CONDEMNED","","","https://www.google.com/maps/@?api=1&map_action=pano&viewpoint=41.48152291495711,-81.74533106132674","https://www.arcgis.com/home/item.html?id=bd47abc2adc242f789313af4191610ae","Parcel 00108118; Cudell; Ward 11; condemned 2015-07-14; Active condemnation issued by City of Cleveland Building & Housing.",""
"1374 West Blvd, Cleveland, OH 44102","41.480317","-81.750758","Cleveland","OH","44102","RESIDENTIAL","CONDEMNED","","","https://www.google.com/maps/@?api=1&map_action=pano&viewpoint=41.48031691543266,-81.75075805975474","https://www.arcgis.com/home/item.html?id=bd47abc2adc242f789313af4191610ae","Parcel 00113027; Cudell; Ward 12; condemned 2026-02-17; Active condemnation issued by City of Cleveland Building & Housing.",""
"11500 Madison Ave, Cleveland, OH 44102","41.477527","-81.767035","Cleveland","OH","44102","RESIDENTIAL","CONDEMNED","","","https://www.google.com/maps/@?api=1&map_action=pano&viewpoint=41.47752691670764,-81.76703455497194","https://www.arcgis.com/home/item.html?id=bd47abc2adc242f789313af4191610ae","Parcel 00122004; Edgewater; Ward 12; condemned 2026-03-27; Active condemnation issued by City of Cleveland Building & Housing.",""
"1494 W 116th St, Cleveland, OH 44102","41.480560","-81.767687","Cleveland","OH","44102","RESIDENTIAL","CONDEMNED","","","https://www.google.com/maps/@?api=1&map_action=pano&viewpoint=41.48055991618303,-81.76768705451909","https://www.arcgis.com/home/item.html?id=bd47abc2adc242f789313af4191610ae","Parcel 00123025; Edgewater; Ward 12; condemned 2019-08-29; Active condemnation issued by City of Cleveland Building & Housing.",""
"1415 W 112 St, Cleveland, OH 44102","41.482000","-81.764731","Cleveland","OH","44102","RESIDENTIAL","CONDEMNED","","","https://www.google.com/maps/@?api=1&map_action=pano&viewpoint=41.4819999157806,-81.76473055531031","https://www.arcgis.com/home/item.html?id=bd47abc2adc242f789313af4191610ae","Parcel 00125016; Edgewater; Ward 12; condemned 2013-08-01; Active condemnation issued by City of Cleveland Building & Housing.",""
"1476 W 110th St, Cleveland, OH 44102","41.480083","-81.764060","Cleveland","OH","44102","RESIDENTIAL","CONDEMNED","","","https://www.google.com/maps/@?api=1&map_action=pano&viewpoint=41.48008291610004,-81.76406005567605","https://www.arcgis.com/home/item.html?id=bd47abc2adc242f789313af4191610ae","Parcel 00125081; Edgewater; Ward 12; condemned 2025-09-22; Active condemnation issued by City of Cleveland Building & Housing.",""
"10500 Madison Ave, Cleveland, OH 44102","41.477158","-81.759187","Cleveland","OH","44102","RESIDENTIAL","CONDEMNED","","","https://www.google.com/maps/@?api=1&map_action=pano&viewpoint=41.47715791640674,-81.75918655742028","https://www.arcgis.com/home/item.html?id=bd47abc2adc242f789313af4191610ae","Parcel 00126007; Cudell; Ward 12; condemned 2013-06-12; Active condemnation issued by City of Cleveland Building & Housing.",""
"1443 W 101st St, Cleveland, OH 44102","41.478580","-81.753850","Cleveland","OH","44102","RESIDENTIAL","CONDEMNED","","","https://www.google.com/maps/@?api=1&map_action=pano&viewpoint=41.47857991589581,-81.75384955894644","https://www.arcgis.com/home/item.html?id=bd47abc2adc242f789313af4191610ae","Parcel 00128044; Cudell; Ward 12; condemned 2025-04-22; Active condemnation issued by City of Cleveland Building & Housing.",""
"1987 W 100 St, Cleveland, OH 44102","41.477338","-81.752738","Cleveland","OH","44102","RESIDENTIAL","CONDEMNED","","","https://www.google.com/maps/@?api=1&map_action=pano&viewpoint=41.47733791607102,-81.75273805939197","https://www.arcgis.com/home/item.html?id=bd47abc2adc242f789313af4191610ae","Parcel 00129015; Cudell; Ward 11; Active condemnation issued by City of Cleveland Building & Housing.",""
"1970 W 93 St, Cleveland, OH 44102","41.477950","-81.747874","Cleveland","OH","44102","RESIDENTIAL","CONDEMNED","","","https://www.google.com/maps/@?api=1&map_action=pano&viewpoint=41.47794991573064,-81.74787356083992","https://www.arcgis.com/home/item.html?id=bd47abc2adc242f789313af4191610ae","Parcel 00130038; Cudell; Ward 11; condemned 2021-04-09; Active condemnation issued by City of Cleveland Building & Housing.",""
"7910 Lake Ave, Cleveland, OH 44102","41.483368","-81.739661","Cleveland","OH","44102","RESIDENTIAL","CONDEMNED","","","https://www.google.com/maps/@?api=1&map_action=pano&viewpoint=41.48336791435319,-81.73966106292066","https://www.arcgis.com/home/item.html?id=bd47abc2adc242f789313af4191610ae","Parcel 00202013; Detroit Shoreway; Ward 11; condemned 2015-02-26; Active condemnation issued by City of Cleveland Building & Housing.",""
"1310 W 76th St, Cleveland, OH 44102","41.484556","-81.737771","Cleveland","OH","44102","RESIDENTIAL","CONDEMNED","","","https://www.google.com/maps/@?api=1&map_action=pano&viewpoint=41.484555914047014,-81.73777106340442","https://www.arcgis.com/home/item.html?id=bd47abc2adc242f789313af4191610ae","Parcel 00202038; Detroit Shoreway; Ward 11; condemned 2025-04-22; Active condemnation issued by City of Cleveland Building & Housing.",""
"1293 W 76th St, Cleveland, OH 44102","41.484997","-81.737326","Cleveland","OH","44102","RESIDENTIAL","CONDEMNED","","","https://www.google.com/maps/@?api=1&map_action=pano&viewpoint=41.48499691394536,-81.73732556350512","https://www.arcgis.com/home/item.html?id=bd47abc2adc242f789313af4191610ae","Parcel 00205003; Detroit Shoreway; Ward 11; condemned 2025-07-30; Active condemnation issued by City of Cleveland Building & Housing.",""
"7511 Rutledge Ave, Cleveland, OH 44102","41.483251","-81.736849","Cleveland","OH","44102","RESIDENTIAL","CONDEMNED","","","https://www.google.com/maps/@?api=1&map_action=pano&viewpoint=41.48325091424266,-81.73684856379698","https://www.arcgis.com/home/item.html?id=bd47abc2adc242f789313af4191610ae","Parcel 00205109; Detroit Shoreway; Ward 11; condemned 2016-11-22; Active condemnation issued by City of Cleveland Building & Housing.",""
"1374 W 64 St, Cleveland, OH 44102","41.484898","-81.729514","Cleveland","OH","44102","RESIDENTIAL","CONDEMNED","","","https://www.google.com/maps/@?api=1&map_action=pano&viewpoint=41.484897913596896,-81.72951356592057","https://www.arcgis.com/home/item.html?id=bd47abc2adc242f789313af4191610ae","Parcel 00209031; Detroit Shoreway; Ward 7; condemned 2013-08-16; Active condemnation issued by City of Cleveland Building & Housing.",""
"4516 Clinton Ave, Cleveland, OH 44102","41.486356","-81.718430","Cleveland","OH","44102","RESIDENTIAL","CONDEMNED","","","https://www.google.com/maps/@?api=1&map_action=pano&viewpoint=41.48635591281001,-81.71843006921522","https://www.arcgis.com/home/item.html?id=bd47abc2adc242f789313af4191610ae","Parcel 00213024; Ohio City; Ward 7; condemned 2023-05-15; Active condemnation issued by City of Cleveland Building & Housing.",""
"7107 Clinton Ave, Cleveland, OH 44102","41.481838","-81.733834","Cleveland","OH","44102","RESIDENTIAL","CONDEMNED","","","https://www.google.com/maps/@?api=1&map_action=pano&viewpoint=41.48183791435987,-81.73383356484327","https://www.arcgis.com/home/item.html?id=bd47abc2adc242f789313af4191610ae","Parcel 00218052; Detroit Shoreway; Ward 7; Active condemnation issued by City of Cleveland Building & Housing.",""
"1444 W 84 St, Cleveland, OH 44102","41.479642","-81.742622","Cleveland","OH","44102","RESIDENTIAL","CONDEMNED","","","https://www.google.com/maps/@?api=1&map_action=pano&viewpoint=41.47964191517436,-81.74262206231752","https://www.arcgis.com/home/item.html?id=bd47abc2adc242f789313af4191610ae","Parcel 00220066; Detroit Shoreway; Ward 11; condemned 2017-03-22; Active condemnation issued by City of Cleveland Building & Housing.",""
"7914 Madison Ave, Cleveland, OH 44102","41.477365","-81.739400","Cleveland","OH","44102","RESIDENTIAL","CONDEMNED","","","https://www.google.com/maps/@?api=1&map_action=pano&viewpoint=41.47736491544011,-81.73940006349918","https://www.arcgis.com/home/item.html?id=bd47abc2adc242f789313af4191610ae","Parcel 00221023; Detroit Shoreway; Ward 11; condemned 2023-06-29; Active condemnation issued by City of Cleveland Building & Housing.",""
"1971 W 77 St, Cleveland, OH 44102","41.477923","-81.737578","Cleveland","OH","44102","RESIDENTIAL","CONDEMNED","","","https://www.google.com/maps/@?api=1&map_action=pano&viewpoint=41.47792291525246,-81.73757756401446","https://www.arcgis.com/home/item.html?id=bd47abc2adc242f789313af4191610ae","Parcel 00222072; Detroit Shoreway; Ward 11; Active condemnation issued by City of Cleveland Building & Housing.",""
"6200 Ellen Ave, Cleveland, OH 44102","41.481334","-81.728807","Cleveland","OH","44102","RESIDENTIAL","CONDEMNED","","","https://www.google.com/maps/@?api=1&map_action=pano&viewpoint=41.48133391421638,-81.72880706643396","https://www.arcgis.com/home/item.html?id=bd47abc2adc242f789313af4191610ae","Parcel 00230083; Detroit Shoreway; Ward 7; Active condemnation issued by City of Cleveland Building & Housing.",""
"5716 Side Ave, Cleveland, OH 44102","41.477968","-81.725788","Cleveland","OH","44102","RESIDENTIAL","CONDEMNED","","","https://www.google.com/maps/@?api=1&map_action=pano&viewpoint=41.47796791469109,-81.72578756764361","https://www.arcgis.com/home/item.html?id=bd47abc2adc242f789313af4191610ae","Parcel 00231102; Detroit Shoreway; Ward 7; condemned 2015-09-23; Active condemnation issued by City of Cleveland Building & Housing.",""
"2109 Wilkens Ave, Baltimore, MD 21223","39.280878","-76.649340","Baltimore","MD","21223","RESIDENTIAL","VACANT","","","https://www.google.com/maps/@?api=1&map_action=pano&viewpoint=39.28087832437162,-76.64933994282087","https://egisdata.baltimorecity.gov/egis/rest/services/Housing/DHCD_Open_Baltimore_Datasets/FeatureServer/1","VBN 602095A; Block-Lot 0702 052; Carrollton Ridge; Council District 9; VBN issued 2010-07-17; Open Vacant Building Notice issued by Baltimore DHCD; building remains in inventory.",""
"2101 Wilkens Ave, Baltimore, MD 21223","39.280939","-76.649163","Baltimore","MD","21223","RESIDENTIAL","VACANT","","","https://www.google.com/maps/@?api=1&map_action=pano&viewpoint=39.28093877820772,-76.6491626179911","https://egisdata.baltimorecity.gov/egis/rest/services/Housing/DHCD_Open_Baltimore_Datasets/FeatureServer/1","VBN 333350A; Block-Lot 0702 056; Carrollton Ridge; Council District 9; VBN issued 2008-06-26; Open Vacant Building Notice issued by Baltimore DHCD; building remains in inventory.",""
"2001 Wilkens Ave, Baltimore, MD 21223","39.281379","-76.647779","Baltimore","MD","21223","RESIDENTIAL","VACANT","","","https://www.google.com/maps/@?api=1&map_action=pano&viewpoint=39.28137919081113,-76.64777862054706","https://egisdata.baltimorecity.gov/egis/rest/services/Housing/DHCD_Open_Baltimore_Datasets/FeatureServer/1","VBN 2188893A; Block-Lot 0703 001; Carrollton Ridge; Council District 9; VBN issued 2022-12-05; Open Vacant Building Notice issued by Baltimore DHCD; building remains in inventory.",""
"2003 Wilkens Ave, Baltimore, MD 21223","39.281362","-76.647830","Baltimore","MD","21223","RESIDENTIAL","VACANT","","","https://www.google.com/maps/@?api=1&map_action=pano&viewpoint=39.28136169800413,-76.64782998379904","https://egisdata.baltimorecity.gov/egis/rest/services/Housing/DHCD_Open_Baltimore_Datasets/FeatureServer/1","VBN 2344541A; Block-Lot 0703 002; Carrollton Ridge; Council District 9; VBN issued 2024-02-01; Open Vacant Building Notice issued by Baltimore DHCD; building remains in inventory.",""
"2009 Wilkens Ave, Baltimore, MD 21223","39.281318","-76.647969","Baltimore","MD","21223","RESIDENTIAL","VACANT","","","https://www.google.com/maps/@?api=1&map_action=pano&viewpoint=39.281318134036404,-76.6479686628331","https://egisdata.baltimorecity.gov/egis/rest/services/Housing/DHCD_Open_Baltimore_Datasets/FeatureServer/1","VBN 2057399A; Block-Lot 0703 005; Carrollton Ridge; Council District 9; VBN issued 2021-11-05; Open Vacant Building Notice issued by Baltimore DHCD; building remains in inventory.",""
"2019 Wilkens Ave, Baltimore, MD 21223","39.281239","-76.648194","Baltimore","MD","21223","RESIDENTIAL","VACANT","","","https://www.google.com/maps/@?api=1&map_action=pano&viewpoint=39.28123935376632,-76.64819365376657","https://egisdata.baltimorecity.gov/egis/rest/services/Housing/DHCD_Open_Baltimore_Datasets/FeatureServer/1","VBN 286076A; Block-Lot 0703 010; Carrollton Ridge; Council District 9; VBN issued 2008-01-25; Open Vacant Building Notice issued by Baltimore DHCD; building remains in inventory.",""
"2025 Wilkens Ave, Baltimore, MD 21223","39.281198","-76.648332","Baltimore","MD","21223","RESIDENTIAL","VACANT","","","https://www.google.com/maps/@?api=1&map_action=pano&viewpoint=39.281198426796195,-76.648331730482","https://egisdata.baltimorecity.gov/egis/rest/services/Housing/DHCD_Open_Baltimore_Datasets/FeatureServer/1","VBN 2471895A; Block-Lot 0703 013; Carrollton Ridge; Council District 9; VBN issued 2025-01-16; Open Vacant Building Notice issued by Baltimore DHCD; building remains in inventory.",""
"2029 Wilkens Ave, Baltimore, MD 21223","39.281165","-76.648422","Baltimore","MD","21223","RESIDENTIAL","VACANT","","","https://www.google.com/maps/@?api=1&map_action=pano&viewpoint=39.28116511868184,-76.64842238153973","https://egisdata.baltimorecity.gov/egis/rest/services/Housing/DHCD_Open_Baltimore_Datasets/FeatureServer/1","VBN 2204658A; Block-Lot 0703 015; Carrollton Ridge; Council District 9; VBN issued 2023-02-07; Open Vacant Building Notice issued by Baltimore DHCD; building remains in inventory.",""
"2031 Wilkens Ave, Baltimore, MD 21223","39.281154","-76.648469","Baltimore","MD","21223","RESIDENTIAL","VACANT","","","https://www.google.com/maps/@?api=1&map_action=pano&viewpoint=39.281153563161546,-76.64846944754282","https://egisdata.baltimorecity.gov/egis/rest/services/Housing/DHCD_Open_Baltimore_Datasets/FeatureServer/1","VBN 1909805A; Block-Lot 0703 016; Carrollton Ridge; Council District 9; VBN issued 2020-06-30; Open Vacant Building Notice issued by Baltimore DHCD; building remains in inventory.",""
"2043 Wilkens Ave, Baltimore, MD 21223","39.281063","-76.648743","Baltimore","MD","21223","RESIDENTIAL","VACANT","","","https://www.google.com/maps/@?api=1&map_action=pano&viewpoint=39.281063474379934,-76.64874253127842","https://egisdata.baltimorecity.gov/egis/rest/services/Housing/DHCD_Open_Baltimore_Datasets/FeatureServer/1","VBN 1869872A; Block-Lot 0703 022; Carrollton Ridge; Council District 9; VBN issued 2020-01-02; Open Vacant Building Notice issued by Baltimore DHCD; building remains in inventory.",""
"2024 Eagle St, Baltimore, MD 21223","39.280890","-76.648335","Baltimore","MD","21223","RESIDENTIAL","VACANT","","","https://www.google.com/maps/@?api=1&map_action=pano&viewpoint=39.28088962679093,-76.64833469714694","https://egisdata.baltimorecity.gov/egis/rest/services/Housing/DHCD_Open_Baltimore_Datasets/FeatureServer/1","VBN 1585676A; Block-Lot 0703 035; Carrollton Ridge; Council District 9; VBN issued 2017-09-08; Open Vacant Building Notice issued by Baltimore DHCD; building remains in inventory.",""
"2022 Eagle St, Baltimore, MD 21223","39.280901","-76.648294","Baltimore","MD","21223","RESIDENTIAL","VACANT","","","https://www.google.com/maps/@?api=1&map_action=pano&viewpoint=39.28090092273271,-76.64829391329697","https://egisdata.baltimorecity.gov/egis/rest/services/Housing/DHCD_Open_Baltimore_Datasets/FeatureServer/1","VBN 2451736A; Block-Lot 0703 036; Carrollton Ridge; Council District 9; VBN issued 2024-10-31; Open Vacant Building Notice issued by Baltimore DHCD; building remains in inventory.",""
"2014 Eagle St, Baltimore, MD 21223","39.280954","-76.648141","Baltimore","MD","21223","RESIDENTIAL","VACANT","","","https://www.google.com/maps/@?api=1&map_action=pano&viewpoint=39.28095383742304,-76.64814064439159","https://egisdata.baltimorecity.gov/egis/rest/services/Housing/DHCD_Open_Baltimore_Datasets/FeatureServer/1","VBN 2594923A; Block-Lot 0703 040; Carrollton Ridge; Council District 9; VBN issued 2025-12-04; Open Vacant Building Notice issued by Baltimore DHCD; building remains in inventory.",""
"2008 Eagle St, Baltimore, MD 21223","39.280992","-76.648021","Baltimore","MD","21223","RESIDENTIAL","VACANT","","","https://www.google.com/maps/@?api=1&map_action=pano&viewpoint=39.28099177044297,-76.64802073776167","https://egisdata.baltimorecity.gov/egis/rest/services/Housing/DHCD_Open_Baltimore_Datasets/FeatureServer/1","VBN 1471931A; Block-Lot 0703 043; Carrollton Ridge; Council District 9; VBN issued 2016-12-23; Open Vacant Building Notice issued by Baltimore DHCD; building remains in inventory.",""
"1913 Wilkens Ave, Baltimore, MD 21223","39.281660","-76.646928","Baltimore","MD","21223","RESIDENTIAL","VACANT","","","https://www.google.com/maps/@?api=1&map_action=pano&viewpoint=39.28165984646929,-76.6469280549693","https://egisdata.baltimorecity.gov/egis/rest/services/Housing/DHCD_Open_Baltimore_Datasets/FeatureServer/1","VBN 1512989A; Block-Lot 0704 007; Carrollton Ridge; Council District 9; VBN issued 2017-03-29; Open Vacant Building Notice issued by Baltimore DHCD; building remains in inventory.",""
"1915 Wilkens Ave, Baltimore, MD 21223","39.281645","-76.646972","Baltimore","MD","21223","RESIDENTIAL","VACANT","","","https://www.google.com/maps/@?api=1&map_action=pano&viewpoint=39.28164513063526,-76.64697237646467","https://egisdata.baltimorecity.gov/egis/rest/services/Housing/DHCD_Open_Baltimore_Datasets/FeatureServer/1","VBN 1456124A; Block-Lot 0704 008; Carrollton Ridge; Council District 9; VBN issued 2016-10-12; Open Vacant Building Notice issued by Baltimore DHCD; building remains in inventory.",""
"1917 Wilkens Ave, Baltimore, MD 21223","39.281631","-76.647016","Baltimore","MD","21223","RESIDENTIAL","VACANT","","","https://www.google.com/maps/@?api=1&map_action=pano&viewpoint=39.28163061944307,-76.64701616029303","https://egisdata.baltimorecity.gov/egis/rest/services/Housing/DHCD_Open_Baltimore_Datasets/FeatureServer/1","VBN 1114343A; Block-Lot 0704 009; Carrollton Ridge; Council District 9; VBN issued 2014-07-13; Open Vacant Building Notice issued by Baltimore DHCD; building remains in inventory.",""
"1919 Wilkens Ave, Baltimore, MD 21223","39.281615","-76.647062","Baltimore","MD","21223","RESIDENTIAL","VACANT","","","https://www.google.com/maps/@?api=1&map_action=pano&viewpoint=39.28161527075086,-76.647062417001","https://egisdata.baltimorecity.gov/egis/rest/services/Housing/DHCD_Open_Baltimore_Datasets/FeatureServer/1","VBN 1970910A; Block-Lot 0704 010; Carrollton Ridge; Council District 9; VBN issued 2021-02-13; Open Vacant Building Notice issued by Baltimore DHCD; building remains in inventory.",""
"1925 Wilkens Ave, Baltimore, MD 21223","39.281569","-76.647202","Baltimore","MD","21223","RESIDENTIAL","VACANT","","","https://www.google.com/maps/@?api=1&map_action=pano&viewpoint=39.28156882352879,-76.64720202118117","https://egisdata.baltimorecity.gov/egis/rest/services/Housing/DHCD_Open_Baltimore_Datasets/FeatureServer/1","VBN 2453380A; Block-Lot 0704 013; Carrollton Ridge; Council District 9; VBN issued 2024-10-31; Open Vacant Building Notice issued by Baltimore DHCD; building remains in inventory.",""
"1927 Wilkens Ave, Baltimore, MD 21223","39.281555","-76.647244","Baltimore","MD","21223","RESIDENTIAL","VACANT","","","https://www.google.com/maps/@?api=1&map_action=pano&viewpoint=39.281554787125515,-76.64724436304184","https://egisdata.baltimorecity.gov/egis/rest/services/Housing/DHCD_Open_Baltimore_Datasets/FeatureServer/1","VBN 2470904A; Block-Lot 0704 014; Carrollton Ridge; Council District 9; VBN issued 2025-01-17; Open Vacant Building Notice issued by Baltimore DHCD; building remains in inventory.",""
"1929 Wilkens Ave, Baltimore, MD 21223","39.281540","-76.647288","Baltimore","MD","21223","RESIDENTIAL","VACANT","","","https://www.google.com/maps/@?api=1&map_action=pano&viewpoint=39.281540437366964,-76.64728764641482","https://egisdata.baltimorecity.gov/egis/rest/services/Housing/DHCD_Open_Baltimore_Datasets/FeatureServer/1","VBN 1303833A; Block-Lot 0704 015; Carrollton Ridge; Council District 9; VBN issued 2015-10-13; Open Vacant Building Notice issued by Baltimore DHCD; building remains in inventory.",""
"1931 Wilkens Ave, Baltimore, MD 21223","39.281525","-76.647333","Baltimore","MD","21223","RESIDENTIAL","VACANT","","","https://www.google.com/maps/@?api=1&map_action=pano&viewpoint=39.28152526572483,-76.64733320554924","https://egisdata.baltimorecity.gov/egis/rest/services/Housing/DHCD_Open_Baltimore_Datasets/FeatureServer/1","VBN 1514340A; Block-Lot 0704 016; Carrollton Ridge; Council District 9; VBN issued 2017-03-27; Open Vacant Building Notice issued by Baltimore DHCD; building remains in inventory.",""
"1933 Wilkens Ave, Baltimore, MD 21223","39.281511","-76.647376","Baltimore","MD","21223","RESIDENTIAL","VACANT","","","https://www.google.com/maps/@?api=1&map_action=pano&viewpoint=39.281511088173716,-76.6473759537187","https://egisdata.baltimorecity.gov/egis/rest/services/Housing/DHCD_Open_Baltimore_Datasets/FeatureServer/1","VBN 2343156A; Block-Lot 0704 017; Carrollton Ridge; Council District 9; VBN issued 2024-01-31; Open Vacant Building Notice issued by Baltimore DHCD; building remains in inventory.",""
"510 S Monroe St, Baltimore, MD 21223","39.281273","-76.646981","Baltimore","MD","21223","RESIDENTIAL","VACANT","","","https://www.google.com/maps/@?api=1&map_action=pano&viewpoint=39.28127334491386,-76.64698132314473","https://egisdata.baltimorecity.gov/egis/rest/services/Housing/DHCD_Open_Baltimore_Datasets/FeatureServer/1","VBN 675339A; Block-Lot 0704 021; Carrollton Ridge; Council District 9; VBN issued 2011-02-18; Open Vacant Building Notice issued by Baltimore DHCD; building remains in inventory.",""
"1121 W Lombard St, Baltimore, MD 21223","39.286471","-76.635997","Baltimore","MD","21223","RESIDENTIAL","VACANT","","","https://www.google.com/maps/@?api=1&map_action=pano&viewpoint=39.28647149152517,-76.63599703561187","https://egisdata.baltimorecity.gov/egis/rest/services/Housing/DHCD_Open_Baltimore_Datasets/FeatureServer/1","VBN 2613194A; Block-Lot 0250 048; Hollins Market; Council District 9; VBN issued 2026-02-12; Open Vacant Building Notice issued by Baltimore DHCD; building remains in inventory.",""
"2916 Music St, New Orleans, LA 70122","29.988594","-90.052642","New Orleans","LA","70122","RESIDENTIAL","CONDEMNED","","","https://www.google.com/maps/@?api=1&map_action=pano&viewpoint=29.988593552122,-90.052642129426","https://data.nola.gov/resource/d4d6-yab5","NOLA Code Enforcement 22-01454-MPM; 2 - Title Research; Violation: No WIP; inspected 2023-06-27; Open demolition case in New Orleans Code Enforcement Active Pipeline.",""
"6051-53 Kuebel Dr, New Orleans, LA 70126","30.032877","-90.023736","New Orleans","LA","70126","RESIDENTIAL","CONDEMNED","","","https://www.google.com/maps/@?api=1&map_action=pano&viewpoint=30.032876713113,-90.023736136664","https://data.nola.gov/resource/d4d6-yab5","NOLA Code Enforcement 13-03757-PNBL; 4 - Judgment; Violation: No WIP; inspected 2013-11-19; Open demolition case in New Orleans Code Enforcement Active Pipeline.",""
"1824 Hendee St, New Orleans, LA 70114","29.935185","-90.039482","New Orleans","LA","70114","RESIDENTIAL","CONDEMNED","","","https://www.google.com/maps/@?api=1&map_action=pano&viewpoint=29.935184903638,-90.039481588675","https://data.nola.gov/resource/d4d6-yab5","NOLA Code Enforcement 15-01222-MPM; 4 - Judgment; Violation: No WIP; inspected 2015-02-25; Open demolition case in New Orleans Code Enforcement Active Pipeline.",""
"5447 Pauline Dr, New Orleans, LA 70126","30.017531","-90.033688","New Orleans","LA","70126","RESIDENTIAL","CONDEMNED","","","https://www.google.com/maps/@?api=1&map_action=pano&viewpoint=30.017531136722,-90.033687789575","https://data.nola.gov/resource/d4d6-yab5","NOLA Code Enforcement 14-06197-MPM; 4 - Judgment; Violation: No WIP; inspected 2014-07-29; Open demolition case in New Orleans Code Enforcement Active Pipeline.",""
"2037 Law St, New Orleans, LA 70119","29.983468","-90.063675","New Orleans","LA","70119","RESIDENTIAL","CONDEMNED","","","https://www.google.com/maps/@?api=1&map_action=pano&viewpoint=29.983467517016,-90.063674831634","https://data.nola.gov/resource/d4d6-yab5","NOLA Code Enforcement 23-02268-MPM; 4 - Judgment; Violation: No WIP; inspected 2023-05-03; Open demolition case in New Orleans Code Enforcement Active Pipeline.",""
"3000 Metropolitan St, New Orleans, LA 70126","29.988136","-90.037140","New Orleans","LA","70126","RESIDENTIAL","CONDEMNED","","","https://www.google.com/maps/@?api=1&map_action=pano&viewpoint=29.988136498187,-90.037139671636","https://data.nola.gov/resource/d4d6-yab5","NOLA Code Enforcement 24-04921-MPM; 2 - Title Research; Violation: No WIP; inspected 2024-06-04; Open demolition case in New Orleans Code Enforcement Active Pipeline.",""
"10900 Guildford Rd, New Orleans, LA 70127","30.043802","-89.972242","New Orleans","LA","70127","RESIDENTIAL","VACANT","","","https://www.google.com/maps/@?api=1&map_action=pano&viewpoint=30.043802021755,-89.972242101894","https://data.nola.gov/resource/d4d6-yab5","NOLA Code Enforcement CEHB-11-7813; 4 - Judgment; Violation Unoccupied; inspected 2011-10-15; Open demolition case in New Orleans Code Enforcement Active Pipeline.",""
"2301 Clouet St, New Orleans, LA 70117","29.980007","-90.040418","New Orleans","LA","70117","RESIDENTIAL","VACANT","","","https://www.google.com/maps/@?api=1&map_action=pano&viewpoint=29.980006547447,-90.040417522099","https://data.nola.gov/resource/d4d6-yab5","NOLA Code Enforcement CEHB-11-1374; 4 - Judgment; Violation Unoccupied; inspected 2011-04-20; Open demolition case in New Orleans Code Enforcement Active Pipeline.",""
"927 St Maurice Ave, New Orleans, LA 70117","29.957878","-90.010803","New Orleans","LA","70117","RESIDENTIAL","CONDEMNED","","","https://www.google.com/maps/@?api=1&map_action=pano&viewpoint=29.957877784271,-90.010803442793","https://data.nola.gov/resource/d4d6-yab5","NOLA Code Enforcement 19-11288-MPM; 4 - Judgment; Violation: No WIP; inspected 2019-12-06; Open demolition case in New Orleans Code Enforcement Active Pipeline.",""
"1323-1329 Pacific Ave, New Orleans, LA 70114","29.941926","-90.046620","New Orleans","LA","70114","RESIDENTIAL","CONDEMNED","","","https://www.google.com/maps/@?api=1&map_action=pano&viewpoint=29.941925597302,-90.046620357614","https://data.nola.gov/resource/d4d6-yab5","NOLA Code Enforcement 23-08433-MPM; 2 - Title Research; Violation: No WIP; inspected 2023-12-17; Open demolition case in New Orleans Code Enforcement Active Pipeline.",""
"6801 Mayo Rd, New Orleans, LA 70126","30.025185","-90.001934","New Orleans","LA","70126","RESIDENTIAL","CONDEMNED","","","https://www.google.com/maps/@?api=1&map_action=pano&viewpoint=30.025185285669,-90.001933692986","https://data.nola.gov/resource/d4d6-yab5","NOLA Code Enforcement 12-12567-PNBL; 4 - Judgment; Violation: No WIP; inspected 2013-11-14; Open demolition case in New Orleans Code Enforcement Active Pipeline.",""
"1309 Socrates St, New Orleans, LA 70114","29.941014","-90.043263","New Orleans","LA","70114","RESIDENTIAL","CONDEMNED","","","https://www.google.com/maps/@?api=1&map_action=pano&viewpoint=29.941014227999,-90.043262760171","https://data.nola.gov/resource/d4d6-yab5","NOLA Code Enforcement 14-07291-MPM; 4 - Judgment; Violation: No WIP; inspected 2014-08-15; Open demolition case in New Orleans Code Enforcement Active Pipeline.",""
"3301 Clouet St, New Orleans, LA 70126","29.991420","-90.036944","New Orleans","LA","70126","RESIDENTIAL","CONDEMNED","","","https://www.google.com/maps/@?api=1&map_action=pano&viewpoint=29.991420013167,-90.036944498146","https://data.nola.gov/resource/d4d6-yab5","NOLA Code Enforcement 13-07825-MPM; 4 - Judgment; Violation: No WIP; inspected 2013-09-06; Open demolition case in New Orleans Code Enforcement Active Pipeline.",""
"4759 Citrus Dr, New Orleans, LA 70127","30.021599","-89.974658","New Orleans","LA","70127","RESIDENTIAL","CONDEMNED","","","https://www.google.com/maps/@?api=1&map_action=pano&viewpoint=30.021599296211,-89.974658074666","https://data.nola.gov/resource/d4d6-yab5","NOLA Code Enforcement 23-03485-MPM; 2 - Title Research; Violation: No WIP; inspected 2023-07-24; Open demolition case in New Orleans Code Enforcement Active Pipeline.",""
"4025 Iroquois St, New Orleans, LA 70126","30.000468","-90.043293","New Orleans","LA","70126","RESIDENTIAL","CONDEMNED","","","https://www.google.com/maps/@?api=1&map_action=pano&viewpoint=30.000468440383,-90.043292676047","https://data.nola.gov/resource/d4d6-yab5","NOLA Code Enforcement 16-01441-MPM; 4 - Judgment; Violation: No WIP; inspected 2016-03-14; Open demolition case in New Orleans Code Enforcement Active Pipeline.",""
"2226 St Maurice Ave, New Orleans, LA 70117","29.970513","-90.004872","New Orleans","LA","70117","RESIDENTIAL","CONDEMNED","","","https://www.google.com/maps/@?api=1&map_action=pano&viewpoint=29.970512795081,-90.004871914367","https://data.nola.gov/resource/d4d6-yab5","NOLA Code Enforcement 13-09321-MPM; 4 - Judgment; Violation: No WIP; inspected 2013-11-15; Open demolition case in New Orleans Code Enforcement Active Pipeline.",""
"2423-2425 Pauger St, New Orleans, LA 70116","29.974696","-90.060825","New Orleans","LA","70116","RESIDENTIAL","CONDEMNED","","","https://www.google.com/maps/@?api=1&map_action=pano&viewpoint=29.974695538466,-90.060825316092","https://data.nola.gov/resource/d4d6-yab5","NOLA Code Enforcement 24-03855-MPM; 2 - Title Research; Violation: No WIP; inspected 2024-05-16; Open demolition case in New Orleans Code Enforcement Active Pipeline.",""
"2653 N Johnson St, New Orleans, LA 70117","29.978136","-90.046801","New Orleans","LA","70117","RESIDENTIAL","CONDEMNED","","","https://www.google.com/maps/@?api=1&map_action=pano&viewpoint=29.978136043915,-90.046801032785","https://data.nola.gov/resource/d4d6-yab5","NOLA Code Enforcement 22-02107-MPM; 2 - Title Research; Violation: No WIP; inspected 2022-06-08; Open demolition case in New Orleans Code Enforcement Active Pipeline.",""
"7100 Cove Dr, New Orleans, LA 70126","30.029255","-90.007846","New Orleans","LA","70126","RESIDENTIAL","CONDEMNED","","","https://www.google.com/maps/@?api=1&map_action=pano&viewpoint=30.02925465978,-90.007846348261","https://data.nola.gov/resource/d4d6-yab5","NOLA Code Enforcement 12-11319-PNBL; 4 - Judgment; Violation: No WIP; inspected 2013-11-25; Open demolition case in New Orleans Code Enforcement Active Pipeline.",""
"2643 Almonaster Ave, New Orleans, LA 70117","29.984678","-90.045298","New Orleans","LA","70117","RESIDENTIAL","CONDEMNED","","","https://www.google.com/maps/@?api=1&map_action=pano&viewpoint=29.984677930272,-90.045297940997","https://data.nola.gov/resource/d4d6-yab5","NOLA Code Enforcement 17-03629-MPM; 4 - Judgment; Violation: No WIP; inspected 2017-05-16; Open demolition case in New Orleans Code Enforcement Active Pipeline.",""
"2335 S Prieur St, New Orleans, LA 70125","29.947058","-90.092769","New Orleans","LA","70125","RESIDENTIAL","CONDEMNED","","","https://www.google.com/maps/@?api=1&map_action=pano&viewpoint=29.947058242721,-90.092769027566","https://data.nola.gov/resource/d4d6-yab5","NOLA Code Enforcement 15-09388-MPM; 4 - Judgment; Violation: No WIP; inspected 2015-10-12; Open demolition case in New Orleans Code Enforcement Active Pipeline.",""
"1369 Madrid St, New Orleans, LA 70122","30.019315","-90.080541","New Orleans","LA","70122","RESIDENTIAL","CONDEMNED","","","https://www.google.com/maps/@?api=1&map_action=pano&viewpoint=30.01931468888,-90.080541130166","https://data.nola.gov/resource/d4d6-yab5","NOLA Code Enforcement 15-04775-MPM; 4 - Judgment; Violation: No WIP; inspected 2015-06-09; Open demolition case in New Orleans Code Enforcement Active Pipeline.",""
"9222 Oleander St, New Orleans, LA 70118","29.969218","-90.123707","New Orleans","LA","70118","RESIDENTIAL","CONDEMNED","","","https://www.google.com/maps/@?api=1&map_action=pano&viewpoint=29.969218235304,-90.123707480597","https://data.nola.gov/resource/d4d6-yab5","NOLA Code Enforcement 17-00705-MPM; 4 - Judgment; Violation: No WIP; inspected 2017-02-03; Open demolition case in New Orleans Code Enforcement Active Pipeline.",""
"6501 Manchester St, New Orleans, LA 70126","30.031403","-90.017302","New Orleans","LA","70126","RESIDENTIAL","CONDEMNED","","","https://www.google.com/maps/@?api=1&map_action=pano&viewpoint=30.031403027797,-90.017302403707","https://data.nola.gov/resource/d4d6-yab5","NOLA Code Enforcement 19-08006-MPM; 4 - Judgment; Violation: No WIP; inspected 2019-08-05; Open demolition case in New Orleans Code Enforcement Active Pipeline.",""
"5735 Pratt Dr, New Orleans, LA 70122","30.016460","-90.071115","New Orleans","LA","70122","RESIDENTIAL","CONDEMNED","","","https://www.google.com/maps/@?api=1&map_action=pano&viewpoint=30.016459615251,-90.07111538633","https://data.nola.gov/resource/d4d6-yab5","NOLA Code Enforcement 16-12216-MPM; 4 - Judgment; Violation: No WIP; inspected 2016-12-12; Open demolition case in New Orleans Code Enforcement Active Pipeline.",""
"944 W 36th St, Chicago, IL 60612","41.828741","-87.649379","Chicago","IL","60612","RESIDENTIAL","VACANT","BNY MELLON","","https://www.google.com/maps/@?api=1&map_action=pano&viewpoint=41.82874113394494,-87.64937906086406","https://data.cityofchicago.org/resource/kc9i-wq85","Docket 25CP019151; violation issued 2025-08-21; 13-12-125 Duty to secure and maintain vacant building.; Open city violation against vacant/abandoned building under Chicago Municipal Code 13-12-125.",""
"7704 S Homan St, Chicago, IL 60638","41.753149","-87.707522","Chicago","IL","60638","RESIDENTIAL","VACANT","FEDERAL NATIONAL MORTGAGE","","https://www.google.com/maps/@?api=1&map_action=pano&viewpoint=41.753148732806025,-87.7075222652232","https://data.cityofchicago.org/resource/kc9i-wq85","Docket 25CP019324; violation issued 2025-08-05; 13-12-125 Duty to secure and maintain vacant building.; Open city violation against vacant/abandoned building under Chicago Municipal Code 13-12-125.",""
"6630 S Lowe St, Chicago, IL 60609","41.773412","-87.640847","Chicago","IL","60609","RESIDENTIAL","VACANT","WELLS FARGO BANK NA","","https://www.google.com/maps/@?api=1&map_action=pano&viewpoint=41.77341222820302,-87.64084665488465","https://data.cityofchicago.org/resource/kc9i-wq85","Docket 25CP018568; violation issued 2025-08-03; 13-12-125 Duty to secure and maintain vacant building.; Open city violation against vacant/abandoned building under Chicago Municipal Code 13-12-125.",""
"6638 S Albany St, Chicago, IL 60638","41.772367","-87.700676","Chicago","IL","60638","RESIDENTIAL","VACANT","MIDFIRST BANK","","https://www.google.com/maps/@?api=1&map_action=pano&viewpoint=41.77236686700264,-87.70067558825812","https://data.cityofchicago.org/resource/kc9i-wq85","Docket 25CP007488; violation issued 2025-03-10; 13-12-125 Duty to secure and maintain vacant building.; Open city violation against vacant/abandoned building under Chicago Municipal Code 13-12-125.",""
"6338 S Albany St, Chicago, IL 60638","41.777839","-87.700818","Chicago","IL","60638","RESIDENTIAL","VACANT","MIDFIRST BANK","","https://www.google.com/maps/@?api=1&map_action=pano&viewpoint=41.777838811486646,-87.70081844540867","https://data.cityofchicago.org/resource/kc9i-wq85","Docket 25CP002909; violation issued 2025-01-27; 13-12-125 Duty to secure and maintain vacant building.; Open city violation against vacant/abandoned building under Chicago Municipal Code 13-12-125.",""
"5533 W Quincy St, Chicago, IL 60639","41.877353","-87.763056","Chicago","IL","60639","RESIDENTIAL","VACANT","DEUTSCHE BANK NATIONAL TRUST CO","","https://www.google.com/maps/@?api=1&map_action=pano&viewpoint=41.87735325432325,-87.7630559102289","https://data.cityofchicago.org/resource/kc9i-wq85","Docket 24CP005659; violation issued 2024-03-27; 13-12-140 Watchman required; Open city violation against vacant/abandoned building under Chicago Municipal Code 13-12-125.",""
"3116 W Columbus St, Chicago, IL 60638","41.751391","-87.700696","Chicago","IL","60638","RESIDENTIAL","VACANT","US BANK NATIONAL ASSOC","","https://www.google.com/maps/@?api=1&map_action=pano&viewpoint=41.751391152982556,-87.70069638661458","https://data.cityofchicago.org/resource/kc9i-wq85","Docket 24CP005885; violation issued 2024-03-20; 13-12-125 Duty to secure and maintain vacant building.; Open city violation against vacant/abandoned building under Chicago Municipal Code 13-12-125.",""
"4646 S Kedvale St, Chicago, IL 60623","41.808255","-87.727418","Chicago","IL","60623","RESIDENTIAL","VACANT","JP MORGAN CHASE BANK","","https://www.google.com/maps/@?api=1&map_action=pano&viewpoint=41.808255310915555,-87.72741827050183","https://data.cityofchicago.org/resource/kc9i-wq85","Docket 24CP003996; violation issued 2024-02-12; 13-12-125 Duty to secure and maintain vacant building.; Open city violation against vacant/abandoned building under Chicago Municipal Code 13-12-125.",""
"6550 S Oakley St, Chicago, IL 60629","41.774115","-87.681085","Chicago","IL","60629","RESIDENTIAL","VACANT","US BANK NA","","https://www.google.com/maps/@?api=1&map_action=pano&viewpoint=41.774114845979334,-87.68108454480972","https://data.cityofchicago.org/resource/kc9i-wq85","Docket 23CP018216; violation issued 2023-09-18; 13-12-125 Duty to secure and maintain vacant building.; Open city violation against vacant/abandoned building under Chicago Municipal Code 13-12-125.",""
"6407 S Claremont St, Chicago, IL 60629","41.777155","-87.682085","Chicago","IL","60629","RESIDENTIAL","VACANT","HSBC BANK USA NA","","https://www.google.com/maps/@?api=1&map_action=pano&viewpoint=41.77715451570253,-87.68208534042216","https://data.cityofchicago.org/resource/kc9i-wq85","Docket 23CP018267; violation issued 2023-09-18; 13-12-125 Duty to secure and maintain vacant building.; Open city violation against vacant/abandoned building under Chicago Municipal Code 13-12-125.",""
"3854 W 59th St, Chicago, IL 60638","41.786092","-87.720235","Chicago","IL","60638","RESIDENTIAL","VACANT","US BANK NA","","https://www.google.com/maps/@?api=1&map_action=pano&viewpoint=41.78609151762934,-87.72023517118727","https://data.cityofchicago.org/resource/kc9i-wq85","Docket 23CP018200; violation issued 2023-09-04; 13-12-125 Duty to secure and maintain vacant building.; Open city violation against vacant/abandoned building under Chicago Municipal Code 13-12-125.",""
"1444 W 49th Pl, Chicago, IL 60624","41.804198","-87.661770","Chicago","IL","60624","RESIDENTIAL","VACANT","FEDERAL NATL MORTGAGE ASSN","","https://www.google.com/maps/@?api=1&map_action=pano&viewpoint=41.80419841852124,-87.66176996337852","https://data.cityofchicago.org/resource/kc9i-wq85","Docket 23CP015507; violation issued 2023-08-04; 13-12-125 Duty to secure and maintain vacant building.; Open city violation against vacant/abandoned building under Chicago Municipal Code 13-12-125.",""
"6633 S Mozart St, Chicago, IL 60629","41.772635","-87.694304","Chicago","IL","60629","RESIDENTIAL","VACANT","DEUTSCHE BANK NATIONAL","","https://www.google.com/maps/@?api=1&map_action=pano&viewpoint=41.772635074254794,-87.6943035754064","https://data.cityofchicago.org/resource/kc9i-wq85","Docket 23CP012791; violation issued 2023-06-07; 13-12-125 Duty to secure and maintain vacant building.; Open city violation against vacant/abandoned building under Chicago Municipal Code 13-12-125.",""
"2701 W 71st St, Chicago, IL 60629","41.764467","-87.690642","Chicago","IL","60629","RESIDENTIAL","VACANT","US BANK NA","","https://www.google.com/maps/@?api=1&map_action=pano&viewpoint=41.76446656132823,-87.69064160916491","https://data.cityofchicago.org/resource/kc9i-wq85","Docket 23CP010873; violation issued 2023-05-22; 13-12-125 Duty to secure and maintain vacant building.; Open city violation against vacant/abandoned building under Chicago Municipal Code 13-12-125.",""
"2701 W 79st St, Chicago, IL 60629","41.749816","-87.690236","Chicago","IL","60629","RESIDENTIAL","VACANT","US BANK NA","","https://www.google.com/maps/@?api=1&map_action=pano&viewpoint=41.749815701027195,-87.6902358596363","https://data.cityofchicago.org/resource/kc9i-wq85","Docket 23CP010873; violation issued 2023-05-22; 13-12-125 Duty to secure and maintain vacant building.; Open city violation against vacant/abandoned building under Chicago Municipal Code 13-12-125.",""
"5836 S Talman St, Chicago, IL 60629","41.787178","-87.690103","Chicago","IL","60629","RESIDENTIAL","VACANT","U S BANK NA","","https://www.google.com/maps/@?api=1&map_action=pano&viewpoint=41.78717783424199,-87.69010251220999","https://data.cityofchicago.org/resource/kc9i-wq85","Docket 23CP007020; violation issued 2023-03-01; 13-12-125 Duty to secure and maintain vacant building.; Open city violation against vacant/abandoned building under Chicago Municipal Code 13-12-125.",""
"8206 S Washtenaw St, Chicago, IL 60629","41.744261","-87.690191","Chicago","IL","60629","RESIDENTIAL","VACANT","US BANK NA","","https://www.google.com/maps/@?api=1&map_action=pano&viewpoint=41.74426121636256,-87.69019148812605","https://data.cityofchicago.org/resource/kc9i-wq85","Docket 23CP007008; violation issued 2023-03-01; 13-12-125 Duty to secure and maintain vacant building.; Open city violation against vacant/abandoned building under Chicago Municipal Code 13-12-125.",""
"271 W 71st St, Chicago, IL 60609","41.765288","-87.632150","Chicago","IL","60609","RESIDENTIAL","VACANT","US BANK NA","","https://www.google.com/maps/@?api=1&map_action=pano&viewpoint=41.76528846923274,-87.63215036219006","https://data.cityofchicago.org/resource/kc9i-wq85","Docket 23CP002239; violation issued 2023-01-17; 13-12-125 Duty to secure and maintain vacant building.; Open city violation against vacant/abandoned building under Chicago Municipal Code 13-12-125.",""
"2321 W Marquette St, Chicago, IL 60629","41.771869","-87.681790","Chicago","IL","60629","RESIDENTIAL","VACANT","CITIBANK","","https://www.google.com/maps/@?api=1&map_action=pano&viewpoint=41.7718689046202,-87.68178960948111","https://data.cityofchicago.org/resource/kc9i-wq85","Docket 23CP000640; violation issued 2022-12-05; 13-12-125 Duty to secure and maintain vacant building.; Open city violation against vacant/abandoned building under Chicago Municipal Code 13-12-125.",""
"2322 W Marquette St, Chicago, IL 60629","41.772089","-87.681874","Chicago","IL","60629","RESIDENTIAL","VACANT","CITIBANK","","https://www.google.com/maps/@?api=1&map_action=pano&viewpoint=41.772088573643224,-87.68187448504722","https://data.cityofchicago.org/resource/kc9i-wq85","Docket 23CP000640; violation issued 2022-12-05; 13-12-125 Duty to secure and maintain vacant building.; Open city violation against vacant/abandoned building under Chicago Municipal Code 13-12-125.",""
"613 W 46th Pl, Chicago, IL 60612","41.809747","-87.641275","Chicago","IL","60612","RESIDENTIAL","VACANT","DEUTSCHE BANK NATL TR CO","","https://www.google.com/maps/@?api=1&map_action=pano&viewpoint=41.80974713196133,-87.64127493428768","https://data.cityofchicago.org/resource/kc9i-wq85","Docket 21CP017514; violation issued 2022-11-24; 13-12-125 Duty to secure and maintain vacant building.; Open city violation against vacant/abandoned building under Chicago Municipal Code 13-12-125.",""
"6208 S Morgan St, Chicago, IL 60609","41.781173","-87.649829","Chicago","IL","60609","RESIDENTIAL","VACANT","CHASE REO GROUP LLC","","https://www.google.com/maps/@?api=1&map_action=pano&viewpoint=41.78117319861422,-87.6498292763393","https://data.cityofchicago.org/resource/kc9i-wq85","Docket 22CP014158; violation issued 2022-11-08; 13-12-125 Duty to secure and maintain vacant building.; Open city violation against vacant/abandoned building under Chicago Municipal Code 13-12-125.",""
"9851 S Dobson St, Chicago, IL 60619","41.715189","-87.598046","Chicago","IL","60619","RESIDENTIAL","VACANT","FEDERAL NATIONAL MORTGAGE","","https://www.google.com/maps/@?api=1&map_action=pano&viewpoint=41.71518910323826,-87.59804578036076","https://data.cityofchicago.org/resource/kc9i-wq85","Docket 22CP011364; violation issued 2022-09-16; 13-12-125 Duty to secure and maintain vacant building.; Open city violation against vacant/abandoned building under Chicago Municipal Code 13-12-125.",""
"3916 W Wilcox St, Chicago, IL 60639","41.879001","-87.723897","Chicago","IL","60639","RESIDENTIAL","VACANT","DEUTSCHE BANK NATIONAL","","https://www.google.com/maps/@?api=1&map_action=pano&viewpoint=41.87900145182319,-87.72389675505356","https://data.cityofchicago.org/resource/kc9i-wq85","Docket 22CP011767; violation issued 2022-09-12; 13-12-125 Duty to secure and maintain vacant building.; Open city violation against vacant/abandoned building under Chicago Municipal Code 13-12-125.",""
"4711 W Huron St, Chicago, IL 60639","41.893083","-87.743955","Chicago","IL","60639","RESIDENTIAL","VACANT","BANK OF AMERICA","","https://www.google.com/maps/@?api=1&map_action=pano&viewpoint=41.89308327494958,-87.74395542865904","https://data.cityofchicago.org/resource/kc9i-wq85","Docket 22CP011771; violation issued 2022-09-12; 13-12-125 Duty to secure and maintain vacant building.; Open city violation against vacant/abandoned building under Chicago Municipal Code 13-12-125.",""
"8008 W Brown Deer Rd, Milwaukee, WI 53209","43.178540","-88.009560","Milwaukee","WI","53209","COMMERCIAL","VACANT","","1190500","https://www.google.com/maps/@?api=1&map_action=pano&viewpoint=43.17853965610878,-88.00956005673498","https://milwaukeemaps.milwaukee.gov/arcgis/rest/services/StrongNeighborhood/StrongNeighborhood/MapServer/0","Parcel 0320143100; opened 2019-06-10; Tracked by Milwaukee DNS as vacant building with Inspection Due status.",""
"8915 N 85th St, Milwaukee, WI 53209","43.179310","-88.016199","Milwaukee","WI","53209","RESIDENTIAL","VACANT","","422400","https://www.google.com/maps/@?api=1&map_action=pano&viewpoint=43.17930988717007,-88.01619894150734","https://milwaukeemaps.milwaukee.gov/arcgis/rest/services/StrongNeighborhood/StrongNeighborhood/MapServer/0","Parcel 0330181000; opened 2024-09-12; Tracked by Milwaukee DNS as vacant building with Inspection Due status.",""
"8101 W Brown Deer Rd, Milwaukee, WI 53209","43.177354","-88.010480","Milwaukee","WI","53209","COMMERCIAL","VACANT","","1329400","https://www.google.com/maps/@?api=1&map_action=pano&viewpoint=43.17735419381468,-88.01047976404664","https://milwaukeemaps.milwaukee.gov/arcgis/rest/services/StrongNeighborhood/StrongNeighborhood/MapServer/0","Parcel 0430852000; opened 2021-02-09; Tracked by Milwaukee DNS as vacant building with Inspection Due status.",""
"8460/8470 N 76th St, Milwaukee, WI 53209","43.171936","-88.003165","Milwaukee","WI","53209","COMMERCIAL","VACANT","","675900","https://www.google.com/maps/@?api=1&map_action=pano&viewpoint=43.17193566555133,-88.00316489541565","https://milwaukeemaps.milwaukee.gov/arcgis/rest/services/StrongNeighborhood/StrongNeighborhood/MapServer/0","Parcel 0449952110; opened 2019-07-02; Tracked by Milwaukee DNS as vacant building with Inspection Due status.",""
"9617 W Goodrich Ave, Milwaukee, WI 53209","43.168470","-88.031529","Milwaukee","WI","53209","RESIDENTIAL","VACANT","","278800","https://www.google.com/maps/@?api=1&map_action=pano&viewpoint=43.168469774192424,-88.03152908928031","https://milwaukeemaps.milwaukee.gov/arcgis/rest/services/StrongNeighborhood/StrongNeighborhood/MapServer/0","Parcel 0720510000; opened 2024-08-02; Tracked by Milwaukee DNS as vacant building with Inspection Due status.",""
"10452 W Tower Ave, Milwaukee, WI 53209","43.165412","-88.042066","Milwaukee","WI","53209","RESIDENTIAL","VACANT","","302400","https://www.google.com/maps/@?api=1&map_action=pano&viewpoint=43.16541174412392,-88.04206618951089","https://milwaukeemaps.milwaukee.gov/arcgis/rest/services/StrongNeighborhood/StrongNeighborhood/MapServer/0","Parcel 0730018000; opened 2025-04-04; Tracked by Milwaukee DNS as vacant building with Inspection Due status.",""
"10119 W Tower Ave, Milwaukee, WI 53209","43.164929","-88.036393","Milwaukee","WI","53209","RESIDENTIAL","VACANT","","252700","https://www.google.com/maps/@?api=1&map_action=pano&viewpoint=43.164928907078554,-88.03639280000209","https://milwaukeemaps.milwaukee.gov/arcgis/rest/services/StrongNeighborhood/StrongNeighborhood/MapServer/0","Parcel 0730103000; opened 2024-07-17; Tracked by Milwaukee DNS as vacant building with Inspection Due status.",""
"12100 W Park Pl, Milwaukee, WI 53209","43.159308","-88.060771","Milwaukee","WI","53209","COMMERCIAL","VACANT","","1831700","https://www.google.com/maps/@?api=1&map_action=pano&viewpoint=43.15930835504223,-88.06077090050874","https://milwaukeemaps.milwaukee.gov/arcgis/rest/services/StrongNeighborhood/StrongNeighborhood/MapServer/0","Parcel 0760001000; opened 2018-10-31; Tracked by Milwaukee DNS as vacant building with Inspection Due status.",""
"11900 W Lake Park Dr, Milwaukee, WI 53209","43.159597","-88.056968","Milwaukee","WI","53209","COMMERCIAL","VACANT","","1286100","https://www.google.com/maps/@?api=1&map_action=pano&viewpoint=43.15959657613001,-88.05696783057834","https://milwaukeemaps.milwaukee.gov/arcgis/rest/services/StrongNeighborhood/StrongNeighborhood/MapServer/0","Parcel 0760031000; opened 2019-03-07; Tracked by Milwaukee DNS as vacant building with Inspection Due status.",""
"11925 W Lake Park Dr, Milwaukee, WI 53209","43.158342","-88.056545","Milwaukee","WI","53209","COMMERCIAL","VACANT","","5007627","https://www.google.com/maps/@?api=1&map_action=pano&viewpoint=43.15834180888002,-88.0565454714728","https://milwaukeemaps.milwaukee.gov/arcgis/rest/services/StrongNeighborhood/StrongNeighborhood/MapServer/0","Parcel 0760052000; opened 2018-09-30; Tracked by Milwaukee DNS as vacant building with Inspection Due status.",""
"10535 W Bradley Rd, Milwaukee, WI 53209","43.162508","-88.043018","Milwaukee","WI","53209","RESIDENTIAL","VACANT","","200200","https://www.google.com/maps/@?api=1&map_action=pano&viewpoint=43.162508298899816,-88.04301764775599","https://milwaukeemaps.milwaukee.gov/arcgis/rest/services/StrongNeighborhood/StrongNeighborhood/MapServer/0","Parcel 0789990100; opened 2026-01-05; Tracked by Milwaukee DNS as vacant building with Inspection Due status.",""
"6118 W Port Ave, Milwaukee, WI 53209","43.159097","-87.986383","Milwaukee","WI","53209","RESIDENTIAL","VACANT","","69600","https://www.google.com/maps/@?api=1&map_action=pano&viewpoint=43.15909705895892,-87.98638256493298","https://milwaukeemaps.milwaukee.gov/arcgis/rest/services/StrongNeighborhood/StrongNeighborhood/MapServer/0","Parcel 0830227000; opened 2025-04-29; Tracked by Milwaukee DNS as vacant building with Inspection Due status.",""
"6129 W Calumet Rd, Milwaukee, WI 53209","43.157671","-87.988228","Milwaukee","WI","53209","RESIDENTIAL","VACANT","","84800","https://www.google.com/maps/@?api=1&map_action=pano&viewpoint=43.15767130632895,-87.98822837547432","https://milwaukeemaps.milwaukee.gov/arcgis/rest/services/StrongNeighborhood/StrongNeighborhood/MapServer/0","Parcel 0830388000; opened 2023-09-14; Tracked by Milwaukee DNS as vacant building with Inspection Due status.",""
"6619 W Calumet Rd, Milwaukee, WI 53209","43.156557","-87.992296","Milwaukee","WI","53209","RESIDENTIAL","VACANT","","","https://www.google.com/maps/@?api=1&map_action=pano&viewpoint=43.15655669480315,-87.99229602219945","https://milwaukeemaps.milwaukee.gov/arcgis/rest/services/StrongNeighborhood/StrongNeighborhood/MapServer/0","Parcel 0830742000; opened 2025-07-29; Tracked by Milwaukee DNS as vacant building with Inspection Due status.",""
"7902 N Edgeworth Dr, Milwaukee, WI 53209","43.161387","-87.982291","Milwaukee","WI","53209","RESIDENTIAL","VACANT","","240200","https://www.google.com/maps/@?api=1&map_action=pano&viewpoint=43.161387216495505,-87.98229066718149","https://milwaukeemaps.milwaukee.gov/arcgis/rest/services/StrongNeighborhood/StrongNeighborhood/MapServer/0","Parcel 0840031000; opened 2025-10-31; Tracked by Milwaukee DNS as vacant building with Inspection Due status.",""
"7867 N 55th St, Milwaukee, WI 53209","43.161162","-87.979511","Milwaukee","WI","53209","RESIDENTIAL","VACANT","","239000","https://www.google.com/maps/@?api=1&map_action=pano&viewpoint=43.1611622804939,-87.9795111395662","https://milwaukeemaps.milwaukee.gov/arcgis/rest/services/StrongNeighborhood/StrongNeighborhood/MapServer/0","Parcel 0840072000; opened 2025-05-19; Tracked by Milwaukee DNS as vacant building with Inspection Due status.",""
"7746 N Delta Pl, Milwaukee, WI 53209","43.158745","-87.980107","Milwaukee","WI","53209","RESIDENTIAL","VACANT","","283200","https://www.google.com/maps/@?api=1&map_action=pano&viewpoint=43.158744730375396,-87.98010684329584","https://milwaukeemaps.milwaukee.gov/arcgis/rest/services/StrongNeighborhood/StrongNeighborhood/MapServer/0","Parcel 0840359000; opened 2021-05-17; Tracked by Milwaukee DNS as vacant building with Inspection Due status.",""
"7464 N 39th St, Milwaukee, WI 53209","43.153546","-87.960674","Milwaukee","WI","53209","RESIDENTIAL","VACANT","","196800","https://www.google.com/maps/@?api=1&map_action=pano&viewpoint=43.15354559815025,-87.96067414396552","https://milwaukeemaps.milwaukee.gov/arcgis/rest/services/StrongNeighborhood/StrongNeighborhood/MapServer/0","Parcel 1020133000; opened 2025-05-29; Tracked by Milwaukee DNS as vacant building with Inspection Due status.",""
"7552 N Teutonia Ave, Milwaukee, WI 53209","43.155145","-87.958309","Milwaukee","WI","53209","RESIDENTIAL","VACANT","","355000","https://www.google.com/maps/@?api=1&map_action=pano&viewpoint=43.155145379012176,-87.95830947081768","https://milwaukeemaps.milwaukee.gov/arcgis/rest/services/StrongNeighborhood/StrongNeighborhood/MapServer/0","Parcel 1020621000; opened 2025-05-30; Tracked by Milwaukee DNS as vacant building with Inspection Due status.",""
"7289 N Teutonia Ave, Milwaukee, WI 53209","43.150203","-87.957671","Milwaukee","WI","53209","RESIDENTIAL","VACANT","","363500","https://www.google.com/maps/@?api=1&map_action=pano&viewpoint=43.15020338435003,-87.95767072513786","https://milwaukeemaps.milwaukee.gov/arcgis/rest/services/StrongNeighborhood/StrongNeighborhood/MapServer/0","Parcel 1029942111; opened 2025-05-30; Tracked by Milwaukee DNS as vacant building with Inspection Due status.",""
"4037 W Calumet Rd, Milwaukee, WI 53209","43.155493","-87.962743","Milwaukee","WI","53209","RESIDENTIAL","VACANT","","227700","https://www.google.com/maps/@?api=1&map_action=pano&viewpoint=43.155492644210604,-87.96274261439113","https://milwaukeemaps.milwaukee.gov/arcgis/rest/services/StrongNeighborhood/StrongNeighborhood/MapServer/0","Parcel 1029959100; opened 2022-01-17; Tracked by Milwaukee DNS as vacant building with Inspection Due status.",""
"7410 N Teutonia Ave, Milwaukee, WI 53209","43.152432","-87.957356","Milwaukee","WI","53209","RESIDENTIAL","VACANT","","267800","https://www.google.com/maps/@?api=1&map_action=pano&viewpoint=43.152431562284654,-87.9573560779991","https://milwaukeemaps.milwaukee.gov/arcgis/rest/services/StrongNeighborhood/StrongNeighborhood/MapServer/0","Parcel 1029968100; opened 2025-10-27; Tracked by Milwaukee DNS as vacant building with Inspection Due status.",""
"7424 N 60th St, Milwaukee, WI 53209","43.152546","-87.984793","Milwaukee","WI","53209","RESIDENTIAL","VACANT","","166900","https://www.google.com/maps/@?api=1&map_action=pano&viewpoint=43.15254571712895,-87.98479276763982","https://milwaukeemaps.milwaukee.gov/arcgis/rest/services/StrongNeighborhood/StrongNeighborhood/MapServer/0","Parcel 1049984110; opened 2023-03-29; Tracked by Milwaukee DNS as vacant building with Inspection Due status.",""
"7550 N 76th St, Milwaukee, WI 53209","43.155247","-88.003875","Milwaukee","WI","53209","COMMERCIAL","VACANT","","1046800","https://www.google.com/maps/@?api=1&map_action=pano&viewpoint=43.155247475850906,-88.00387493801529","https://milwaukeemaps.milwaukee.gov/arcgis/rest/services/StrongNeighborhood/StrongNeighborhood/MapServer/0","Parcel 1060042000; opened 2018-11-05; Tracked by Milwaukee DNS as vacant building with Inspection Due status.",""
"7320 W Good Hope Rd, Milwaukee, WI 53209","43.149216","-88.001909","Milwaukee","WI","53209","COMMERCIAL","VACANT","","766700","https://www.google.com/maps/@?api=1&map_action=pano&viewpoint=43.14921615627585,-88.00190902401759","https://milwaukeemaps.milwaukee.gov/arcgis/rest/services/StrongNeighborhood/StrongNeighborhood/MapServer/0","Parcel 1069991116; opened 2025-01-31; Tracked by Milwaukee DNS as vacant building with Inspection Due status.",""
"61 Rogers Ave, Buffalo, NY 14211","42.918281","-78.803701","Buffalo","NY","14211","RESIDENTIAL","VACANT","","","https://www.google.com/maps/@?api=1&map_action=pano&viewpoint=42.918281151404045,-78.80370096247509","https://data.buffalony.gov/resource/ivrf-k9vm","Case GEN25-9570534; SBL 1012700008036000; Schiller Park; Lovejoy District; violation issued 2025-12-31; Active Protective Treatment violation — building boarded/secured per Buffalo Code Enforcement.",""
"82 Sycamore St, Buffalo, NY 14203","42.889093","-78.866987","Buffalo","NY","14203","COMMERCIAL","VACANT","","","https://www.google.com/maps/@?api=1&map_action=pano&viewpoint=42.88909293379579,-78.86698734893473","https://data.buffalony.gov/resource/ivrf-k9vm","Case GEN25-9570535; SBL 1114700002008100; Central; Ellicott District; violation issued 2025-12-31; Active Protective Treatment violation — building boarded/secured per Buffalo Code Enforcement.",""
"595 Linden Ave, Buffalo, NY 14216","42.944915","-78.865071","Buffalo","NY","14216","RESIDENTIAL","VACANT","","","https://www.google.com/maps/@?api=1&map_action=pano&viewpoint=42.944915277386876,-78.86507116204989","https://data.buffalony.gov/resource/ivrf-k9vm","Case RRG25-9569030; SBL 0787100003033000; North Park; Delaware District; violation issued 2025-12-31; Active Protective Treatment violation — building boarded/secured per Buffalo Code Enforcement.",""
"191 Auburn Ave, Buffalo, NY 14213","42.918196","-78.893614","Buffalo","NY","14213","RESIDENTIAL","VACANT","","","https://www.google.com/maps/@?api=1&map_action=pano&viewpoint=42.918196200815736,-78.8936141407517","https://data.buffalony.gov/resource/ivrf-k9vm","Case GEN25-9570538; SBL 0992600006004000; Upper West Side; Niagara District; violation issued 2025-12-31; Active Protective Treatment violation — building boarded/secured per Buffalo Code Enforcement.",""
"38 Riverside Ave, Buffalo, NY 14207","42.952179","-78.907772","Buffalo","NY","14207","RESIDENTIAL","VACANT","","","https://www.google.com/maps/@?api=1&map_action=pano&viewpoint=42.952179453773745,-78.90777184576773","https://data.buffalony.gov/resource/ivrf-k9vm","Case GEN25-9570518; SBL 0775600001018000; Riverside; North District; violation issued 2025-12-30; Active Protective Treatment violation — building boarded/secured per Buffalo Code Enforcement.",""
"460 Koons Ave, Buffalo, NY 14211","42.908666","-78.821595","Buffalo","NY","14211","RESIDENTIAL","VACANT","","","https://www.google.com/maps/@?api=1&map_action=pano&viewpoint=42.90866555780997,-78.82159498464999","https://data.buffalony.gov/resource/ivrf-k9vm","Case GEN25-9570501; SBL 1015500004011000; Genesee-Moselle; Fillmore District; violation issued 2025-12-29; Active Protective Treatment violation — building boarded/secured per Buffalo Code Enforcement.",""
"183 Virgil Ave, Buffalo, NY 14216","42.952875","-78.864090","Buffalo","NY","14216","RESIDENTIAL","VACANT","","","https://www.google.com/maps/@?api=1&map_action=pano&viewpoint=42.952874816461886,-78.86409031173993","https://data.buffalony.gov/resource/ivrf-k9vm","Case RRG25-9569115; SBL 0784800004027000; North Park; Delaware District; violation issued 2025-12-29; Active Protective Treatment violation — building boarded/secured per Buffalo Code Enforcement.",""
"154 Philadelphia St, Buffalo, NY 14207","42.956865","-78.895226","Buffalo","NY","14207","RESIDENTIAL","VACANT","","","https://www.google.com/maps/@?api=1&map_action=pano&viewpoint=42.956865314834786,-78.89522564545679","https://data.buffalony.gov/resource/ivrf-k9vm","Case GEN25-9570485; SBL 0774200004005000; Riverside; North District; violation issued 2025-12-24; Active Protective Treatment violation — building boarded/secured per Buffalo Code Enforcement.",""
"86 Grove St, Buffalo, NY 14207","42.950151","-78.883655","Buffalo","NY","14207","RESIDENTIAL","VACANT","","","https://www.google.com/maps/@?api=1&map_action=pano&viewpoint=42.95015057220082,-78.88365526631283","https://data.buffalony.gov/resource/ivrf-k9vm","Case GEN25-9570491; SBL 3199; West Hertel; North District; violation issued 2025-12-24; Active Protective Treatment violation — building boarded/secured per Buffalo Code Enforcement.",""
"276 Hazelwood Ave, Buffalo, NY 14215","42.926644","-78.806073","Buffalo","NY","14215","RESIDENTIAL","VACANT","","","https://www.google.com/maps/@?api=1&map_action=pano&viewpoint=42.92664415338805,-78.8060733763501","https://data.buffalony.gov/resource/ivrf-k9vm","Case RRG25-9570461; SBL 0906600007013000; Kenfield; University District; violation issued 2025-12-23; Active Protective Treatment violation — building boarded/secured per Buffalo Code Enforcement.",""
"77 Melrose St, Buffalo, NY 14220","42.854724","-78.816884","Buffalo","NY","14220","RESIDENTIAL","VACANT","","","https://www.google.com/maps/@?api=1&map_action=pano&viewpoint=42.854723987562906,-78.81688393596984","https://data.buffalony.gov/resource/ivrf-k9vm","Case GEN25-9566740; SBL 1238000005001000; South Park; South District; violation issued 2025-12-23; Active Protective Treatment violation — building boarded/secured per Buffalo Code Enforcement.",""
"272 Commonwealth Ave, Buffalo, NY 14216","42.952565","-78.862166","Buffalo","NY","14216","RESIDENTIAL","VACANT","","","https://www.google.com/maps/@?api=1&map_action=pano&viewpoint=42.95256468604391,-78.86216632968491","https://data.buffalony.gov/resource/ivrf-k9vm","Case RRG25-9568935; SBL 0785600002001000; North Park; Delaware District; violation issued 2025-12-22; Active Protective Treatment violation — building boarded/secured per Buffalo Code Enforcement.",""
"32 Lovering Ave, Buffalo, NY 14216","42.948735","-78.863580","Buffalo","NY","14216","RESIDENTIAL","VACANT","","","https://www.google.com/maps/@?api=1&map_action=pano&viewpoint=42.94873516212088,-78.86357951856088","https://data.buffalony.gov/resource/ivrf-k9vm","Case RRG25-9568915; SBL 0786400001014000; North Park; Delaware District; violation issued 2025-12-22; Active Protective Treatment violation — building boarded/secured per Buffalo Code Enforcement.",""
"99 Tyler St, Buffalo, NY 14214","42.953295","-78.829922","Buffalo","NY","14214","RESIDENTIAL","VACANT","","","https://www.google.com/maps/@?api=1&map_action=pano&viewpoint=42.95329458217301,-78.82992215399807","https://data.buffalony.gov/resource/ivrf-k9vm","Case RRG25-9564669; SBL 12859; University Heights; University District; violation issued 2025-12-22; Active Protective Treatment violation — building boarded/secured per Buffalo Code Enforcement.",""
"8 Phyllis Ave, Buffalo, NY 14215","42.936010","-78.813178","Buffalo","NY","14215","RESIDENTIAL","VACANT","","","https://www.google.com/maps/@?api=1&map_action=pano&viewpoint=42.936009505263044,-78.81317770984312","https://data.buffalony.gov/resource/ivrf-k9vm","Case GEN25-9570400; SBL 0904100002045000; Kensington-Bailey; University District; violation issued 2025-12-20; Active Protective Treatment violation — building boarded/secured per Buffalo Code Enforcement.",""
"425 Cumberland Ave, Buffalo, NY 14220","42.849847","-78.811700","Buffalo","NY","14220","RESIDENTIAL","VACANT","","","https://www.google.com/maps/@?api=1&map_action=pano&viewpoint=42.84984676765191,-78.81170031558986","https://data.buffalony.gov/resource/ivrf-k9vm","Case GEN25-9570387; SBL 1333300006012000; South Park; South District; violation issued 2025-12-19; Active Protective Treatment violation — building boarded/secured per Buffalo Code Enforcement.",""
"218 Commonwealth Ave, Buffalo, NY 14216","42.951078","-78.862186","Buffalo","NY","14216","RESIDENTIAL","VACANT","","","https://www.google.com/maps/@?api=1&map_action=pano&viewpoint=42.951077694510886,-78.86218585951991","https://data.buffalony.gov/resource/ivrf-k9vm","Case RRG25-9568930; SBL 0785600005009000; North Park; Delaware District; violation issued 2025-12-19; Active Protective Treatment violation — building boarded/secured per Buffalo Code Enforcement.",""
"58 Norway Park, Buffalo, NY 14208","42.905440","-78.847378","Buffalo","NY","14208","RESIDENTIAL","VACANT","","","https://www.google.com/maps/@?api=1&map_action=pano&viewpoint=42.90543957282489,-78.84737830555085","https://data.buffalony.gov/resource/ivrf-k9vm","Case GEN25-9570355; SBL 1006700002004000; Masten Park; Ellicott District; violation issued 2025-12-18; Active Protective Treatment violation — building boarded/secured per Buffalo Code Enforcement.",""
"31 Rawlins Ave, Buffalo, NY 14211","42.910652","-78.815470","Buffalo","NY","14211","RESIDENTIAL","VACANT","","","https://www.google.com/maps/@?api=1&map_action=pano&viewpoint=42.910651733586995,-78.81546974126701","https://data.buffalony.gov/resource/ivrf-k9vm","Case GEN25-9570367; SBL 1014800005036000; Genesee-Moselle; Ellicott District; violation issued 2025-12-18; Active Protective Treatment violation — building boarded/secured per Buffalo Code Enforcement.",""
"126 Chadduck Ave, Buffalo, NY 14207","42.956560","-78.902741","Buffalo","NY","14207","RESIDENTIAL","VACANT","","","https://www.google.com/maps/@?api=1&map_action=pano&viewpoint=42.95656000401177,-78.90274136275777","https://data.buffalony.gov/resource/ivrf-k9vm","Case GEN21-9496891; SBL 1501; Riverside; North District; violation issued 2025-12-18; Active Protective Treatment violation — building boarded/secured per Buffalo Code Enforcement.",""
"125 Westminster Ave, Buffalo, NY 14215","42.940457","-78.809213","Buffalo","NY","14215","RESIDENTIAL","VACANT","","","https://www.google.com/maps/@?api=1&map_action=pano&viewpoint=42.940457320274064,-78.80921273436513","https://data.buffalony.gov/resource/ivrf-k9vm","Case GEN25-9570368; SBL 0902500003014000; Kensington-Bailey; University District; violation issued 2025-12-18; Active Protective Treatment violation — building boarded/secured per Buffalo Code Enforcement.",""
"173 Grote St, Buffalo, NY 14207","42.942123","-78.885177","Buffalo","NY","14207","RESIDENTIAL","VACANT","","","https://www.google.com/maps/@?api=1&map_action=pano&viewpoint=42.9421226367968,-78.88517700083479","https://data.buffalony.gov/resource/ivrf-k9vm","Case RRG24-9546854; SBL 0778400003007000; Grant-Amherst; North District; violation issued 2025-12-18; Active Protective Treatment violation — building boarded/secured per Buffalo Code Enforcement.",""
"236 Bissell Ave, Buffalo, NY 14211","42.910155","-78.823543","Buffalo","NY","14211","RESIDENTIAL","VACANT","","","https://www.google.com/maps/@?api=1&map_action=pano&viewpoint=42.91015539918997,-78.82354260367197","https://data.buffalony.gov/resource/ivrf-k9vm","Case GEN25-9570354; SBL 1014700001055100; Genesee-Moselle; Ellicott District; violation issued 2025-12-18; Active Protective Treatment violation — building boarded/secured per Buffalo Code Enforcement.",""
"242 Starin Ave, Buffalo, NY 14214","42.947014","-78.844509","Buffalo","NY","14214","RESIDENTIAL","VACANT","","","https://www.google.com/maps/@?api=1&map_action=pano&viewpoint=42.947014231670956,-78.84450892863697","https://data.buffalony.gov/resource/ivrf-k9vm","Case RRG25-9568949; SBL 10974; North Park; Delaware District; violation issued 2025-12-17; Active Protective Treatment violation — building boarded/secured per Buffalo Code Enforcement.",""
"233 North Park Ave, Buffalo, NY 14216","42.951060","-78.855446","Buffalo","NY","14216","RESIDENTIAL","VACANT","","","https://www.google.com/maps/@?api=1&map_action=pano&viewpoint=42.951060134423905,-78.85544622263396","https://data.buffalony.gov/resource/ivrf-k9vm","Case RRG25-9569003; SBL 0785700005024000; North Park; Delaware District; violation issued 2025-12-17; Active Protective Treatment violation — building boarded/secured per Buffalo Code Enforcement.",""
"2809 Saint Anthony St, New Orleans, LA 70119","29.985635","-90.062846","New Orleans","LA","70119","RESIDENTIAL","CONDEMNED","","","https://www.google.com/maps/@?api=1&map_action=pano&viewpoint=29.985635383143,-90.062845592134","https://data.nola.gov/resource/d4d6-yab5","NOLA Code Enforcement 24-05652-MPM; 1 - Inspection; Open demolition case in New Orleans Code Enforcement Active Pipeline.",""
"5700 Vicksburg St, New Orleans, LA 70124","29.994094","-90.108088","New Orleans","LA","70124","RESIDENTIAL","CONDEMNED","","","https://www.google.com/maps/@?api=1&map_action=pano&viewpoint=29.994094489228,-90.108087575371","https://data.nola.gov/resource/d4d6-yab5","NOLA Code Enforcement 18-05746-MPM; 4 - Judgment; Violation: No WIP; inspected 2018-08-02; Open demolition case in New Orleans Code Enforcement Active Pipeline.",""
"6830 W Coronet Ct, New Orleans, LA 70126","30.025899","-90.001247","New Orleans","LA","70126","RESIDENTIAL","CONDEMNED","","","https://www.google.com/maps/@?api=1&map_action=pano&viewpoint=30.025898568294,-90.001246862642","https://data.nola.gov/resource/d4d6-yab5","NOLA Code Enforcement 22-06347-MPM; 4 - Judgment; Violation: No WIP; inspected 2022-10-26; Open demolition case in New Orleans Code Enforcement Active Pipeline.",""
"1229 Gordon St, New Orleans, LA 70117","29.961422","-90.011610","New Orleans","LA","70117","RESIDENTIAL","CONDEMNED","","","https://www.google.com/maps/@?api=1&map_action=pano&viewpoint=29.961422447862,-90.011610247429","https://data.nola.gov/resource/d4d6-yab5","NOLA Code Enforcement 17-11970-MPM; 4 - Judgment; Violation: No WIP; inspected 2017-11-09; Open demolition case in New Orleans Code Enforcement Active Pipeline.",""
"1400 Gordon St, New Orleans, LA 70117","29.963185","-90.010919","New Orleans","LA","70117","RESIDENTIAL","VACANT","","","https://www.google.com/maps/@?api=1&map_action=pano&viewpoint=29.963184831852,-90.010919090572","https://data.nola.gov/resource/d4d6-yab5","NOLA Code Enforcement CEHB-11-5475; 4 - Judgment; Violation Unoccupied; inspected 2011-07-20; Open demolition case in New Orleans Code Enforcement Active Pipeline.",""
"2300 Gallier St, New Orleans, LA 70117","29.979019","-90.035966","New Orleans","LA","70117","RESIDENTIAL","CONDEMNED","","","https://www.google.com/maps/@?api=1&map_action=pano&viewpoint=29.979019164075,-90.035965824245","https://data.nola.gov/resource/d4d6-yab5","NOLA Code Enforcement 15-00516-MPM; 4 - Judgment; Violation: No WIP; inspected 2015-01-28; Open demolition case in New Orleans Code Enforcement Active Pipeline.",""
"1318 France St, New Orleans, LA 70117","29.967419","-90.032954","New Orleans","LA","70117","RESIDENTIAL","CONDEMNED","","","https://www.google.com/maps/@?api=1&map_action=pano&viewpoint=29.96741857126,-90.032954498882","https://data.nola.gov/resource/d4d6-yab5","NOLA Code Enforcement 24-06273-MPM; 2 - Title Research; Violation: No WIP; inspected 2024-07-03; Open demolition case in New Orleans Code Enforcement Active Pipeline.",""
"10139 Dreux Ave, New Orleans, LA 70127","30.021616","-89.967811","New Orleans","LA","70127","RESIDENTIAL","CONDEMNED","","","https://www.google.com/maps/@?api=1&map_action=pano&viewpoint=30.021616070916,-89.967811042825","https://data.nola.gov/resource/d4d6-yab5","NOLA Code Enforcement 14-03558-MPM; 4 - Judgment; Violation: No WIP; inspected 2014-05-13; Open demolition case in New Orleans Code Enforcement Active Pipeline.",""
"4919 Lurline St, New Orleans, LA 70127","30.024780","-89.971115","New Orleans","LA","70127","RESIDENTIAL","CONDEMNED","","","https://www.google.com/maps/@?api=1&map_action=pano&viewpoint=30.024780194313,-89.971115480236","https://data.nola.gov/resource/d4d6-yab5","NOLA Code Enforcement 13-00199-PNBL; 4 - Judgment; Violation: No WIP; inspected 2012-05-09; Open demolition case in New Orleans Code Enforcement Active Pipeline.",""
"2011 Delery St, New Orleans, LA 70117","29.967787","-90.003854","New Orleans","LA","70117","RESIDENTIAL","CONDEMNED","","","https://www.google.com/maps/@?api=1&map_action=pano&viewpoint=29.967787273215,-90.003853745397","https://data.nola.gov/resource/d4d6-yab5","NOLA Code Enforcement 14-05700-MPM; 4 - Judgment; Violation: No WIP; inspected 2014-07-25; Open demolition case in New Orleans Code Enforcement Active Pipeline.",""
"1512 Feliciana St, New Orleans, LA 70117","29.971989","-90.043878","New Orleans","LA","70117","RESIDENTIAL","CONDEMNED","","","https://www.google.com/maps/@?api=1&map_action=pano&viewpoint=29.971988741465,-90.043877777397","https://data.nola.gov/resource/d4d6-yab5","NOLA Code Enforcement 22-03053-MPM; 2 - Title Research; Violation: No WIP; inspected 2022-06-22; Open demolition case in New Orleans Code Enforcement Active Pipeline.",""
"6892 Parc Brittany Blvd, New Orleans, LA 70126","30.026943","-90.000032","New Orleans","LA","70126","RESIDENTIAL","VACANT","","","https://www.google.com/maps/@?api=1&map_action=pano&viewpoint=30.026943162089,-90.000032011984","https://data.nola.gov/resource/d4d6-yab5","NOLA Code Enforcement CEHB-12-0193; 4 - Judgment; Violation Unoccupied; inspected 2012-01-24; Open demolition case in New Orleans Code Enforcement Active Pipeline.",""
"4009 Mithra St, New Orleans, LA 70126","30.014504","-90.044510","New Orleans","LA","70126","RESIDENTIAL","CONDEMNED","","","https://www.google.com/maps/@?api=1&map_action=pano&viewpoint=30.014504005216,-90.044510137499","https://data.nola.gov/resource/d4d6-yab5","NOLA Code Enforcement 16-05606-MPM; 4 - Judgment; Violation: No WIP; inspected 2016-07-20; Open demolition case in New Orleans Code Enforcement Active Pipeline.",""
"7340 Weaver Ave, New Orleans, LA 70127","30.042371","-89.983481","New Orleans","LA","70127","RESIDENTIAL","CONDEMNED","","","https://www.google.com/maps/@?api=1&map_action=pano&viewpoint=30.042370614019,-89.983480777239","https://data.nola.gov/resource/d4d6-yab5","NOLA Code Enforcement 14-07373-MPM; 4 - Judgment; Violation: No WIP; inspected 2014-08-19; Open demolition case in New Orleans Code Enforcement Active Pipeline.",""
"1528-1530 N Derbigny St, New Orleans, LA 70116","29.972225","-90.067505","New Orleans","LA","70116","RESIDENTIAL","CONDEMNED","","","https://www.google.com/maps/@?api=1&map_action=pano&viewpoint=29.972224739032,-90.067505221163","https://data.nola.gov/resource/d4d6-yab5","NOLA Code Enforcement 24-01798-MPM; 1 - Inspection; Open demolition case in New Orleans Code Enforcement Active Pipeline.",""
"6014 N Dorgenois St, New Orleans, LA 70117","29.973813","-90.005549","New Orleans","LA","70117","RESIDENTIAL","CONDEMNED","","","https://www.google.com/maps/@?api=1&map_action=pano&viewpoint=29.973812679532,-90.005549089116","https://data.nola.gov/resource/d4d6-yab5","NOLA Code Enforcement 14-11630-MPM; 4 - Judgment; Violation: No WIP; inspected 2015-05-29; Open demolition case in New Orleans Code Enforcement Active Pipeline.",""
"5169 Western St, New Orleans, LA 70122","30.011199","-90.059363","New Orleans","LA","70122","RESIDENTIAL","CONDEMNED","","","https://www.google.com/maps/@?api=1&map_action=pano&viewpoint=30.011199228076,-90.059363488716","https://data.nola.gov/resource/d4d6-yab5","NOLA Code Enforcement 16-01356-MPM; 4 - Judgment; Violation: No WIP; inspected 2016-03-10; Open demolition case in New Orleans Code Enforcement Active Pipeline.",""
"1229-1231 S Genois St, New Orleans, LA 70125","29.959158","-90.106265","New Orleans","LA","70125","RESIDENTIAL","CONDEMNED","","","https://www.google.com/maps/@?api=1&map_action=pano&viewpoint=29.959157688426,-90.10626528992","https://data.nola.gov/resource/d4d6-yab5","NOLA Code Enforcement 13-01223-PNBL; 4 - Judgment; Violation: No WIP; inspected 2013-06-28; Open demolition case in New Orleans Code Enforcement Active Pipeline.",""
"3168 Laussat Pl, New Orleans, LA 70117","29.983456","-90.038165","New Orleans","LA","70117","RESIDENTIAL","CONDEMNED","","","https://www.google.com/maps/@?api=1&map_action=pano&viewpoint=29.983455865403,-90.038165367282","https://data.nola.gov/resource/d4d6-yab5","NOLA Code Enforcement 17-01708-MPM; 4 - Judgment; Violation: No WIP; inspected 2017-03-02; Open demolition case in New Orleans Code Enforcement Active Pipeline.",""
"7803 S Coronet Ct, New Orleans, LA 70126","30.025733","-89.999451","New Orleans","LA","70126","RESIDENTIAL","CONDEMNED","","","https://www.google.com/maps/@?api=1&map_action=pano&viewpoint=30.025732628887,-89.999451384976","https://data.nola.gov/resource/d4d6-yab5","NOLA Code Enforcement 23-03257-MPM; 2 - Title Research; Violation: No WIP; inspected 2023-06-20; Open demolition case in New Orleans Code Enforcement Active Pipeline.",""
"2332 Frenchmen St, New Orleans, LA 70119","29.980987","-90.059202","New Orleans","LA","70119","RESIDENTIAL","CONDEMNED","","","https://www.google.com/maps/@?api=1&map_action=pano&viewpoint=29.980987024519,-90.059201837275","https://data.nola.gov/resource/d4d6-yab5","NOLA Code Enforcement 17-10307-MPM; 4 - Judgment; Violation: No WIP; inspected 2017-11-16; Open demolition case in New Orleans Code Enforcement Active Pipeline.",""
"5418 Pauline Dr, New Orleans, LA 70126","30.016738","-90.033546","New Orleans","LA","70126","RESIDENTIAL","CONDEMNED","","","https://www.google.com/maps/@?api=1&map_action=pano&viewpoint=30.016737716389,-90.03354603604","https://data.nola.gov/resource/d4d6-yab5","NOLA Code Enforcement 12-07612-PNBL; 4 - Judgment; Violation: No WIP; inspected 2012-10-26; Open demolition case in New Orleans Code Enforcement Active Pipeline.",""
"5101 Kendall Dr, New Orleans, LA 70126","30.011803","-90.039819","New Orleans","LA","70126","RESIDENTIAL","CONDEMNED","","","https://www.google.com/maps/@?api=1&map_action=pano&viewpoint=30.01180278973,-90.039818759304","https://data.nola.gov/resource/d4d6-yab5","NOLA Code Enforcement 14-12325-MPM; 4 - Judgment; Violation: No WIP; inspected 2014-12-16; Open demolition case in New Orleans Code Enforcement Active Pipeline.",""
"7936 Redfish St, New Orleans, LA 70126","30.035650","-90.013071","New Orleans","LA","70126","RESIDENTIAL","CONDEMNED","","","https://www.google.com/maps/@?api=1&map_action=pano&viewpoint=30.035649914809,-90.013070568584","https://data.nola.gov/resource/d4d6-yab5","NOLA Code Enforcement 14-02300-MPM; 4 - Judgment; Violation: No WIP; inspected 2014-04-08; Open demolition case in New Orleans Code Enforcement Active Pipeline.",""
"3420 Washington Ave, New Orleans, LA 70125","29.945856","-90.097123","New Orleans","LA","70125","RESIDENTIAL","CONDEMNED","","","https://www.google.com/maps/@?api=1&map_action=pano&viewpoint=29.945855546936,-90.097122867295","https://data.nola.gov/resource/d4d6-yab5","NOLA Code Enforcement 19-08041-MPM; 4 - Judgment; Violation: No WIP; inspected 2019-08-14; Open demolition case in New Orleans Code Enforcement Active Pipeline.",""
"4726 W Arthington St, Chicago, IL 60639","41.869672","-87.743541","Chicago","IL","60639","RESIDENTIAL","VACANT","BANK OF AMERICA","","https://www.google.com/maps/@?api=1&map_action=pano&viewpoint=41.869672057740026,-87.7435407674973","https://data.cityofchicago.org/resource/kc9i-wq85","Docket 22CP010825; violation issued 2022-08-02; 13-12-125 Duty to secure and maintain vacant building.; Open city violation against vacant/abandoned building under Chicago Municipal Code 13-12-125.",""
"4314 W Van Buren St, Chicago, IL 60639","41.875277","-87.733492","Chicago","IL","60639","RESIDENTIAL","VACANT","OCWEN LOAN SERVICING LLC","","https://www.google.com/maps/@?api=1&map_action=pano&viewpoint=41.875277088922125,-87.73349207882707","https://data.cityofchicago.org/resource/kc9i-wq85","Docket 22CP010821; violation issued 2022-08-02; 13-12-125 Duty to secure and maintain vacant building.; Open city violation against vacant/abandoned building under Chicago Municipal Code 13-12-125.",""
"4728 W Arthington St, Chicago, IL 60639","41.869671","-87.743616","Chicago","IL","60639","RESIDENTIAL","VACANT","BANK OF AMERICA","","https://www.google.com/maps/@?api=1&map_action=pano&viewpoint=41.869670868656115,-87.74361616424231","https://data.cityofchicago.org/resource/kc9i-wq85","Docket 22CP010825; violation issued 2022-08-02; 13-12-125 Duty to secure and maintain vacant building.; Open city violation against vacant/abandoned building under Chicago Municipal Code 13-12-125.",""
"232 W Marquette St, Chicago, IL 60609","41.772799","-87.631399","Chicago","IL","60609","RESIDENTIAL","VACANT","CITIBANK","","https://www.google.com/maps/@?api=1&map_action=pano&viewpoint=41.77279938907583,-87.63139915385585","https://data.cityofchicago.org/resource/kc9i-wq85","Docket 22CP009262; violation issued 2022-07-12; 13-12-125 Duty to secure and maintain vacant building.; Open city violation against vacant/abandoned building under Chicago Municipal Code 13-12-125.",""
"5111 S Union St, Chicago, IL 60612","41.801256","-87.642740","Chicago","IL","60612","RESIDENTIAL","VACANT","HOUSING URBAN DEVELOPMENT","","https://www.google.com/maps/@?api=1&map_action=pano&viewpoint=41.80125558654073,-87.64274049287219","https://data.cityofchicago.org/resource/kc9i-wq85","Docket 22CP008852; violation issued 2022-07-07; 13-12-125 Duty to secure and maintain vacant building.; Open city violation against vacant/abandoned building under Chicago Municipal Code 13-12-125.",""
"4926 W Hubbard St, Chicago, IL 60639","41.888767","-87.749141","Chicago","IL","60639","RESIDENTIAL","VACANT","DEUTSCHE BANK NATIONAL TRUST COMPANY","","https://www.google.com/maps/@?api=1&map_action=pano&viewpoint=41.88876733041007,-87.74914130473827","https://data.cityofchicago.org/resource/kc9i-wq85","Docket 22CP008218; violation issued 2022-06-14; 13-12-125 Duty to secure and maintain vacant building.; Open city violation against vacant/abandoned building under Chicago Municipal Code 13-12-125.",""
"7844 S Trumbull St, Chicago, IL 60638","41.750243","-87.708653","Chicago","IL","60638","RESIDENTIAL","VACANT","HSBC BANK","","https://www.google.com/maps/@?api=1&map_action=pano&viewpoint=41.75024287340102,-87.70865275272337","https://data.cityofchicago.org/resource/kc9i-wq85","Docket 22CP008601; violation issued 2022-06-13; 13-12-125 Duty to secure and maintain vacant building.; Open city violation against vacant/abandoned building under Chicago Municipal Code 13-12-125.",""
"3527 W 58th St, Chicago, IL 60638","41.787823","-87.711839","Chicago","IL","60638","RESIDENTIAL","VACANT","BANK OF AMERICA","","https://www.google.com/maps/@?api=1&map_action=pano&viewpoint=41.787823300913594,-87.71183855914205","https://data.cityofchicago.org/resource/kc9i-wq85","Docket 22CP008600; violation issued 2022-06-13; 13-12-125 Duty to secure and maintain vacant building.; Open city violation against vacant/abandoned building under Chicago Municipal Code 13-12-125.",""
"235 W 104th St, Chicago, IL 60621","41.705155","-87.629501","Chicago","IL","60621","RESIDENTIAL","VACANT","BANK OF AMERICA","","https://www.google.com/maps/@?api=1&map_action=pano&viewpoint=41.705154895878806,-87.62950106077976","https://data.cityofchicago.org/resource/kc9i-wq85","Docket 22CP008231; violation issued 2022-06-01; 13-12-125 Duty to secure and maintain vacant building.; Open city violation against vacant/abandoned building under Chicago Municipal Code 13-12-125.",""
"10625 S Perry St, Chicago, IL 60621","41.700797","-87.625578","Chicago","IL","60621","RESIDENTIAL","VACANT","FANNIE MAE","","https://www.google.com/maps/@?api=1&map_action=pano&viewpoint=41.7007970633651,-87.625578292702","https://data.cityofchicago.org/resource/kc9i-wq85","Docket 22CP008235; violation issued 2022-05-27; 13-12-125 Duty to secure and maintain vacant building.; Open city violation against vacant/abandoned building under Chicago Municipal Code 13-12-125.",""
"3703 W 63rd St, Chicago, IL 60638","41.778657","-87.715596","Chicago","IL","60638","RESIDENTIAL","VACANT","BANK OF NEW YORK MELLON","","https://www.google.com/maps/@?api=1&map_action=pano&viewpoint=41.778656541462105,-87.71559628053797","https://data.cityofchicago.org/resource/kc9i-wq85","Docket 22CP006993; violation issued 2022-05-03; 13-12-125 Duty to secure and maintain vacant building.; Open city violation against vacant/abandoned building under Chicago Municipal Code 13-12-125.",""
"5147 S Paulina St, Chicago, IL 60629","41.799906","-87.667028","Chicago","IL","60629","RESIDENTIAL","VACANT","DEUTSCHE BANK NATL TRUST CO","","https://www.google.com/maps/@?api=1&map_action=pano&viewpoint=41.79990636002708,-87.66702820989542","https://data.cityofchicago.org/resource/kc9i-wq85","Docket 22CP004028; violation issued 2022-03-17; 13-12-125 Duty to secure and maintain vacant building.; Open city violation against vacant/abandoned building under Chicago Municipal Code 13-12-125.",""
"6445 S Washtenaw St, Chicago, IL 60629","41.775900","-87.690726","Chicago","IL","60629","RESIDENTIAL","VACANT","MARQUETTE BANK","","https://www.google.com/maps/@?api=1&map_action=pano&viewpoint=41.7758996847545,-87.69072579922162","https://data.cityofchicago.org/resource/kc9i-wq85","Docket 22CP004888; violation issued 2022-03-09; 13-12-125 Duty to secure and maintain vacant building.; Open city violation against vacant/abandoned building under Chicago Municipal Code 13-12-125.",""
"4453 W Adams St, Chicago, IL 60639","41.877727","-87.737476","Chicago","IL","60639","RESIDENTIAL","VACANT","WELLS FARGO BANK NA","","https://www.google.com/maps/@?api=1&map_action=pano&viewpoint=41.87772665084378,-87.73747556154183","https://data.cityofchicago.org/resource/kc9i-wq85","Docket 22CP001672; violation issued 2021-12-27; 13-12-125 Duty to secure and maintain vacant building.; Open city violation against vacant/abandoned building under Chicago Municipal Code 13-12-125.",""
"7229 S Oakley St, Chicago, IL 60629","41.762028","-87.680472","Chicago","IL","60629","RESIDENTIAL","VACANT","BANK OF AMERICA","","https://www.google.com/maps/@?api=1&map_action=pano&viewpoint=41.76202758099606,-87.6804718070585","https://data.cityofchicago.org/resource/kc9i-wq85","Docket 21CP017058; violation issued 2021-11-15; 13-12-125 Duty to secure and maintain vacant building.; Open city violation against vacant/abandoned building under Chicago Municipal Code 13-12-125.",""
"11616 S Lafayette St, Chicago, IL 60620","41.682006","-87.624168","Chicago","IL","60620","RESIDENTIAL","VACANT","BANK OF AMERICA","","https://www.google.com/maps/@?api=1&map_action=pano&viewpoint=41.68200591302822,-87.6241677832346","https://data.cityofchicago.org/resource/kc9i-wq85","Docket 21CP015594; violation issued 2021-09-30; 13-12-125 Duty to secure and maintain vacant building.; Open city violation against vacant/abandoned building under Chicago Municipal Code 13-12-125.",""
"5744 S Sangamon St, Chicago, IL 60609","41.789278","-87.648821","Chicago","IL","60609","RESIDENTIAL","VACANT","NATIONWIDE REO LLC","","https://www.google.com/maps/@?api=1&map_action=pano&viewpoint=41.789278213232336,-87.6488212668545","https://data.cityofchicago.org/resource/kc9i-wq85","Docket 21CP014453; violation issued 2021-09-13; 13-12-125 Duty to secure and maintain vacant building.; Open city violation against vacant/abandoned building under Chicago Municipal Code 13-12-125.",""
"5409 S Princeton St, Chicago, IL 60609","41.795943","-87.632890","Chicago","IL","60609","RESIDENTIAL","VACANT","FEDERAL NATL MTG ASSN","","https://www.google.com/maps/@?api=1&map_action=pano&viewpoint=41.79594254809458,-87.63289007118881","https://data.cityofchicago.org/resource/kc9i-wq85","Docket 21CP012857; violation issued 2021-08-26; 13-12-125 Duty to secure and maintain vacant building.; Open city violation against vacant/abandoned building under Chicago Municipal Code 13-12-125.",""
"5549 S Shields St, Chicago, IL 60609","41.792744","-87.633969","Chicago","IL","60609","RESIDENTIAL","VACANT","HSBC BANK USA","","https://www.google.com/maps/@?api=1&map_action=pano&viewpoint=41.79274407469707,-87.63396944575877","https://data.cityofchicago.org/resource/kc9i-wq85","Docket 21CP011561; violation issued 2021-07-27; 13-12-125 Duty to secure and maintain vacant building.; Open city violation against vacant/abandoned building under Chicago Municipal Code 13-12-125.",""
"4817 S Winchester Ave, Chicago, IL 60624","41.806161","-87.673269","Chicago","IL","60624","RESIDENTIAL","VACANT","HSBC BANK USA NA","","https://www.google.com/maps/@?api=1&map_action=pano&viewpoint=41.80616128450363,-87.67326874635528","https://data.cityofchicago.org/resource/kc9i-wq85","Docket 21CP011312; violation issued 2021-07-26; 13-12-125 Duty to secure and maintain vacant building.; Open city violation against vacant/abandoned building under Chicago Municipal Code 13-12-125.",""
"3847 W Maypole St, Chicago, IL 60639","41.883957","-87.722543","Chicago","IL","60639","RESIDENTIAL","VACANT","WELLS FARGO BANK N A","","https://www.google.com/maps/@?api=1&map_action=pano&viewpoint=41.88395748340381,-87.72254259526886","https://data.cityofchicago.org/resource/kc9i-wq85","Docket 21CP011299; violation issued 2021-07-22; 13-12-125 Duty to secure and maintain vacant building.; Open city violation against vacant/abandoned building under Chicago Municipal Code 13-12-125.",""
"4925 W Hubbard St, Chicago, IL 60639","41.888549","-87.749062","Chicago","IL","60639","RESIDENTIAL","VACANT","DEUTSCHE BANK NATIONAL TRUST COMPANY","","https://www.google.com/maps/@?api=1&map_action=pano&viewpoint=41.88854851254702,-87.74906186517669","https://data.cityofchicago.org/resource/kc9i-wq85","Docket 21CP009904; violation issued 2021-06-28; 13-12-125 Duty to secure and maintain vacant building.; Open city violation against vacant/abandoned building under Chicago Municipal Code 13-12-125.",""
"8923 S Throop St, Chicago, IL 60629","41.731480","-87.655497","Chicago","IL","60629","RESIDENTIAL","VACANT","BANK OF NEW YORK MELLON","","https://www.google.com/maps/@?api=1&map_action=pano&viewpoint=41.731479899502695,-87.65549670388097","https://data.cityofchicago.org/resource/kc9i-wq85","Docket 21CP010066; violation issued 2021-06-22; 13-12-125 Duty to secure and maintain vacant building.; Open city violation against vacant/abandoned building under Chicago Municipal Code 13-12-125.",""
"4800 S Winchester Ave, Chicago, IL 60624","41.806610","-87.673572","Chicago","IL","60624","RESIDENTIAL","VACANT","HSBC BANK USA NA","","https://www.google.com/maps/@?api=1&map_action=pano&viewpoint=41.806610147657445,-87.67357227516275","https://data.cityofchicago.org/resource/kc9i-wq85","Docket 21CP008768; violation issued 2021-06-15; 13-12-125 Duty to secure and maintain vacant building.; Open city violation against vacant/abandoned building under Chicago Municipal Code 13-12-125.",""
"8029 W Beechwood Ave, Milwaukee, WI 53209","43.142071","-88.011392","Milwaukee","WI","53209","RESIDENTIAL","VACANT","","280300","https://www.google.com/maps/@?api=1&map_action=pano&viewpoint=43.142071414407795,-88.0113919054508","https://milwaukeemaps.milwaukee.gov/arcgis/rest/services/StrongNeighborhood/StrongNeighborhood/MapServer/0","Parcel 1180126000; opened 2014-06-18; Tracked by Milwaukee DNS as vacant building with Inspection Due status.",""
"7934 W Denver Ave, Milwaukee, WI 53209","43.143530","-88.010014","Milwaukee","WI","53209","RESIDENTIAL","VACANT","","300500","https://www.google.com/maps/@?api=1&map_action=pano&viewpoint=43.143530050989355,-88.01001387154031","https://milwaukeemaps.milwaukee.gov/arcgis/rest/services/StrongNeighborhood/StrongNeighborhood/MapServer/0","Parcel 1180201000; opened 2025-08-07; Tracked by Milwaukee DNS as vacant building with Inspection Due status.",""
"7821 W Hustis St, Milwaukee, WI 53209","43.143866","-88.008660","Milwaukee","WI","53209","RESIDENTIAL","VACANT","","300700","https://www.google.com/maps/@?api=1&map_action=pano&viewpoint=43.14386611683956,-88.00865972607974","https://milwaukeemaps.milwaukee.gov/arcgis/rest/services/StrongNeighborhood/StrongNeighborhood/MapServer/0","Parcel 1180210000; opened 2024-12-16; Tracked by Milwaukee DNS as vacant building with Inspection Due status.",""
"5804 W Boehlke Ave, Milwaukee, WI 53209","43.142900","-87.984634","Milwaukee","WI","53209","RESIDENTIAL","VACANT","","229900","https://www.google.com/maps/@?api=1&map_action=pano&viewpoint=43.14290019661702,-87.98463434574809","https://milwaukeemaps.milwaukee.gov/arcgis/rest/services/StrongNeighborhood/StrongNeighborhood/MapServer/0","Parcel 1210004000; opened 2024-05-19; Tracked by Milwaukee DNS as vacant building with Inspection Due status.",""
"6827 N 44th St, Milwaukee, WI 53209","43.142033","-87.967892","Milwaukee","WI","53209","RESIDENTIAL","VACANT","","135600","https://www.google.com/maps/@?api=1&map_action=pano&viewpoint=43.14203299063737,-87.96789208617513","https://milwaukeemaps.milwaukee.gov/arcgis/rest/services/StrongNeighborhood/StrongNeighborhood/MapServer/0","Parcel 1229948120; opened 2025-10-02; Tracked by Milwaukee DNS as vacant building with Inspection Due status.",""
"4933 W Good Hope Rd, Milwaukee, WI 53209","43.148072","-87.973845","Milwaukee","WI","53209","RESIDENTIAL","VACANT","","104000","https://www.google.com/maps/@?api=1&map_action=pano&viewpoint=43.148071886060286,-87.97384543102979","https://milwaukeemaps.milwaukee.gov/arcgis/rest/services/StrongNeighborhood/StrongNeighborhood/MapServer/0","Parcel 1229972110; opened 2025-04-10; Tracked by Milwaukee DNS as vacant building with Inspection Due status.",""
"5001 W Good Hope Rd, Milwaukee, WI 53209","43.148145","-87.974630","Milwaukee","WI","53209","RESIDENTIAL","VACANT","","309100","https://www.google.com/maps/@?api=1&map_action=pano&viewpoint=43.1481449833725,-87.97462980555828","https://milwaukeemaps.milwaukee.gov/arcgis/rest/services/StrongNeighborhood/StrongNeighborhood/MapServer/0","Parcel 1229977110; opened 2025-01-16; Tracked by Milwaukee DNS as vacant building with Inspection Due status.",""
"4901 W Good Hope Rd, Milwaukee, WI 53209","43.147611","-87.972997","Milwaukee","WI","53209","RESIDENTIAL","VACANT","","167600","https://www.google.com/maps/@?api=1&map_action=pano&viewpoint=43.14761054771016,-87.97299706989665","https://milwaukeemaps.milwaukee.gov/arcgis/rest/services/StrongNeighborhood/StrongNeighborhood/MapServer/0","Parcel 1229982100; opened 2025-04-10; Tracked by Milwaukee DNS as vacant building with Inspection Due status.",""
"6929 N Sussex St, Milwaukee, WI 53209","43.142894","-87.959305","Milwaukee","WI","53209","RESIDENTIAL","VACANT","","276200","https://www.google.com/maps/@?api=1&map_action=pano&viewpoint=43.14289432036193,-87.95930477976069","https://milwaukeemaps.milwaukee.gov/arcgis/rest/services/StrongNeighborhood/StrongNeighborhood/MapServer/0","Parcel 1230746000; opened 2026-04-01; Tracked by Milwaukee DNS as vacant building with Inspection Due status.",""
"7130 N 43rd St, Milwaukee, WI 53209","43.147440","-87.965068","Milwaukee","WI","53209","RESIDENTIAL","VACANT","","100200","https://www.google.com/maps/@?api=1&map_action=pano&viewpoint=43.147439714939516,-87.96506775749799","https://milwaukeemaps.milwaukee.gov/arcgis/rest/services/StrongNeighborhood/StrongNeighborhood/MapServer/0","Parcel 1231241000; opened 2023-08-24; Tracked by Milwaukee DNS as vacant building with Inspection Due status.",""
"6863 N 41st St, Milwaukee, WI 53209","43.142707","-87.963544","Milwaukee","WI","53209","RESIDENTIAL","VACANT","","233600","https://www.google.com/maps/@?api=1&map_action=pano&viewpoint=43.142706832081565,-87.96354376642769","https://milwaukeemaps.milwaukee.gov/arcgis/rest/services/StrongNeighborhood/StrongNeighborhood/MapServer/0","Parcel 1239892200; opened 2019-06-04; Tracked by Milwaukee DNS as vacant building with Inspection Due status.",""
"7129 N 42nd St, Milwaukee, WI 53209","43.147405","-87.964615","Milwaukee","WI","53209","RESIDENTIAL","VACANT","","134500","https://www.google.com/maps/@?api=1&map_action=pano&viewpoint=43.14740486212115,-87.96461477905572","https://milwaukeemaps.milwaukee.gov/arcgis/rest/services/StrongNeighborhood/StrongNeighborhood/MapServer/0","Parcel 1239942200; opened 2022-05-16; Tracked by Milwaukee DNS as vacant building with Inspection Due status.",""
"6820 N 43rd St, Milwaukee, WI 53209","43.142011","-87.964989","Milwaukee","WI","53209","COMMERCIAL","VACANT","","1184100","https://www.google.com/maps/@?api=1&map_action=pano&viewpoint=43.142011026654174,-87.96498904924707","https://milwaukeemaps.milwaukee.gov/arcgis/rest/services/StrongNeighborhood/StrongNeighborhood/MapServer/0","Parcel 1239948110; opened 2025-03-25; Tracked by Milwaukee DNS as vacant building with Inspection Due status.",""
"7000 N Teutonia Ave, Milwaukee, WI 53209","43.145088","-87.955081","Milwaukee","WI","53209","RESIDENTIAL","VACANT","","289600","https://www.google.com/maps/@?api=1&map_action=pano&viewpoint=43.14508761369705,-87.95508054375719","https://milwaukeemaps.milwaukee.gov/arcgis/rest/services/StrongNeighborhood/StrongNeighborhood/MapServer/0","Parcel 1249986100; opened 2024-12-13; Tracked by Milwaukee DNS as vacant building with Inspection Due status.",""
"3212 W Mill Rd, Milwaukee, WI 53209","43.135829","-87.952665","Milwaukee","WI","53209","RESIDENTIAL","VACANT","","232300","https://www.google.com/maps/@?api=1&map_action=pano&viewpoint=43.135829014212526,-87.95266468845155","https://milwaukeemaps.milwaukee.gov/arcgis/rest/services/StrongNeighborhood/StrongNeighborhood/MapServer/0","Parcel 1369987110; opened 2025-09-30; Tracked by Milwaukee DNS as vacant building with Inspection Due status.",""
"6770 N 43rd St, Milwaukee, WI 53209","43.140684","-87.964942","Milwaukee","WI","53209","COMMERCIAL","VACANT","","1518400","https://www.google.com/maps/@?api=1&map_action=pano&viewpoint=43.14068357407485,-87.9649422187066","https://milwaukeemaps.milwaukee.gov/arcgis/rest/services/StrongNeighborhood/StrongNeighborhood/MapServer/0","Parcel 1379834110; opened 2025-04-22; Tracked by Milwaukee DNS as vacant building with Inspection Due status.",""
"6428 N 40th St, Milwaukee, WI 53209","43.134523","-87.961772","Milwaukee","WI","53209","RESIDENTIAL","VACANT","","128700","https://www.google.com/maps/@?api=1&map_action=pano&viewpoint=43.134523330074124,-87.96177209999883","https://milwaukeemaps.milwaukee.gov/arcgis/rest/services/StrongNeighborhood/StrongNeighborhood/MapServer/0","Parcel 1379964100; opened 2026-01-15; Tracked by Milwaukee DNS as vacant building with Inspection Due status.",""
"4640 W Brentwood Ct, Milwaukee, WI 53209","43.135531","-87.971221","Milwaukee","WI","53209","RESIDENTIAL","VACANT","","205200","https://www.google.com/maps/@?api=1&map_action=pano&viewpoint=43.13553087159868,-87.9712211551644","https://milwaukeemaps.milwaukee.gov/arcgis/rest/services/StrongNeighborhood/StrongNeighborhood/MapServer/0","Parcel 1380033000; opened 2025-11-04; Tracked by Milwaukee DNS as vacant building with Inspection Due status.",""
"6742 N 60th St, Milwaukee, WI 53209","43.140333","-87.985263","Milwaukee","WI","53209","RESIDENTIAL","VACANT","","190300","https://www.google.com/maps/@?api=1&map_action=pano&viewpoint=43.14033324983259,-87.98526346659024","https://milwaukeemaps.milwaukee.gov/arcgis/rest/services/StrongNeighborhood/StrongNeighborhood/MapServer/0","Parcel 1399940100; opened 2021-06-30; Tracked by Milwaukee DNS as vacant building with Inspection Due status.",""
"6466/6468 N 73rd St, Milwaukee, WI 53209","43.135716","-88.001875","Milwaukee","WI","53209","RESIDENTIAL","VACANT","","214300","https://www.google.com/maps/@?api=1&map_action=pano&viewpoint=43.135715544122,-88.0018745206629","https://milwaukeemaps.milwaukee.gov/arcgis/rest/services/StrongNeighborhood/StrongNeighborhood/MapServer/0","Parcel 1410260000; opened 2022-05-31; Tracked by Milwaukee DNS as vacant building with Inspection Due status.",""
"7008 W Mill Rd, Milwaukee, WI 53209","43.134455","-87.998642","Milwaukee","WI","53209","RESIDENTIAL","VACANT","","152900","https://www.google.com/maps/@?api=1&map_action=pano&viewpoint=43.13445476290962,-87.99864180737221","https://milwaukeemaps.milwaukee.gov/arcgis/rest/services/StrongNeighborhood/StrongNeighborhood/MapServer/0","Parcel 1410711000; opened 2025-01-15; Tracked by Milwaukee DNS as vacant building with Inspection Due status.",""
"7020 W Mill Rd, Milwaukee, WI 53209","43.134459","-87.998945","Milwaukee","WI","53209","RESIDENTIAL","VACANT","","123400","https://www.google.com/maps/@?api=1&map_action=pano&viewpoint=43.13445900949481,-87.99894484919228","https://milwaukeemaps.milwaukee.gov/arcgis/rest/services/StrongNeighborhood/StrongNeighborhood/MapServer/0","Parcel 1419993210; opened 2023-09-23; Tracked by Milwaukee DNS as vacant building with Inspection Due status.",""
"8200 W Mill Rd, Milwaukee, WI 53209","43.134511","-88.013307","Milwaukee","WI","53209","RESIDENTIAL","VACANT","","208000","https://www.google.com/maps/@?api=1&map_action=pano&viewpoint=43.134510853429056,-88.0133068628477","https://milwaukeemaps.milwaukee.gov/arcgis/rest/services/StrongNeighborhood/StrongNeighborhood/MapServer/0","Parcel 1429998200; opened 2018-10-02; Tracked by Milwaukee DNS as vacant building with Inspection Due status.",""
"600 W Ridge Rd, Rochester, NY 14615","43.202333","-77.642896","Rochester","NY","14615","RESTAURANT","VACANT","TACO BELL OF AMERICA INC","","https://www.google.com/maps/@?api=1&map_action=pano&viewpoint=43.20233319375199,-77.64289648136133","https://maps.cityofrochester.gov/arcgis/rest/services/NBD/Building_Blocks_Code_Enforcement/FeatureServer/6","Parcel 07581000010910000000; Snack Bar; NBD status: Red vacant; status set 2025-06-15; Tracked on Rochester NBD Vacant Status Red registry (Building Blocks Code Enforcement).",""
"459-465 W Ridge Rd, Rochester, NY 14615","43.200196","-77.639677","Rochester","NY","14615","RESIDENTIAL","CHRONICALLY VACANT","ALL PRIME PROPERTIES LLC","","https://www.google.com/maps/@?api=1&map_action=pano&viewpoint=43.20019586972587,-77.63967705947637","https://maps.cityofrochester.gov/arcgis/rest/services/NBD/Building_Blocks_Code_Enforcement/FeatureServer/6","Parcel 09026000010060000000; Detached Row Building; NBD status: Red vacant Over a Year Old; status set 2025-04-19; Tracked on Rochester NBD Vacant Status Red registry (Building Blocks Code Enforcement).",""
"123 Desmond St, Rochester, NY 14615","43.196951","-77.636353","Rochester","NY","14615","WAREHOUSE","VACANT","IGLESIA RESTAURACION EN C","","https://www.google.com/maps/@?api=1&map_action=pano&viewpoint=43.196950746504,-77.63635309837461","https://maps.cityofrochester.gov/arcgis/rest/services/NBD/Building_Blocks_Code_Enforcement/FeatureServer/6","Parcel 09034000020530010000; Distribution Facility; NBD status: Red vacant; status set 2025-05-29; Tracked on Rochester NBD Vacant Status Red registry (Building Blocks Code Enforcement).",""
"371 Pullman Ave, Rochester, NY 14615","43.195940","-77.639711","Rochester","NY","14615","RESIDENTIAL","VACANT","SEQUOIA LENDING GROUP LLC","","https://www.google.com/maps/@?api=1&map_action=pano&viewpoint=43.19594023624969,-77.63971133222027","https://maps.cityofrochester.gov/arcgis/rest/services/NBD/Building_Blocks_Code_Enforcement/FeatureServer/6","Parcel 09042000010020000000; 1 Family Residential; NBD status: Red vacant; status set 2025-09-23; Tracked on Rochester NBD Vacant Status Red registry (Building Blocks Code Enforcement).",""
"50 Hollywood St, Rochester, NY 14615","43.192778","-77.654488","Rochester","NY","14615","RESIDENTIAL","CHRONICALLY VACANT","MARCOUX DARRYL","","https://www.google.com/maps/@?api=1&map_action=pano&viewpoint=43.19277826161898,-77.65448826310521","https://maps.cityofrochester.gov/arcgis/rest/services/NBD/Building_Blocks_Code_Enforcement/FeatureServer/6","Parcel 09047000010140000000; 1 Family Res; NBD status: Red vacant Over a Year Old; status set 2024-06-05; Tracked on Rochester NBD Vacant Status Red registry (Building Blocks Code Enforcement).",""
"382 Clay Ave, Rochester, NY 14613","43.191896","-77.640513","Rochester","NY","14613","RESIDENTIAL","CONDEMNED","CONCLAY REALTY LLC","","https://www.google.com/maps/@?api=1&map_action=pano&viewpoint=43.19189645095296,-77.64051330438369","https://maps.cityofrochester.gov/arcgis/rest/services/NBD/Building_Blocks_Code_Enforcement/FeatureServer/6","Parcel 09049000010960000000; 2 Family Residential; NBD status: Red Vacant with Placard Over a Year Old; status set 2025-05-04; Tracked on Rochester NBD Vacant Status Red registry (Building Blocks Code Enforcement).",""
"343 Driving Park Ave, Rochester, NY 14613","43.180760","-77.639330","Rochester","NY","14613","RESIDENTIAL","CHRONICALLY VACANT","RIVERS KENNETH L JR","","https://www.google.com/maps/@?api=1&map_action=pano&viewpoint=43.180759518925164,-77.63932975079616","https://maps.cityofrochester.gov/arcgis/rest/services/NBD/Building_Blocks_Code_Enforcement/FeatureServer/6","Parcel 09082000010200010000; Detached Row Building; NBD status: Red vacant Over a Year Old; status set 2025-04-07; Tracked on Rochester NBD Vacant Status Red registry (Building Blocks Code Enforcement).",""
"105 Selye Ter, Rochester, NY 14613","43.181402","-77.634813","Rochester","NY","14613","RESIDENTIAL","CHRONICALLY VACANT","ROBERTS BRUCE","","https://www.google.com/maps/@?api=1&map_action=pano&viewpoint=43.1814023708176,-77.63481330971773","https://maps.cityofrochester.gov/arcgis/rest/services/NBD/Building_Blocks_Code_Enforcement/FeatureServer/6","Parcel 09082000030420000000; Two Family Residence; NBD status: Red vacant Over a Year Old; status set 2024-06-05; Tracked on Rochester NBD Vacant Status Red registry (Building Blocks Code Enforcement).",""
"253 Driving Pk Ave, Rochester, NY 14613","43.180663","-77.636757","Rochester","NY","14613","RESIDENTIAL","CHRONICALLY VACANT","MCGHIE STEPHEN","","https://www.google.com/maps/@?api=1&map_action=pano&viewpoint=43.18066342730149,-77.6367574074487","https://maps.cityofrochester.gov/arcgis/rest/services/NBD/Building_Blocks_Code_Enforcement/FeatureServer/6","Parcel 09082000030570000000; Two Family Residence; NBD status: Red vacant Over a Year Old; status set 2024-06-05; Tracked on Rochester NBD Vacant Status Red registry (Building Blocks Code Enforcement).",""
"1447 St Paul St, Rochester, NY 14621","43.182363","-77.626633","Rochester","NY","14621","INDUSTRIAL","VACANT","PHOENIX ROCHESTER NY INDUSTRIA","","https://www.google.com/maps/@?api=1&map_action=pano&viewpoint=43.182363186475435,-77.62663331982804","https://maps.cityofrochester.gov/arcgis/rest/services/NBD/Building_Blocks_Code_Enforcement/FeatureServer/6","Parcel 09084000010030010000; Manufacturer; NBD status: Red vacant; status set 2025-09-18; Tracked on Rochester NBD Vacant Status Red registry (Building Blocks Code Enforcement).",""
"14 Nester St, Rochester, NY 14621","43.189075","-77.607782","Rochester","NY","14621","RESIDENTIAL","VACANT","SANTIAGO PETRO C","","https://www.google.com/maps/@?api=1&map_action=pano&viewpoint=43.1890754945823,-77.6077823190958","https://maps.cityofrochester.gov/arcgis/rest/services/NBD/Building_Blocks_Code_Enforcement/FeatureServer/6","Parcel 09155000020110000000; 1 Family Res; NBD status: Red vacant; status set 2025-08-22; Tracked on Rochester NBD Vacant Status Red registry (Building Blocks Code Enforcement).",""
"50 Wanda St, Rochester, NY 14621","43.187828","-77.600258","Rochester","NY","14621","RESIDENTIAL","CHRONICALLY VACANT","ZIMMER PAUL L","","https://www.google.com/maps/@?api=1&map_action=pano&viewpoint=43.187827797355666,-77.60025765374722","https://maps.cityofrochester.gov/arcgis/rest/services/NBD/Building_Blocks_Code_Enforcement/FeatureServer/6","Parcel 09157000010210000000; Single Family Residence; NBD status: Red vacant Over a Year Old; status set 2024-08-18; Tracked on Rochester NBD Vacant Status Red registry (Building Blocks Code Enforcement).",""
"57 Brookhaven Ter, Rochester, NY 14621","43.188378","-77.590213","Rochester","NY","14621","RESIDENTIAL","CHRONICALLY VACANT","MOORE RUBY","","https://www.google.com/maps/@?api=1&map_action=pano&viewpoint=43.18837787330627,-77.590213343167","https://maps.cityofrochester.gov/arcgis/rest/services/NBD/Building_Blocks_Code_Enforcement/FeatureServer/6","Parcel 09158000030260000000; Single Family Residence; NBD status: Red vacant Over a Year Old; status set 2024-08-18; Tracked on Rochester NBD Vacant Status Red registry (Building Blocks Code Enforcement).",""
"1290-1292 Portland Ave, Rochester, NY 14621","43.189652","-77.583787","Rochester","NY","14621","RESIDENTIAL","VACANT","CM 1 HOMES LLC","","https://www.google.com/maps/@?api=1&map_action=pano&viewpoint=43.189652345531044,-77.58378735647261","https://maps.cityofrochester.gov/arcgis/rest/services/NBD/Building_Blocks_Code_Enforcement/FeatureServer/6","Parcel 09159000020060000000; 2 Family Residential; NBD status: Red vacant; status set 2025-08-13; Tracked on Rochester NBD Vacant Status Red registry (Building Blocks Code Enforcement).",""
"980 Hudson Ave, Rochester, NY 14621","43.183134","-77.598998","Rochester","NY","14621","INDUSTRIAL","CHRONICALLY VACANT","SHEPPARD LUVON","","https://www.google.com/maps/@?api=1&map_action=pano&viewpoint=43.18313432222577,-77.59899772377436","https://maps.cityofrochester.gov/arcgis/rest/services/NBD/Building_Blocks_Code_Enforcement/FeatureServer/6","Parcel 09173000030010000000; Manufacturing; NBD status: Red vacant Over a Year Old; status set 2024-05-27; Tracked on Rochester NBD Vacant Status Red registry (Building Blocks Code Enforcement).",""
"210 Ernst St, Rochester, NY 14621","43.182911","-77.593289","Rochester","NY","14621","RESIDENTIAL","CONDEMNED","BERMUDEZ JOSE H","","https://www.google.com/maps/@?api=1&map_action=pano&viewpoint=43.18291097204945,-77.59328927830214","https://maps.cityofrochester.gov/arcgis/rest/services/NBD/Building_Blocks_Code_Enforcement/FeatureServer/6","Parcel 09174000040810000000; 1 Family Residential; NBD status: Red Vacant with Placard; status set 2025-09-24; Tracked on Rochester NBD Vacant Status Red registry (Building Blocks Code Enforcement).",""
"363 Remington St, Rochester, NY 14621","43.182511","-77.611293","Rochester","NY","14621","RESIDENTIAL","VACANT","SFR3-080 LLC","","https://www.google.com/maps/@?api=1&map_action=pano&viewpoint=43.1825113766131,-77.61129348707723","https://maps.cityofrochester.gov/arcgis/rest/services/NBD/Building_Blocks_Code_Enforcement/FeatureServer/6","Parcel 09179000010050000000; 1 Family Residential; NBD status: Red vacant; status set 2025-11-18; Tracked on Rochester NBD Vacant Status Red registry (Building Blocks Code Enforcement).",""
"312 Remington St, Rochester, NY 14621","43.181493","-77.610642","Rochester","NY","14621","RESIDENTIAL","VACANT","SCR DEVELOPMENT INC","","https://www.google.com/maps/@?api=1&map_action=pano&viewpoint=43.181493447656756,-77.61064158141713","https://maps.cityofrochester.gov/arcgis/rest/services/NBD/Building_Blocks_Code_Enforcement/FeatureServer/6","Parcel 09179000020040000000; 1 Family Res; NBD status: Red vacant; status set 2025-08-22; Tracked on Rochester NBD Vacant Status Red registry (Building Blocks Code Enforcement).",""
"236 Remington St, Rochester, NY 14621","43.179916","-77.610213","Rochester","NY","14621","RESIDENTIAL","VACANT","MOREHEAD WALTER L","","https://www.google.com/maps/@?api=1&map_action=pano&viewpoint=43.17991591955085,-77.61021283099765","https://maps.cityofrochester.gov/arcgis/rest/services/NBD/Building_Blocks_Code_Enforcement/FeatureServer/6","Parcel 09179000040710000000; 1 Family Residential; NBD status: Red vacant; status set 2025-06-11; Tracked on Rochester NBD Vacant Status Red registry (Building Blocks Code Enforcement).",""
"242 Herald St, Rochester, NY 14621","43.179708","-77.592168","Rochester","NY","14621","RESIDENTIAL","CHRONICALLY VACANT","MORGAN SHIRLEY A","","https://www.google.com/maps/@?api=1&map_action=pano&viewpoint=43.17970828040942,-77.59216828550414","https://maps.cityofrochester.gov/arcgis/rest/services/NBD/Building_Blocks_Code_Enforcement/FeatureServer/6","Parcel 09182000030610000000; 1 Family Res; NBD status: Red vacant Over a Year Old; status set 2024-07-22; Tracked on Rochester NBD Vacant Status Red registry (Building Blocks Code Enforcement).",""
"176 Clairmount St, Rochester, NY 14621","43.179333","-77.582799","Rochester","NY","14621","RESIDENTIAL","VACANT","RABISH LYNN R","","https://www.google.com/maps/@?api=1&map_action=pano&viewpoint=43.17933259590558,-77.58279937906282","https://maps.cityofrochester.gov/arcgis/rest/services/NBD/Building_Blocks_Code_Enforcement/FeatureServer/6","Parcel 09184000010240000000; 1 Family Residential; NBD status: Red vacant; status set 2026-04-23; Tracked on Rochester NBD Vacant Status Red registry (Building Blocks Code Enforcement).",""
"238 Lexington Ave, Rochester, NY 14613","43.179588","-77.635767","Rochester","NY","14613","RESIDENTIAL","VACANT","BUTLER JAYQUANNE","","https://www.google.com/maps/@?api=1&map_action=pano&viewpoint=43.17958787218085,-77.63576676691227","https://maps.cityofrochester.gov/arcgis/rest/services/NBD/Building_Blocks_Code_Enforcement/FeatureServer/6","Parcel 10526000010220000000; 2 Family Residential; NBD status: Red vacant; status set 2025-07-26; Tracked on Rochester NBD Vacant Status Red registry (Building Blocks Code Enforcement).",""
"277 Lexington Ave, Rochester, NY 14613","43.179077","-77.636925","Rochester","NY","14613","RESIDENTIAL","VACANT","SAXON RAFAEL","","https://www.google.com/maps/@?api=1&map_action=pano&viewpoint=43.17907662355637,-77.63692492776639","https://maps.cityofrochester.gov/arcgis/rest/services/NBD/Building_Blocks_Code_Enforcement/FeatureServer/6","Parcel 10526000030010000000; 2 Family Residential; NBD status: Red vacant; status set 2026-04-15; Tracked on Rochester NBD Vacant Status Red registry (Building Blocks Code Enforcement).",""
"3 Rainier St, Rochester, NY 14613","43.177423","-77.636319","Rochester","NY","14613","RESIDENTIAL","CHRONICALLY VACANT","LAM MICHAEL","","https://www.google.com/maps/@?api=1&map_action=pano&viewpoint=43.17742338895676,-77.63631896825467","https://maps.cityofrochester.gov/arcgis/rest/services/NBD/Building_Blocks_Code_Enforcement/FeatureServer/6","Parcel 10526000030540000000; Single Family Residence; NBD status: Red vacant Over a Year Old; status set 2024-04-29; Tracked on Rochester NBD Vacant Status Red registry (Building Blocks Code Enforcement).",""
"81 Glenwood Ave, Rochester, NY 14613","43.177463","-77.631745","Rochester","NY","14613","RESIDENTIAL","CHRONICALLY VACANT","ATCF REO HOLDINGS LLC","","https://www.google.com/maps/@?api=1&map_action=pano&viewpoint=43.177463000847254,-77.63174513372651","https://maps.cityofrochester.gov/arcgis/rest/services/NBD/Building_Blocks_Code_Enforcement/FeatureServer/6","Parcel 10527000020250000000; 1 Family Residential; NBD status: Red vacant Over a Year Old; status set 2025-04-06; Tracked on Rochester NBD Vacant Status Red registry (Building Blocks Code Enforcement).",""
"1551 English Ave, Indianapolis, IN 46201","39.759629","-86.132982","Indianapolis","IN","46201","RESIDENTIAL","VACANT","SMITH LEROY & BRENDA KAY","","https://www.google.com/maps/@?api=1&map_action=pano&viewpoint=39.759629284449,-86.132982170264","https://gis.indy.gov/server/rest/services/OpenData/OpenData_NonSpatial/MapServer/1","Case VBO14-05207; Status: Inspection Pending; opened 2014-11-20; Active Vacant Board Order violation — Indianapolis Code Enforcement.",""
"2232 N Bolton Ave, Indianapolis, IN 46218","39.798741","-86.066893","Indianapolis","IN","46218","RESIDENTIAL","CONDEMNED","TANO JOEL F","","https://www.google.com/maps/@?api=1&map_action=pano&viewpoint=39.798740758455,-86.066893119614","https://gis.indy.gov/server/rest/services/OpenData/OpenData_NonSpatial/MapServer/1","Case VBO15-01585; Status: NOV Issued; opened 2015-05-20; Active Vacant Board Order violation — Indianapolis Code Enforcement.",""
"3049 Pawnee Dr, Indianapolis, IN 46235","39.812794","-85.981778","Indianapolis","IN","46235","RESIDENTIAL","CONDEMNED","CHILTON TYRON A","","https://www.google.com/maps/@?api=1&map_action=pano&viewpoint=39.812793583852,-85.981778156281","https://gis.indy.gov/server/rest/services/OpenData/OpenData_NonSpatial/MapServer/1","Case VBO16-03082; Status: Not Secure; opened 2016-09-30; Active Vacant Board Order violation — Indianapolis Code Enforcement.",""
"10276 E 30th St, Indianapolis, IN 46229","39.811718","-85.985838","Indianapolis","IN","46229","RESIDENTIAL","CONDEMNED","U S BANK N A","","https://www.google.com/maps/@?api=1&map_action=pano&viewpoint=39.811718312291,-85.985838105146","https://gis.indy.gov/server/rest/services/OpenData/OpenData_NonSpatial/MapServer/1","Case VBO16-03094; Status: Not Secure; opened 2016-10-03; Active Vacant Board Order violation — Indianapolis Code Enforcement.",""
"2317 Coyner Ave, Indianapolis, IN 46218","39.788419","-86.122461","Indianapolis","IN","46218","RESIDENTIAL","CONDEMNED","MT HELIX ACQUISTIONS L LLC","","https://www.google.com/maps/@?api=1&map_action=pano&viewpoint=39.788419349327,-86.122461458945","https://gis.indy.gov/server/rest/services/OpenData/OpenData_NonSpatial/MapServer/1","Case VBO16-03106; Status: Not Secure; opened 2016-10-04; Active Vacant Board Order violation — Indianapolis Code Enforcement.",""
"8822 Elmonte Dr, Indianapolis, IN 46226","39.829658","-86.012737","Indianapolis","IN","46226","RESIDENTIAL","CONDEMNED","WONG L RICHARD","","https://www.google.com/maps/@?api=1&map_action=pano&viewpoint=39.8296577209,-86.012736797772","https://gis.indy.gov/server/rest/services/OpenData/OpenData_NonSpatial/MapServer/1","Case VBO16-03117; Status: Not Secure; opened 2016-10-05; Active Vacant Board Order violation — Indianapolis Code Enforcement.",""
"3821 Monica Ct, Indianapolis, IN 46226","39.826845","-86.014804","Indianapolis","IN","46226","RESIDENTIAL","CONDEMNED","BAXTER MONALISA","","https://www.google.com/maps/@?api=1&map_action=pano&viewpoint=39.826844623818,-86.014803511992","https://gis.indy.gov/server/rest/services/OpenData/OpenData_NonSpatial/MapServer/1","Case VBO16-03123; Status: Not Secure; opened 2016-10-05; Active Vacant Board Order violation — Indianapolis Code Enforcement.",""
"4019 Alsace Ct, Indianapolis, IN 46226","39.829843","-86.021335","Indianapolis","IN","46226","RESIDENTIAL","CONDEMNED","CITIMORTGAGE INC","","https://www.google.com/maps/@?api=1&map_action=pano&viewpoint=39.82984320803,-86.021334681006","https://gis.indy.gov/server/rest/services/OpenData/OpenData_NonSpatial/MapServer/1","Case VBO16-03127; Status: Not Secure; opened 2016-10-05; Active Vacant Board Order violation — Indianapolis Code Enforcement.",""
"3224 N Arlington Ave, Indianapolis, IN 46218","39.815133","-86.064756","Indianapolis","IN","46218","RESIDENTIAL","CONDEMNED","ORKMON ROBERT SR & BEVERLY A","","https://www.google.com/maps/@?api=1&map_action=pano&viewpoint=39.815133483283,-86.064755525577","https://gis.indy.gov/server/rest/services/OpenData/OpenData_NonSpatial/MapServer/1","Case VBO16-03134; Status: Not Secure; opened 2016-10-05; Active Vacant Board Order violation — Indianapolis Code Enforcement.",""
"1200 Madison Ave, Indianapolis, IN 46225","39.751315","-86.154311","Indianapolis","IN","46225","RESIDENTIAL","VACANT","1200 MADISON PROPERTY LLC","","https://www.google.com/maps/@?api=1&map_action=pano&viewpoint=39.751315150967,-86.15431090214","https://gis.indy.gov/server/rest/services/OpenData/OpenData_NonSpatial/MapServer/1","Case VBO16-03787; Status: Open; opened 2016-12-17; Active Vacant Board Order violation — Indianapolis Code Enforcement.",""
"4420 Thrush Dr, Indianapolis, IN 46222","39.814364","-86.235003","Indianapolis","IN","46222","RESIDENTIAL","CONDEMNED","JIM LONG REALTY LLC","","https://www.google.com/maps/@?api=1&map_action=pano&viewpoint=39.814363679385,-86.235003484356","https://gis.indy.gov/server/rest/services/OpenData/OpenData_NonSpatial/MapServer/1","Case VBO21-00027; Status: NOV Issued; opened 2021-01-06; Active Vacant Board Order violation — Indianapolis Code Enforcement.",""
"8717 Camby Rd, Indianapolis, IN 46113","39.661556","-86.315975","Indianapolis","IN","46113","RESIDENTIAL","CONDEMNED","SECRETARY OF HOUSING & URBAN DEVELOPMENT % INFORMATION SYSTEMS & NETWORK CORP SHEPHERD MALL OFFICE C","","https://www.google.com/maps/@?api=1&map_action=pano&viewpoint=39.661556234843,-86.315975155874","https://gis.indy.gov/server/rest/services/OpenData/OpenData_NonSpatial/MapServer/1","Case VBO21-01134; Status: NOV Issued; opened 2021-09-13; Active Vacant Board Order violation — Indianapolis Code Enforcement.",""
"5815 E 42nd St, Indianapolis, IN 46226","39.832972","-86.068559","Indianapolis","IN","46226","RESIDENTIAL","VACANT","PATH TO PROSPERITY  LLC","","https://www.google.com/maps/@?api=1&map_action=pano&viewpoint=39.832972131675,-86.068559009033","https://gis.indy.gov/server/rest/services/OpenData/OpenData_NonSpatial/MapServer/1","Case VBO23-01935; Status: Contractor Notified; opened 2023-11-28; Active Vacant Board Order violation — Indianapolis Code Enforcement.",""
"404 S Routiers Ave, Indianapolis, IN 46219","39.764361","-86.012935","Indianapolis","IN","46219","RESIDENTIAL","VACANT","SCHUMAKER CODY","","https://www.google.com/maps/@?api=1&map_action=pano&viewpoint=39.764360701569,-86.012935356566","https://gis.indy.gov/server/rest/services/OpenData/OpenData_NonSpatial/MapServer/1","Case VBO24-00048; Status: Contractor Notified; opened 2024-01-09; Active Vacant Board Order violation — Indianapolis Code Enforcement.",""
"307 N Euclid Ave, Indianapolis, IN 46201","39.772288","-86.093720","Indianapolis","IN","46201","RESIDENTIAL","VACANT","NANGUNOORI RAMESHWAR RAO","","https://www.google.com/maps/@?api=1&map_action=pano&viewpoint=39.772287770305,-86.093719678301","https://gis.indy.gov/server/rest/services/OpenData/OpenData_NonSpatial/MapServer/1","Case VBO24-00055; Status: Contractor Notified; opened 2024-01-10; Active Vacant Board Order violation — Indianapolis Code Enforcement.",""
"121 N Euclid Ave, Indianapolis, IN 46201","39.770660","-86.093699","Indianapolis","IN","46201","RESIDENTIAL","CONDEMNED","DC CAPTIAL MULTI II LLC","","https://www.google.com/maps/@?api=1&map_action=pano&viewpoint=39.770659906644,-86.093699178804","https://gis.indy.gov/server/rest/services/OpenData/OpenData_NonSpatial/MapServer/1","Case VBO24-00062; Status: NOV Issued; opened 2024-01-10; Active Vacant Board Order violation — Indianapolis Code Enforcement.",""
"3848 Spann Ave, Indianapolis, IN 46203","39.759183","-86.100595","Indianapolis","IN","46203","RESIDENTIAL","VACANT","WETZEL JOSH","","https://www.google.com/maps/@?api=1&map_action=pano&viewpoint=39.759182974659,-86.10059543463","https://gis.indy.gov/server/rest/services/OpenData/OpenData_NonSpatial/MapServer/1","Case VBO24-00069; Status: Contractor Notified; opened 2024-01-11; Active Vacant Board Order violation — Indianapolis Code Enforcement.",""
"3456 Prospect St, Indianapolis, IN 46203","39.752674","-86.107918","Indianapolis","IN","46203","RESIDENTIAL","VACANT","BRIGHTWELL JAMES A & CATHERINE L","","https://www.google.com/maps/@?api=1&map_action=pano&viewpoint=39.752673571682,-86.107917828614","https://gis.indy.gov/server/rest/services/OpenData/OpenData_NonSpatial/MapServer/1","Case VBO24-00073; Status: Contractor Notified; opened 2024-01-11; Active Vacant Board Order violation — Indianapolis Code Enforcement.",""
"245 S Parker Ave, Indianapolis, IN 46201","39.764021","-86.113980","Indianapolis","IN","46201","RESIDENTIAL","VACANT","GUTIERREZ GERARDO MARTINEZ","","https://www.google.com/maps/@?api=1&map_action=pano&viewpoint=39.764021045392,-86.113979732845","https://gis.indy.gov/server/rest/services/OpenData/OpenData_NonSpatial/MapServer/1","Case VBO24-00079; Status: Contractor Notified; opened 2024-01-11; Active Vacant Board Order violation — Indianapolis Code Enforcement.",""
"56 S Dearborn St, Indianapolis, IN 46201","39.767620","-86.110646","Indianapolis","IN","46201","RESIDENTIAL","CONDEMNED","CB12 LLC","","https://www.google.com/maps/@?api=1&map_action=pano&viewpoint=39.767619544826,-86.110646294063","https://gis.indy.gov/server/rest/services/OpenData/OpenData_NonSpatial/MapServer/1","Case VBO24-00170; Status: NOV Issued; opened 2024-01-25; Active Vacant Board Order violation — Indianapolis Code Enforcement.",""
"7506 Michigan Rd, Indianapolis, IN 46268","39.889053","-86.211932","Indianapolis","IN","46268","RESIDENTIAL","VACANT","7506 MICHIGAN TRUST","","https://www.google.com/maps/@?api=1&map_action=pano&viewpoint=39.889053492093,-86.211932296369","https://gis.indy.gov/server/rest/services/OpenData/OpenData_NonSpatial/MapServer/1","Case VBO24-00173; Status: Contractor Notified; opened 2024-01-26; Active Vacant Board Order violation — Indianapolis Code Enforcement.",""
"4314 Jamie Ct, Indianapolis, IN 46226","39.834906","-86.020658","Indianapolis","IN","46226","RESIDENTIAL","CONDEMNED","EUGENE R & BILLIE C YORK REVOCABLE LIVING RESERVING A LIFE ESTATE","","https://www.google.com/maps/@?api=1&map_action=pano&viewpoint=39.834906099558,-86.020657775084","https://gis.indy.gov/server/rest/services/OpenData/OpenData_NonSpatial/MapServer/1","Case VBO24-00176; Status: NOV Issued; opened 2024-01-26; Active Vacant Board Order violation — Indianapolis Code Enforcement.",""
"3208 Radford Dr, Indianapolis, IN 46226","39.814194","-86.041599","Indianapolis","IN","46226","RESIDENTIAL","CONDEMNED","JOB ASSETS VI LLC","","https://www.google.com/maps/@?api=1&map_action=pano&viewpoint=39.814193674806,-86.041598769113","https://gis.indy.gov/server/rest/services/OpenData/OpenData_NonSpatial/MapServer/1","Case VBO24-00178; Status: NOV Issued; opened 2024-01-26; Active Vacant Board Order violation — Indianapolis Code Enforcement.",""
"619 N Grant Ave, Indianapolis, IN 46201","39.776261","-86.097399","Indianapolis","IN","46201","RESIDENTIAL","VACANT","LICHLI PROPERTIES LLC","","https://www.google.com/maps/@?api=1&map_action=pano&viewpoint=39.776260925566,-86.0973985119","https://gis.indy.gov/server/rest/services/OpenData/OpenData_NonSpatial/MapServer/1","Case VBO24-00188; Status: Contractor Notified; opened 2024-01-29; Active Vacant Board Order violation — Indianapolis Code Enforcement.",""
"920 N Parker Ave, Indianapolis, IN 46201","39.780330","-86.114346","Indianapolis","IN","46201","RESIDENTIAL","VACANT","ANDERSON JULIA M","","https://www.google.com/maps/@?api=1&map_action=pano&viewpoint=39.780330207179,-86.114345622355","https://gis.indy.gov/server/rest/services/OpenData/OpenData_NonSpatial/MapServer/1","Case VBO24-00189; Status: Contractor Notified; opened 2024-01-29; Active Vacant Board Order violation — Indianapolis Code Enforcement.",""
"934 Orchard St, Toledo, OH 43609","41.628095","-83.563848","Toledo","OH","43609","RESIDENTIAL","CONDEMNED","ZOKARI HYSAM","","https://www.google.com/maps/@?api=1&map_action=pano&viewpoint=41.62809504469439,-83.5638481267456","https://gis.toledo.oh.gov/arcgis/rest/services/Demolition_Map_MIL1/MapServer/0","Parcel 1609731; Structure: Residential; built 110; 1 units; Old South End; demolition scheduled MID 2026; Condemned by Lucas County Land Bank; building still standing pending teardown.",""
"613 Stanton St, Toledo, OH 43609","41.638618","-83.552456","Toledo","OH","43609","RESIDENTIAL","CONDEMNED","TANDLER KATINA","","https://www.google.com/maps/@?api=1&map_action=pano&viewpoint=41.63861832092744,-83.55245581442311","https://gis.toledo.oh.gov/arcgis/rest/services/Demolition_Map_MIL1/MapServer/0","Parcel 1159145; Structure: Residential; built 131; 1 units; Old South End; demolition scheduled MID 2026; Condemned by Lucas County Land Bank; building still standing pending teardown.",""
"557 Segur Ave, Toledo, OH 43609","41.636429","-83.552529","Toledo","OH","43609","RESIDENTIAL","CONDEMNED","COOK ERIC W","","https://www.google.com/maps/@?api=1&map_action=pano&viewpoint=41.63642926138892,-83.5525290392527","https://gis.toledo.oh.gov/arcgis/rest/services/Demolition_Map_MIL1/MapServer/0","Parcel 0301084; Structure: Residential; built 146; 1 units; Old South End; demolition scheduled MID 2026; Condemned by Lucas County Land Bank; building still standing pending teardown.",""
"838 Norwood Ave, Toledo, OH 43607","41.655890","-83.563997","Toledo","OH","43607","RESIDENTIAL","CONDEMNED","LEWIS CHERNETTE","","https://www.google.com/maps/@?api=1&map_action=pano&viewpoint=41.65589031472006,-83.56399659787867","https://gis.toledo.oh.gov/arcgis/rest/services/Demolition_Map_MIL1/MapServer/0","Parcel 1410237; Structure: ; built ; Englewood; demolition scheduled TENTATIVE 2026; Condemned by Lucas County Land Bank; building still standing pending teardown.",""
"1483 South Ave, Toledo, OH 43609","41.630459","-83.577641","Toledo","OH","43609","RESIDENTIAL","CONDEMNED","IBARRA ADRIAN & EBONY","","https://www.google.com/maps/@?api=1&map_action=pano&viewpoint=41.63045928242405,-83.57764074608575","https://gis.toledo.oh.gov/arcgis/rest/services/Demolition_Map_MIL1/MapServer/0","Parcel 0713451; Structure: Residential; built 108; 1 units; Highland Heights; demolition scheduled MID 2026; Condemned by Lucas County Land Bank; building still standing pending teardown.",""
"1143 Hamilton St, Toledo, OH 43607","41.643632","-83.571461","Toledo","OH","43607","RESIDENTIAL","CONDEMNED","HOPINGS DUANE","","https://www.google.com/maps/@?api=1&map_action=pano&viewpoint=41.643631914499935,-83.57146127553403","https://gis.toledo.oh.gov/arcgis/rest/services/Demolition_Map_MIL1/MapServer/0","Parcel 1601924; Structure: ; built ; Junction; demolition scheduled MID 2026; Condemned by Lucas County Land Bank; building still standing pending teardown.",""
"345 Chapin St, Toledo, OH 43609","41.633116","-83.558998","Toledo","OH","43609","RESIDENTIAL","CONDEMNED","MCNEAL CLARENCE LEE","","https://www.google.com/maps/@?api=1&map_action=pano&viewpoint=41.63311602384697,-83.55899839620236","https://gis.toledo.oh.gov/arcgis/rest/services/Demolition_Map_MIL1/MapServer/0","Parcel 0309311; Structure: Residential; built 117; 1 units; Old South End; demolition scheduled MID 2026; Condemned by Lucas County Land Bank; building still standing pending teardown.",""
"1469 S Cove Blvd, Toledo, OH 43606","41.672892","-83.579055","Toledo","OH","43606","RESIDENTIAL","CONDEMNED","SIMMONS STACEY","","https://www.google.com/maps/@?api=1&map_action=pano&viewpoint=41.67289196859541,-83.57905542879469","https://gis.toledo.oh.gov/arcgis/rest/services/Demolition_Map_MIL1/MapServer/0","Parcel 0608894; Structure: ; built ; Auburndale; demolition scheduled MID 2026; Condemned by Lucas County Land Bank; building still standing pending teardown.",""
"902 Sherman St, Toledo, OH 43608","41.666837","-83.535932","Toledo","OH","43608","RESIDENTIAL","CONDEMNED","LOUIS DEONDRIA","","https://www.google.com/maps/@?api=1&map_action=pano&viewpoint=41.666836768449734,-83.53593204407159","https://gis.toledo.oh.gov/arcgis/rest/services/Demolition_Map_MIL1/MapServer/0","Parcel 0202244; Structure: Residential; built 115; 1 units; Sherman; demolition scheduled EARLY-MID 2026; Condemned by Lucas County Land Bank; building still standing pending teardown.",""
"368 Richardson Dr, Toledo, OH 43608","41.683777","-83.553840","Toledo","OH","43608","RESIDENTIAL","CONDEMNED","JEFFERS JOSEPH","","https://www.google.com/maps/@?api=1&map_action=pano&viewpoint=41.683777136439254,-83.55384009269376","https://gis.toledo.oh.gov/arcgis/rest/services/Demolition_Map_MIL1/MapServer/0","Parcel 1323427; Structure: ; built ; Joe E Brown Park; demolition scheduled EARLY-MID 2026; Condemned by Lucas County Land Bank; building still standing pending teardown.",""
"944 Islington St, Toledo, OH 43610","41.673051","-83.566558","Toledo","OH","43610","RESIDENTIAL","CONDEMNED","FARMER LILLIE M","","https://www.google.com/maps/@?api=1&map_action=pano&viewpoint=41.67305084569592,-83.56655804598273","https://gis.toledo.oh.gov/arcgis/rest/services/Demolition_Map_MIL1/MapServer/0","Parcel 1613027; Structure: ; built ; Overland; demolition scheduled TENTATIVE 2026; Condemned by Lucas County Land Bank; building still standing pending teardown.",""
"2219 Hollywood Ave, Toledo, OH 43606","41.664353","-83.566179","Toledo","OH","43606","RESIDENTIAL","CONDEMNED","WILLIAMS ALICIA JONES","","https://www.google.com/maps/@?api=1&map_action=pano&viewpoint=41.664352841542474,-83.5661788396439","https://gis.toledo.oh.gov/arcgis/rest/services/Demolition_Map_MIL1/MapServer/0","Parcel 0608984; Structure: ; built ; Old West End; demolition scheduled MID 2026; Condemned by Lucas County Land Bank; building still standing pending teardown.",""
"2435 Hollywood Ave, Toledo, OH 43620","41.669095","-83.566341","Toledo","OH","43620","RESIDENTIAL","CONDEMNED","ADAMS PROPERTIES OF TOLEDO LLC","","https://www.google.com/maps/@?api=1&map_action=pano&viewpoint=41.66909476715042,-83.5663412169926","https://gis.toledo.oh.gov/arcgis/rest/services/Demolition_Map_MIL1/MapServer/0","Parcel 0328711; Structure: ; built ; Old West End; demolition scheduled MID 2026; Condemned by Lucas County Land Bank; building still standing pending teardown.",""
"2641 Maplewood Ave, Toledo, OH 43610","41.674190","-83.563965","Toledo","OH","43610","RESIDENTIAL","CONDEMNED","FAMILY LINES LLC AN OHIO LIMITED LIABLITY COMPANY","","https://www.google.com/maps/@?api=1&map_action=pano&viewpoint=41.67418965396364,-83.56396548727383","https://gis.toledo.oh.gov/arcgis/rest/services/Demolition_Map_MIL1/MapServer/0","Parcel 0850307; Structure: ; built ; Old West End; demolition scheduled MID 2026; Condemned by Lucas County Land Bank; building still standing pending teardown.",""
"2649 Maplewood Ave, Toledo, OH 43610","41.674274","-83.563939","Toledo","OH","43610","RESIDENTIAL","CONDEMNED","FAMILY LINES LLC AN OHIO LIMITED LIABLITY COMPANY","","https://www.google.com/maps/@?api=1&map_action=pano&viewpoint=41.67427427585834,-83.56393897567968","https://gis.toledo.oh.gov/arcgis/rest/services/Demolition_Map_MIL1/MapServer/0","Parcel 0850314; Structure: ; built ; Old West End; demolition scheduled TENTATIVE 2026; Condemned by Lucas County Land Bank; building still standing pending teardown.",""
"2655 Maplewood Ave, Toledo, OH 43610","41.674407","-83.563880","Toledo","OH","43610","RESIDENTIAL","CONDEMNED","FAMILY LINES LLC AN OHIO LIMITED LIABLITY COMPANY","","https://www.google.com/maps/@?api=1&map_action=pano&viewpoint=41.674406581700524,-83.56387998771771","https://gis.toledo.oh.gov/arcgis/rest/services/Demolition_Map_MIL1/MapServer/0","Parcel 0850317; Structure: ; built ; Old West End; demolition scheduled MID 2026; Condemned by Lucas County Land Bank; building still standing pending teardown.",""
"1131 Baker St, Toledo, OH 43608","41.668544","-83.531821","Toledo","OH","43608","RESIDENTIAL","CONDEMNED","JAMES LAWRENCE E","","https://www.google.com/maps/@?api=1&map_action=pano&viewpoint=41.66854358220078,-83.53182138019675","https://gis.toledo.oh.gov/arcgis/rest/services/Demolition_Map_MIL1/MapServer/0","Parcel 1331314; Structure: Residential; built 125; 1 units; Sherman; demolition scheduled EARLY-MID 2026; Condemned by Lucas County Land Bank; building still standing pending teardown.",""
"1819 N Michigan St, Toledo, OH 43611","41.668698","-83.516145","Toledo","OH","43611","RESIDENTIAL","CONDEMNED","CURRIER JOSEPH E","","https://www.google.com/maps/@?api=1&map_action=pano&viewpoint=41.66869811440707,-83.5161448041434","https://gis.toledo.oh.gov/arcgis/rest/services/Demolition_Map_MIL1/MapServer/0","Parcel 1021171; Structure: Residential; built 125; 1 units; Vistula; demolition scheduled EARLY-MID 2026; Condemned by Lucas County Land Bank; building still standing pending teardown.",""
"119 Esther St, Toledo, OH 43605","41.659042","-83.502953","Toledo","OH","43605","RESIDENTIAL","CONDEMNED","COLLINGWOOD PROPERTIES LLC","","https://www.google.com/maps/@?api=1&map_action=pano&viewpoint=41.659042409803,-83.5029528752461","https://gis.toledo.oh.gov/arcgis/rest/services/Demolition_Map_MIL1/MapServer/0","Parcel 0232464; Structure: Residential; built 100; 1 units; Birmingham; demolition scheduled MID 2026; Condemned by Lucas County Land Bank; building still standing pending teardown.",""
"602 Forsythe St, Toledo, OH 43605","41.639737","-83.517163","Toledo","OH","43605","RESIDENTIAL","CONDEMNED","LERMA ANJEL","","https://www.google.com/maps/@?api=1&map_action=pano&viewpoint=41.63973742577296,-83.51716255235895","https://gis.toledo.oh.gov/arcgis/rest/services/Demolition_Map_MIL1/MapServer/0","Parcel 0306411; Structure: Residential; built 126; 2 units; Starr; demolition scheduled MID 2026; Condemned by Lucas County Land Bank; building still standing pending teardown.",""
"614 Nevada St, Toledo, OH 43605","41.639561","-83.520751","Toledo","OH","43605","RESIDENTIAL","CONDEMNED","RINK MATTHEW ALLEN","","https://www.google.com/maps/@?api=1&map_action=pano&viewpoint=41.6395612813704,-83.52075065310565","https://gis.toledo.oh.gov/arcgis/rest/services/Demolition_Map_MIL1/MapServer/0","Parcel 1627357; Structure: Residential; built 116; 1 units; Starr; demolition scheduled MID 2026; Condemned by Lucas County Land Bank; building still standing pending teardown.",""
"1865 Chase St, Toledo, OH 43611","41.668509","-83.513381","Toledo","OH","43611","RESIDENTIAL","CONDEMNED","","","https://www.google.com/maps/@?api=1&map_action=pano&viewpoint=41.66850904746745,-83.51338148184577","https://gis.toledo.oh.gov/arcgis/rest/services/Demolition_Map_MIL1/MapServer/0","Parcel 0611531; Structure: ; built ; North River; demolition scheduled EARLY-MID 2026; Condemned by Lucas County Land Bank; building still standing pending teardown.",""
"1026 Mott Ave, Toledo, OH 43605","41.650520","-83.515333","Toledo","OH","43605","RESIDENTIAL","CONDEMNED","","","https://www.google.com/maps/@?api=1&map_action=pano&viewpoint=41.65051987822741,-83.51533279931196","https://gis.toledo.oh.gov/arcgis/rest/services/Demolition_Map_MIL1/MapServer/0","Parcel 0710524; Structure: ; built ; Garfield; demolition scheduled MID 2026; Condemned by Lucas County Land Bank; building still standing pending teardown.",""
"308 Colburn St, Toledo, OH 43609","41.630044","-83.546579","Toledo","OH","43609","RESIDENTIAL","CONDEMNED","","","https://www.google.com/maps/@?api=1&map_action=pano&viewpoint=41.63004417436913,-83.54657871019086","https://gis.toledo.oh.gov/arcgis/rest/services/Demolition_Map_MIL1/MapServer/0","Parcel 0222011; Structure: ; built ; Old South End; demolition scheduled TENTATIVE 2026; Condemned by Lucas County Land Bank; building still standing pending teardown.",""
"3104 Enright St, Toledo, OH 43608","41.679167","-83.522661","Toledo","OH","43608","RESIDENTIAL","CONDEMNED","","","https://www.google.com/maps/@?api=1&map_action=pano&viewpoint=41.6791667209555,-83.52266078035073","https://gis.toledo.oh.gov/arcgis/rest/services/Demolition_Map_MIL1/MapServer/0","Parcel 1003841; Structure: ; built ; Polish Village; demolition scheduled EARLY-MID 2026; Condemned by Lucas County Land Bank; building still standing pending teardown.",""
"6300 North Capitol St NW, Washington, DC 20011","38.966583","-77.009262","Washington","DC","20011","RESIDENTIAL","VACANT","","","https://www.google.com/maps/@?api=1&map_action=pano&viewpoint=38.966582741830955,-77.00926242393906","https://maps2.dcgis.dc.gov/dcgis/rest/services/DCGIS_DATA/Property_and_Land_WebMercator/FeatureServer/82","SSL 3371 0040; Ward 4; NW quadrant; Type: Residential; Active vacant designation on DC Department of Buildings Vacant & Blighted Property registry.",""
"38 Sheridan St NE, Washington, DC 20011","38.966595","-77.007981","Washington","DC","20011","RESIDENTIAL","VACANT","","","https://www.google.com/maps/@?api=1&map_action=pano&viewpoint=38.96659517762317,-77.00798113859278","https://maps2.dcgis.dc.gov/dcgis/rest/services/DCGIS_DATA/Property_and_Land_WebMercator/FeatureServer/82","SSL 3726 0012; Ward 4; NE quadrant; Type: Residential; Active vacant designation on DC Department of Buildings Vacant & Blighted Property registry.",""
"813 Sheridan St NW, Washington, DC 20011","38.966327","-77.024841","Washington","DC","20011","RESIDENTIAL","VACANT","","","https://www.google.com/maps/@?api=1&map_action=pano&viewpoint=38.96632652725762,-77.02484143845889","https://maps2.dcgis.dc.gov/dcgis/rest/services/DCGIS_DATA/Property_and_Land_WebMercator/FeatureServer/82","SSL 2977 0022; Ward 4; NW quadrant; Type: Residential; Active vacant designation on DC Department of Buildings Vacant & Blighted Property registry.",""
"603 Sheridan St NW, Washington, DC 20011","38.966301","-77.021365","Washington","DC","20011","RESIDENTIAL","VACANT","","","https://www.google.com/maps/@?api=1&map_action=pano&viewpoint=38.9663014505908,-77.02136498378931","https://maps2.dcgis.dc.gov/dcgis/rest/services/DCGIS_DATA/Property_and_Land_WebMercator/FeatureServer/82","SSL 3198 0015; Ward 4; NW quadrant; Type: Residential; Active vacant designation on DC Department of Buildings Vacant & Blighted Property registry.",""
"922 Sheridan St NW, Washington, DC 20011","38.965869","-77.026797","Washington","DC","20011","RESIDENTIAL","VACANT","","","https://www.google.com/maps/@?api=1&map_action=pano&viewpoint=38.96586865659694,-77.02679699859985","https://maps2.dcgis.dc.gov/dcgis/rest/services/DCGIS_DATA/Property_and_Land_WebMercator/FeatureServer/82","SSL 2979 0809; Ward 4; NW quadrant; Type: Residential; Active vacant designation on DC Department of Buildings Vacant & Blighted Property registry.",""
"1350 Sheridan St NW, Washington, DC 20011","38.965943","-77.031767","Washington","DC","20011","RESIDENTIAL","VACANT","","","https://www.google.com/maps/@?api=1&map_action=pano&viewpoint=38.96594317123494,-77.0317672762885","https://maps2.dcgis.dc.gov/dcgis/rest/services/DCGIS_DATA/Property_and_Land_WebMercator/FeatureServer/82","SSL 2789 0057; Ward 4; NW quadrant; Type: Residential; Active vacant designation on DC Department of Buildings Vacant & Blighted Property registry.",""
"6210 8th St NW, Washington, DC 20011","38.965618","-77.024466","Washington","DC","20011","RESIDENTIAL","VACANT","","","https://www.google.com/maps/@?api=1&map_action=pano&viewpoint=38.96561756723859,-77.02446583384179","https://maps2.dcgis.dc.gov/dcgis/rest/services/DCGIS_DATA/Property_and_Land_WebMercator/FeatureServer/82","SSL 2980 0034; Ward 4; NW quadrant; Type: Residential; Active vacant designation on DC Department of Buildings Vacant & Blighted Property registry.",""
"714 Roxboro Pl NW, Washington, DC 20011","38.965390","-77.023066","Washington","DC","20011","RESIDENTIAL","VACANT","","","https://www.google.com/maps/@?api=1&map_action=pano&viewpoint=38.965390483500734,-77.02306633350256","https://maps2.dcgis.dc.gov/dcgis/rest/services/DCGIS_DATA/Property_and_Land_WebMercator/FeatureServer/82","SSL 3161 0032; Ward 4; NW quadrant; Type: Residential; Active vacant designation on DC Department of Buildings Vacant & Blighted Property registry.",""
"6211 8th St NW, Washington, DC 20011","38.965452","-77.023948","Washington","DC","20011","RESIDENTIAL","VACANT","","","https://www.google.com/maps/@?api=1&map_action=pano&viewpoint=38.96545183267193,-77.0239475702042","https://maps2.dcgis.dc.gov/dcgis/rest/services/DCGIS_DATA/Property_and_Land_WebMercator/FeatureServer/82","SSL 3161 0022; Ward 4; NW quadrant; Type: Residential; Active vacant designation on DC Department of Buildings Vacant & Blighted Property registry.",""
"6212 New Hampshire Ave NE, Washington, DC 20011","38.965642","-77.002931","Washington","DC","20011","RESIDENTIAL","VACANT","","","https://www.google.com/maps/@?api=1&map_action=pano&viewpoint=38.965642160589425,-77.00293083943355","https://maps2.dcgis.dc.gov/dcgis/rest/services/DCGIS_DATA/Property_and_Land_WebMercator/FeatureServer/82","SSL 3723 0008; Ward 4; NE quadrant; Type: Residential; Active vacant designation on DC Department of Buildings Vacant & Blighted Property registry.",""
"726 Roxboro Pl NW, Washington, DC 20011","38.965422","-77.023528","Washington","DC","20011","RESIDENTIAL","VACANT","","","https://www.google.com/maps/@?api=1&map_action=pano&viewpoint=38.96542210050061,-77.02352824101975","https://maps2.dcgis.dc.gov/dcgis/rest/services/DCGIS_DATA/Property_and_Land_WebMercator/FeatureServer/82","SSL 3161 0026; Ward 4; NW quadrant; Type: Residential; Active vacant designation on DC Department of Buildings Vacant & Blighted Property registry.",""
"6159 1st Pl NE, Washington, DC 20011","38.965155","-77.006786","Washington","DC","20011","RESIDENTIAL","VACANT","","","https://www.google.com/maps/@?api=1&map_action=pano&viewpoint=38.965155464831,-77.00678579520357","https://maps2.dcgis.dc.gov/dcgis/rest/services/DCGIS_DATA/Property_and_Land_WebMercator/FeatureServer/82","SSL 3720 0047; Ward 4; NE quadrant; Type: Residential; Active vacant designation on DC Department of Buildings Vacant & Blighted Property registry.",""
"325 Oglethorpe St NW, Washington, DC 20011","38.961539","-77.017245","Washington","DC","20011","RESIDENTIAL","VACANT","","","https://www.google.com/maps/@?api=1&map_action=pano&viewpoint=38.961539107867495,-77.01724478293043","https://maps2.dcgis.dc.gov/dcgis/rest/services/DCGIS_DATA/Property_and_Land_WebMercator/FeatureServer/82","SSL 3290 0100; Ward 4; NW quadrant; Type: Residential; Active vacant designation on DC Department of Buildings Vacant & Blighted Property registry.",""
"5410 30th St NW, Washington, DC 20015","38.961570","-77.060085","Washington","DC","20015","RESIDENTIAL","VACANT","","","https://www.google.com/maps/@?api=1&map_action=pano&viewpoint=38.96156971169268,-77.06008526782797","https://maps2.dcgis.dc.gov/dcgis/rest/services/DCGIS_DATA/Property_and_Land_WebMercator/FeatureServer/82","SSL 2294E 0041; Ward 4; NW quadrant; Type: Residential; Active vacant designation on DC Department of Buildings Vacant & Blighted Property registry.",""
"205 Oglethorpe St NW, Washington, DC 20011","38.961515","-77.014054","Washington","DC","20011","RESIDENTIAL","VACANT","","","https://www.google.com/maps/@?api=1&map_action=pano&viewpoint=38.96151530280951,-77.01405367232623","https://maps2.dcgis.dc.gov/dcgis/rest/services/DCGIS_DATA/Property_and_Land_WebMercator/FeatureServer/82","SSL 3337 0102; Ward 4; NW quadrant; Type: Residential; Active vacant designation on DC Department of Buildings Vacant & Blighted Property registry.",""
"530 Oglethorpe St NE, Washington, DC 20011","38.961492","-76.999277","Washington","DC","20011","RESIDENTIAL","VACANT","","","https://www.google.com/maps/@?api=1&map_action=pano&viewpoint=38.96149227353441,-76.99927711618889","https://maps2.dcgis.dc.gov/dcgis/rest/services/DCGIS_DATA/Property_and_Land_WebMercator/FeatureServer/82","SSL 3733 0144; Ward 4; NE quadrant; Type: Residential; Active vacant designation on DC Department of Buildings Vacant & Blighted Property registry.",""
"5909 2nd Pl NW, Washington, DC 20011","38.961601","-77.014673","Washington","DC","20011","RESIDENTIAL","VACANT","","","https://www.google.com/maps/@?api=1&map_action=pano&viewpoint=38.96160089522579,-77.01467305758774","https://maps2.dcgis.dc.gov/dcgis/rest/services/DCGIS_DATA/Property_and_Land_WebMercator/FeatureServer/82","SSL 3337 0104; Ward 4; NW quadrant; Type: Residential; Active vacant designation on DC Department of Buildings Vacant & Blighted Property registry.",""
"516 Oglethorpe St NW, Washington, DC 20011","38.961119","-77.020636","Washington","DC","20011","RESIDENTIAL","VACANT","","","https://www.google.com/maps/@?api=1&map_action=pano&viewpoint=38.96111913408777,-77.02063583875989","https://maps2.dcgis.dc.gov/dcgis/rest/services/DCGIS_DATA/Property_and_Land_WebMercator/FeatureServer/82","SSL 3203 0084; Ward 4; NW quadrant; Type: Residential; Active vacant designation on DC Department of Buildings Vacant & Blighted Property registry.",""
"518 Oglethorpe St NW, Washington, DC 20011","38.961117","-77.020703","Washington","DC","20011","RESIDENTIAL","VACANT","","","https://www.google.com/maps/@?api=1&map_action=pano&viewpoint=38.96111650988284,-77.02070264348819","https://maps2.dcgis.dc.gov/dcgis/rest/services/DCGIS_DATA/Property_and_Land_WebMercator/FeatureServer/82","SSL 3203 0083; Ward 4; NW quadrant; Type: Residential; Active vacant designation on DC Department of Buildings Vacant & Blighted Property registry.",""
"3024 Military Rd NW, Washington, DC 20015","38.960836","-77.061100","Washington","DC","20015","RESIDENTIAL","VACANT","","","https://www.google.com/maps/@?api=1&map_action=pano&viewpoint=38.9608364540288,-77.06110011235228","https://maps2.dcgis.dc.gov/dcgis/rest/services/DCGIS_DATA/Property_and_Land_WebMercator/FeatureServer/82","SSL 2287 0804; Ward 4; NW quadrant; Type: Residential; Active vacant designation on DC Department of Buildings Vacant & Blighted Property registry.",""
"1410 Oglethorpe St NW, Washington, DC 20011","38.960892","-77.034085","Washington","DC","20011","RESIDENTIAL","VACANT","","","https://www.google.com/maps/@?api=1&map_action=pano&viewpoint=38.96089249179934,-77.03408532584606","https://maps2.dcgis.dc.gov/dcgis/rest/services/DCGIS_DATA/Property_and_Land_WebMercator/FeatureServer/82","SSL 2724 0024; Ward 4; NW quadrant; Type: Residential; Active vacant designation on DC Department of Buildings Vacant & Blighted Property registry.",""
"617 Longfellow St NW, Washington, DC 20011","38.957656","-77.021508","Washington","DC","20011","RESIDENTIAL","VACANT","","","https://www.google.com/maps/@?api=1&map_action=pano&viewpoint=38.95765647210818,-77.02150764959728","https://maps2.dcgis.dc.gov/dcgis/rest/services/DCGIS_DATA/Property_and_Land_WebMercator/FeatureServer/82","SSL 3206 0068; Ward 4; NW quadrant; Type: Residential; Active vacant designation on DC Department of Buildings Vacant & Blighted Property registry.",""
"623 Longfellow St NW, Washington, DC 20011","38.957648","-77.021695","Washington","DC","20011","RESIDENTIAL","VACANT","","","https://www.google.com/maps/@?api=1&map_action=pano&viewpoint=38.957647879723936,-77.02169455481838","https://maps2.dcgis.dc.gov/dcgis/rest/services/DCGIS_DATA/Property_and_Land_WebMercator/FeatureServer/82","SSL 3206 0071; Ward 4; NW quadrant; Type: Residential; Active vacant designation on DC Department of Buildings Vacant & Blighted Property registry.",""
"5648 3rd St NE, Washington, DC 20011","38.957361","-77.003291","Washington","DC","20011","RESIDENTIAL","VACANT","","","https://www.google.com/maps/@?api=1&map_action=pano&viewpoint=38.95736059112815,-77.00329116005227","https://maps2.dcgis.dc.gov/dcgis/rest/services/DCGIS_DATA/Property_and_Land_WebMercator/FeatureServer/82","SSL 3710 0199; Ward 4; NE quadrant; Type: Non Residential; Active vacant designation on DC Department of Buildings Vacant & Blighted Property registry.",""
"236 Longfellow St NW, Washington, DC 20011","38.957491","-77.015559","Washington","DC","20011","RESIDENTIAL","VACANT","","","https://www.google.com/maps/@?api=1&map_action=pano&viewpoint=38.957490582125835,-77.01555898308357","https://maps2.dcgis.dc.gov/dcgis/rest/services/DCGIS_DATA/Property_and_Land_WebMercator/FeatureServer/82","SSL 3332 0033; Ward 4; NW quadrant; Type: Residential; Active vacant designation on DC Department of Buildings Vacant & Blighted Property registry.",""
"608 N Gray St, Indianapolis, IN 46201","39.776453","-86.111900","Indianapolis","IN","46201","RESIDENTIAL","VACANT","NEWREZ LLC DBA SHELLPOINT MORTGAGE SERVICING","","https://www.google.com/maps/@?api=1&map_action=pano&viewpoint=39.776453482355,-86.111900010475","https://gis.indy.gov/server/rest/services/OpenData/OpenData_NonSpatial/MapServer/1","Case VBO24-00192; Status: Contractor Notified; opened 2024-01-30; Active Vacant Board Order violation — Indianapolis Code Enforcement.",""
"2275 N Illinois St, Indianapolis, IN 46208","39.798630","-86.159003","Indianapolis","IN","46208","RESIDENTIAL","VACANT","CHEN KONG FU","","https://www.google.com/maps/@?api=1&map_action=pano&viewpoint=39.798630383653,-86.159003246893","https://gis.indy.gov/server/rest/services/OpenData/OpenData_NonSpatial/MapServer/1","Case VBO24-00194; Status: Contractor Notified; opened 2024-01-30; Active Vacant Board Order violation — Indianapolis Code Enforcement.",""
"526 N Oakland Ave, Indianapolis, IN 46201","39.775024","-86.113107","Indianapolis","IN","46201","RESIDENTIAL","VACANT","ALAN INVESTMENTS III LLC","","https://www.google.com/maps/@?api=1&map_action=pano&viewpoint=39.775024323156,-86.113106664187","https://gis.indy.gov/server/rest/services/OpenData/OpenData_NonSpatial/MapServer/1","Case VBO24-00200; Status: Contractor Notified; opened 2024-01-30; Active Vacant Board Order violation — Indianapolis Code Enforcement.",""
"1341 E Minnesota St, Indianapolis, IN 46203","39.744981","-86.135535","Indianapolis","IN","46203","RESIDENTIAL","VACANT","DC CAPITAL MULTI II LLC","","https://www.google.com/maps/@?api=1&map_action=pano&viewpoint=39.744980808448,-86.135534844532","https://gis.indy.gov/server/rest/services/OpenData/OpenData_NonSpatial/MapServer/1","Case VBO24-00204; Status: Contractor Notified; opened 2024-01-31; Active Vacant Board Order violation — Indianapolis Code Enforcement.",""
"865 N Gladstone Ave, Indianapolis, IN 46201","39.778985","-86.096258","Indianapolis","IN","46201","RESIDENTIAL","VACANT","SULLIVAN JEFFREY","","https://www.google.com/maps/@?api=1&map_action=pano&viewpoint=39.778985391052,-86.096257745631","https://gis.indy.gov/server/rest/services/OpenData/OpenData_NonSpatial/MapServer/1","Case VBO24-00205; Status: Contractor Notified; opened 2024-01-31; Active Vacant Board Order violation — Indianapolis Code Enforcement.",""
"1629 Minocqua St, Indianapolis, IN 46203","39.745889","-86.112632","Indianapolis","IN","46203","RESIDENTIAL","VACANT","WILLIAMS BRANDI & DERRICK HATTER & SEAN C/O ROBERTA M WEBB","","https://www.google.com/maps/@?api=1&map_action=pano&viewpoint=39.745889324182,-86.112632166865","https://gis.indy.gov/server/rest/services/OpenData/OpenData_NonSpatial/MapServer/1","Case VBO24-00210; Status: Contractor Notified; opened 2024-01-31; Active Vacant Board Order violation — Indianapolis Code Enforcement.",""
"7020 Twin Oaks Dr, Indianapolis, IN 46226","39.822276","-86.045507","Indianapolis","IN","46226","RESIDENTIAL","CONDEMNED","WEST END VENTURES LLC","","https://www.google.com/maps/@?api=1&map_action=pano&viewpoint=39.822275641444,-86.04550708643","https://gis.indy.gov/server/rest/services/OpenData/OpenData_NonSpatial/MapServer/1","Case VBO24-00211; Status: NOV Issued; opened 2024-01-31; Active Vacant Board Order violation — Indianapolis Code Enforcement.",""
"350 N Hamilton Ave, Indianapolis, IN 46201","39.772001","-86.125514","Indianapolis","IN","46201","RESIDENTIAL","VACANT","B & D TRAINING SERVICES INC","","https://www.google.com/maps/@?api=1&map_action=pano&viewpoint=39.772000705119,-86.125514461951","https://gis.indy.gov/server/rest/services/OpenData/OpenData_NonSpatial/MapServer/1","Case VBO24-00212; Status: Contractor Notified; opened 2024-01-31; Active Vacant Board Order violation — Indianapolis Code Enforcement.",""
"302 N Tacoma Ave, Indianapolis, IN 46201","39.771866","-86.119972","Indianapolis","IN","46201","RESIDENTIAL","VACANT","LEPG II LLC","","https://www.google.com/maps/@?api=1&map_action=pano&viewpoint=39.771865791555,-86.11997153355","https://gis.indy.gov/server/rest/services/OpenData/OpenData_NonSpatial/MapServer/1","Case VBO24-00213; Status: Contractor Notified; opened 2024-01-31; Active Vacant Board Order violation — Indianapolis Code Enforcement.",""
"3417 W Michigan St, Indianapolis, IN 46222","39.773931","-86.216738","Indianapolis","IN","46222","RESIDENTIAL","VACANT","WARD ANDREW & JORDAN ALLEN","","https://www.google.com/maps/@?api=1&map_action=pano&viewpoint=39.773931151449,-86.21673817569","https://gis.indy.gov/server/rest/services/OpenData/OpenData_NonSpatial/MapServer/1","Case VBO24-00216; Status: Contractor Notified; opened 2024-01-31; Active Vacant Board Order violation — Indianapolis Code Enforcement.",""
"2605 Station St, Indianapolis, IN 46218","39.804619","-86.104036","Indianapolis","IN","46218","RESIDENTIAL","VACANT","LAVERTU SHELLEY & RODNEY LAVERTU","","https://www.google.com/maps/@?api=1&map_action=pano&viewpoint=39.804619220615,-86.104036212797","https://gis.indy.gov/server/rest/services/OpenData/OpenData_NonSpatial/MapServer/1","Case VBO24-00218; Status: Contractor Notified; opened 2024-01-31; Active Vacant Board Order violation — Indianapolis Code Enforcement.",""
"1401 Dr M L King Jr St, Indianapolis, IN 46222","39.786062","-86.204049","Indianapolis","IN","46222","RESIDENTIAL","VACANT","JMK DEVELOPMENT LLC","","https://www.google.com/maps/@?api=1&map_action=pano&viewpoint=39.786062215008,-86.204049425315","https://gis.indy.gov/server/rest/services/OpenData/OpenData_NonSpatial/MapServer/1","Case VBO24-00220; Status: Contractor Notified; opened 2024-02-01; Active Vacant Board Order violation — Indianapolis Code Enforcement.",""
"225 N Gray St, Indianapolis, IN 46201","39.771080","-86.111670","Indianapolis","IN","46201","RESIDENTIAL","VACANT","GOLDEN RATIO LLC","","https://www.google.com/maps/@?api=1&map_action=pano&viewpoint=39.771079833452,-86.111670270794","https://gis.indy.gov/server/rest/services/OpenData/OpenData_NonSpatial/MapServer/1","Case VBO24-00222; Status: Contractor Notified; opened 2024-02-01; Active Vacant Board Order violation — Indianapolis Code Enforcement.",""
"2621 W Washington St, Indianapolis, IN 46222","39.765435","-86.204389","Indianapolis","IN","46222","RESIDENTIAL","VACANT","PUREWAL HOLDINGS INC","","https://www.google.com/maps/@?api=1&map_action=pano&viewpoint=39.76543545352,-86.204388508113","https://gis.indy.gov/server/rest/services/OpenData/OpenData_NonSpatial/MapServer/1","Case VBO24-00224; Status: Contractor Notified; opened 2024-02-01; Active Vacant Board Order violation — Indianapolis Code Enforcement.",""
"817 N Linwood Ave, Indianapolis, IN 46201","39.777980","-86.092618","Indianapolis","IN","46201","RESIDENTIAL","VACANT","DC CAPITAL MULTI II LLC","","https://www.google.com/maps/@?api=1&map_action=pano&viewpoint=39.777979772037,-86.092617605682","https://gis.indy.gov/server/rest/services/OpenData/OpenData_NonSpatial/MapServer/1","Case VBO24-00225; Status: Contractor Notified; opened 2024-02-01; Active Vacant Board Order violation — Indianapolis Code Enforcement.",""
"901 N Sherman Dr, Indianapolis, IN 46201","39.779250","-86.102269","Indianapolis","IN","46201","RESIDENTIAL","VACANT","CB12 LLC","","https://www.google.com/maps/@?api=1&map_action=pano&viewpoint=39.779249694073,-86.102269107521","https://gis.indy.gov/server/rest/services/OpenData/OpenData_NonSpatial/MapServer/1","Case VBO24-00226; Status: Contractor Notified; opened 2024-02-01; Active Vacant Board Order violation — Indianapolis Code Enforcement.",""
"815 N Parker Ave, Indianapolis, IN 46201","39.779022","-86.114184","Indianapolis","IN","46201","RESIDENTIAL","VACANT","631 EAST 3RD STREET INVESTMENTS LLC","","https://www.google.com/maps/@?api=1&map_action=pano&viewpoint=39.779021662508,-86.114183932316","https://gis.indy.gov/server/rest/services/OpenData/OpenData_NonSpatial/MapServer/1","Case VBO24-00227; Status: Contractor Notified; opened 2024-02-01; Active Vacant Board Order violation — Indianapolis Code Enforcement.",""
"50 N Hamilton Ave, Indianapolis, IN 46201","39.768299","-86.125502","Indianapolis","IN","46201","RESIDENTIAL","VACANT","REAL CAPITAL ENTERPRISESS LLC","","https://www.google.com/maps/@?api=1&map_action=pano&viewpoint=39.768298868508,-86.125502153126","https://gis.indy.gov/server/rest/services/OpenData/OpenData_NonSpatial/MapServer/1","Case VBO24-00228; Status: Contractor Notified; opened 2024-02-02; Active Vacant Board Order violation — Indianapolis Code Enforcement.",""
"427 N Forest Ave, Indianapolis, IN 46201","39.773425","-86.120826","Indianapolis","IN","46201","RESIDENTIAL","VACANT","1747 INVESTMENTS INC","","https://www.google.com/maps/@?api=1&map_action=pano&viewpoint=39.773425351336,-86.120825656947","https://gis.indy.gov/server/rest/services/OpenData/OpenData_NonSpatial/MapServer/1","Case VBO24-00232; Status: Contractor Notified; opened 2024-02-02; Active Vacant Board Order violation — Indianapolis Code Enforcement.",""
"438 N Hamilton Ave, Indianapolis, IN 46201","39.773374","-86.125520","Indianapolis","IN","46201","RESIDENTIAL","VACANT","SENSATIONAL TASTE LLC","","https://www.google.com/maps/@?api=1&map_action=pano&viewpoint=39.773373775624,-86.125520247245","https://gis.indy.gov/server/rest/services/OpenData/OpenData_NonSpatial/MapServer/1","Case VBO24-00233; Status: Contractor Notified; opened 2024-02-02; Active Vacant Board Order violation — Indianapolis Code Enforcement.",""
"2548 Madison Ave, Indianapolis, IN 46225","39.730658","-86.154044","Indianapolis","IN","46225","RESIDENTIAL","VACANT","MILLS THOMAS C","","https://www.google.com/maps/@?api=1&map_action=pano&viewpoint=39.730658042169,-86.154044069466","https://gis.indy.gov/server/rest/services/OpenData/OpenData_NonSpatial/MapServer/1","Case VBO24-00235; Status: Contractor Notified; opened 2024-02-02; Active Vacant Board Order violation — Indianapolis Code Enforcement.",""
"2540 Madison Ave, Indianapolis, IN 46225","39.730778","-86.154051","Indianapolis","IN","46225","RESIDENTIAL","VACANT","MILLS THOMAS C","","https://www.google.com/maps/@?api=1&map_action=pano&viewpoint=39.730777999372,-86.154050573159","https://gis.indy.gov/server/rest/services/OpenData/OpenData_NonSpatial/MapServer/1","Case VBO24-00236; Status: Contractor Notified; opened 2024-02-02; Active Vacant Board Order violation — Indianapolis Code Enforcement.",""
"4705 E Morris St, Indianapolis, IN 46203","39.751975","-86.089928","Indianapolis","IN","46203","RESIDENTIAL","VACANT","TOWD POINT MASTER FUNDING TRUST 2021 PMI","","https://www.google.com/maps/@?api=1&map_action=pano&viewpoint=39.751975256102,-86.089927596081","https://gis.indy.gov/server/rest/services/OpenData/OpenData_NonSpatial/MapServer/1","Case VBO24-00237; Status: Contractor Notified; opened 2024-02-05; Active Vacant Board Order violation — Indianapolis Code Enforcement.",""
"502 Harris Ave, Indianapolis, IN 46222","39.759871","-86.207459","Indianapolis","IN","46222","RESIDENTIAL","VACANT","HARRIS CORNER LLC","","https://www.google.com/maps/@?api=1&map_action=pano&viewpoint=39.759871457732,-86.207459481841","https://gis.indy.gov/server/rest/services/OpenData/OpenData_NonSpatial/MapServer/1","Case VBO24-00241; Status: Contractor Notified; opened 2024-02-05; Active Vacant Board Order violation — Indianapolis Code Enforcement.",""
"612 S Cole St, Indianapolis, IN 46241","39.757187","-86.241628","Indianapolis","IN","46241","RESIDENTIAL","VACANT","FORT PECK LAKE LLC","","https://www.google.com/maps/@?api=1&map_action=pano&viewpoint=39.757186704685,-86.241627926246","https://gis.indy.gov/server/rest/services/OpenData/OpenData_NonSpatial/MapServer/1","Case VBO24-00243; Status: Contractor Notified; opened 2024-02-05; Active Vacant Board Order violation — Indianapolis Code Enforcement.",""
"706 Longfellow St NW, Washington, DC 20011","38.957272","-77.022749","Washington","DC","20011","RESIDENTIAL","VACANT","","","https://www.google.com/maps/@?api=1&map_action=pano&viewpoint=38.95727194470789,-77.02274861797191","https://maps2.dcgis.dc.gov/dcgis/rest/services/DCGIS_DATA/Property_and_Land_WebMercator/FeatureServer/82","SSL 3153 0061; Ward 4; NW quadrant; Type: Residential; Active vacant designation on DC Department of Buildings Vacant & Blighted Property registry.",""
"4501 Harrison St NW, Washington, DC 20015","38.957213","-77.088821","Washington","DC","20015","RESIDENTIAL","VACANT","","","https://www.google.com/maps/@?api=1&map_action=pano&viewpoint=38.957212673606634,-77.08882069671682","https://maps2.dcgis.dc.gov/dcgis/rest/services/DCGIS_DATA/Property_and_Land_WebMercator/FeatureServer/82","SSL 1577 0011; Ward 3; NW quadrant; Type: Residential; Active vacant designation on DC Department of Buildings Vacant & Blighted Property registry.",""
"500 Longfellow St NW, Washington, DC 20011","38.957379","-77.020163","Washington","DC","20011","RESIDENTIAL","VACANT","","","https://www.google.com/maps/@?api=1&map_action=pano&viewpoint=38.957379257168114,-77.02016344999905","https://maps2.dcgis.dc.gov/dcgis/rest/services/DCGIS_DATA/Property_and_Land_WebMercator/FeatureServer/82","SSL 3207 0060; Ward 4; NW quadrant; Type: Residential; Active vacant designation on DC Department of Buildings Vacant & Blighted Property registry.",""
"5208 Linnean Ave NW, Washington, DC 20015","38.957067","-77.064307","Washington","DC","20015","RESIDENTIAL","VACANT","","","https://www.google.com/maps/@?api=1&map_action=pano&viewpoint=38.9570674789317,-77.0643067091891","https://maps2.dcgis.dc.gov/dcgis/rest/services/DCGIS_DATA/Property_and_Land_WebMercator/FeatureServer/82","SSL 2030 0008; Ward 3; NW quadrant; Type: Residential; Active vacant designation on DC Department of Buildings Vacant & Blighted Property registry.",""
"1334 Longfellow St NW, Washington, DC 20011","38.957077","-77.031528","Washington","DC","20011","RESIDENTIAL","VACANT","","","https://www.google.com/maps/@?api=1&map_action=pano&viewpoint=38.95707721990014,-77.03152830717559","https://maps2.dcgis.dc.gov/dcgis/rest/services/DCGIS_DATA/Property_and_Land_WebMercator/FeatureServer/82","SSL 2801 0044; Ward 4; NW quadrant; Type: Residential; Active vacant designation on DC Department of Buildings Vacant & Blighted Property registry.",""
"5511 Blair Rd NE, Washington, DC 20011","38.957102","-77.007635","Washington","DC","20011","RESIDENTIAL","VACANT","","","https://www.google.com/maps/@?api=1&map_action=pano&viewpoint=38.957102121162734,-77.00763510616079","https://maps2.dcgis.dc.gov/dcgis/rest/services/DCGIS_DATA/Property_and_Land_WebMercator/FeatureServer/82","SSL 3707 0100; Ward 4; NE quadrant; Type: Residential; Active vacant designation on DC Department of Buildings Vacant & Blighted Property registry.",""
"835 Kennedy St NE, Washington, DC 20011","38.957011","-76.992105","Washington","DC","20011","RESIDENTIAL","VACANT","","","https://www.google.com/maps/@?api=1&map_action=pano&viewpoint=38.95701094052002,-76.99210458073965","https://maps2.dcgis.dc.gov/dcgis/rest/services/DCGIS_DATA/Property_and_Land_WebMercator/FeatureServer/82","SSL 3746 0841; Ward 5; NE quadrant; Type: Residential; Active vacant designation on DC Department of Buildings Vacant & Blighted Property registry.",""
"5808 Georgia Ave NW, Washington, DC 20011","38.960546","-77.028308","Washington","DC","20011","RESIDENTIAL","VACANT","","","https://www.google.com/maps/@?api=1&map_action=pano&viewpoint=38.96054649485306,-77.02830762777553","https://maps2.dcgis.dc.gov/dcgis/rest/services/DCGIS_DATA/Property_and_Land_WebMercator/FeatureServer/82","SSL 2937 0840; Ward 4; NW quadrant; Type: Non Residential; Active vacant designation on DC Department of Buildings Vacant & Blighted Property registry.",""
"5810 Georgia Ave NW, Washington, DC 20011","38.960581","-77.028289","Washington","DC","20011","RESIDENTIAL","VACANT","","","https://www.google.com/maps/@?api=1&map_action=pano&viewpoint=38.96058127119378,-77.02828918079753","https://maps2.dcgis.dc.gov/dcgis/rest/services/DCGIS_DATA/Property_and_Land_WebMercator/FeatureServer/82","SSL 2937 0848; Ward 4; NW quadrant; Type: Residential; Active vacant designation on DC Department of Buildings Vacant & Blighted Property registry.",""
"5810 1/2 Georgia Ave NW, Washington, DC 20011","38.960602","-77.028287","Washington","DC","20011","RESIDENTIAL","VACANT","","","https://www.google.com/maps/@?api=1&map_action=pano&viewpoint=38.96060172055147,-77.02828665055519","https://maps2.dcgis.dc.gov/dcgis/rest/services/DCGIS_DATA/Property_and_Land_WebMercator/FeatureServer/82","SSL 2937 0848; Ward 4; NW quadrant; Type: Non Residential; Active vacant designation on DC Department of Buildings Vacant & Blighted Property registry.",""
"5812 Georgia Ave NW, Washington, DC 20011","38.960622","-77.028283","Washington","DC","20011","RESIDENTIAL","VACANT","","","https://www.google.com/maps/@?api=1&map_action=pano&viewpoint=38.96062226018695,-77.02828331268718","https://maps2.dcgis.dc.gov/dcgis/rest/services/DCGIS_DATA/Property_and_Land_WebMercator/FeatureServer/82","SSL 2937 0848; Ward 4; NW quadrant; Type: Residential; Active vacant designation on DC Department of Buildings Vacant & Blighted Property registry.",""
"5812 1/2 Georgia Ave NW, Washington, DC 20011","38.960644","-77.028280","Washington","DC","20011","RESIDENTIAL","VACANT","","","https://www.google.com/maps/@?api=1&map_action=pano&viewpoint=38.96064370073168,-77.02827962903456","https://maps2.dcgis.dc.gov/dcgis/rest/services/DCGIS_DATA/Property_and_Land_WebMercator/FeatureServer/82","SSL 2937 0848; Ward 4; NW quadrant; Type: Non Residential; Active vacant designation on DC Department of Buildings Vacant & Blighted Property registry.",""
"33 Nicholson St NW, Washington, DC 20011","38.960344","-77.010576","Washington","DC","20011","RESIDENTIAL","VACANT","","","https://www.google.com/maps/@?api=1&map_action=pano&viewpoint=38.960343875121225,-77.01057555535661","https://maps2.dcgis.dc.gov/dcgis/rest/services/DCGIS_DATA/Property_and_Land_WebMercator/FeatureServer/82","SSL 3383 0809; Ward 4; NW quadrant; Type: Residential; Active vacant designation on DC Department of Buildings Vacant & Blighted Property registry.",""
"1361 Nicholson St NW, Washington, DC 20011","38.960415","-77.032251","Washington","DC","20011","RESIDENTIAL","VACANT","","","https://www.google.com/maps/@?api=1&map_action=pano&viewpoint=38.96041548444779,-77.03225090696387","https://maps2.dcgis.dc.gov/dcgis/rest/services/DCGIS_DATA/Property_and_Land_WebMercator/FeatureServer/82","SSL 2794 0013; Ward 4; NW quadrant; Type: Residential; Active vacant designation on DC Department of Buildings Vacant & Blighted Property registry.",""
"5830 Eastern Ave NE, Washington, DC 20011","38.959903","-76.995376","Washington","DC","20011","RESIDENTIAL","VACANT","","","https://www.google.com/maps/@?api=1&map_action=pano&viewpoint=38.95990321790172,-76.99537605824682","https://maps2.dcgis.dc.gov/dcgis/rest/services/DCGIS_DATA/Property_and_Land_WebMercator/FeatureServer/82","SSL 3735 0062; Ward 4; NE quadrant; Type: Residential; Active vacant designation on DC Department of Buildings Vacant & Blighted Property registry.",""
"14 Nicholson St NW, Washington, DC 20011","38.959977","-77.010030","Washington","DC","20011","RESIDENTIAL","VACANT","","","https://www.google.com/maps/@?api=1&map_action=pano&viewpoint=38.95997728710996,-77.01002975846093","https://maps2.dcgis.dc.gov/dcgis/rest/services/DCGIS_DATA/Property_and_Land_WebMercator/FeatureServer/82","SSL 3384 0157; Ward 4; NW quadrant; Type: Residential; Active vacant designation on DC Department of Buildings Vacant & Blighted Property registry.",""
"5826 Eastern Ave NE, Washington, DC 20011","38.959818","-76.995268","Washington","DC","20011","RESIDENTIAL","VACANT","","","https://www.google.com/maps/@?api=1&map_action=pano&viewpoint=38.959818085518805,-76.9952676077857","https://maps2.dcgis.dc.gov/dcgis/rest/services/DCGIS_DATA/Property_and_Land_WebMercator/FeatureServer/82","SSL 3735 0064; Ward 4; NE quadrant; Type: Residential; Active vacant designation on DC Department of Buildings Vacant & Blighted Property registry.",""
"5728 8th St NW, Washington, DC 20011","38.959547","-77.024463","Washington","DC","20011","RESIDENTIAL","VACANT","","","https://www.google.com/maps/@?api=1&map_action=pano&viewpoint=38.959547265674786,-77.02446271154913","https://maps2.dcgis.dc.gov/dcgis/rest/services/DCGIS_DATA/Property_and_Land_WebMercator/FeatureServer/82","SSL 2989 0150; Ward 4; NW quadrant; Type: Residential; Active vacant designation on DC Department of Buildings Vacant & Blighted Property registry.",""
"31 Mcdonald Pl NE, Washington, DC 20011","38.959502","-77.007434","Washington","DC","20011","RESIDENTIAL","VACANT","","","https://www.google.com/maps/@?api=1&map_action=pano&viewpoint=38.95950220525206,-77.00743414376613","https://maps2.dcgis.dc.gov/dcgis/rest/services/DCGIS_DATA/Property_and_Land_WebMercator/FeatureServer/82","SSL 3709 0117; Ward 4; NE quadrant; Type: Residential; Active vacant designation on DC Department of Buildings Vacant & Blighted Property registry.",""
"5718 3rd Pl NW, Washington, DC 20011","38.959496","-77.017331","Washington","DC","20011","RESIDENTIAL","VACANT","","","https://www.google.com/maps/@?api=1&map_action=pano&viewpoint=38.95949611236174,-77.01733082220785","https://maps2.dcgis.dc.gov/dcgis/rest/services/DCGIS_DATA/Property_and_Land_WebMercator/FeatureServer/82","SSL 3292 0025; Ward 4; NW quadrant; Type: Residential; Active vacant designation on DC Department of Buildings Vacant & Blighted Property registry.",""
"5707 3rd St NE, Washington, DC 20011","38.959614","-77.002514","Washington","DC","20011","RESIDENTIAL","VACANT","","","https://www.google.com/maps/@?api=1&map_action=pano&viewpoint=38.95961411705658,-77.00251442158745","https://maps2.dcgis.dc.gov/dcgis/rest/services/DCGIS_DATA/Property_and_Land_WebMercator/FeatureServer/82","SSL 3713 0031; Ward 4; NE quadrant; Type: Residential; Active vacant designation on DC Department of Buildings Vacant & Blighted Property registry.",""
"5725 13th St NW, Washington, DC 20011","38.959241","-77.029394","Washington","DC","20011","RESIDENTIAL","VACANT","","","https://www.google.com/maps/@?api=1&map_action=pano&viewpoint=38.95924129026754,-77.02939431413965","https://maps2.dcgis.dc.gov/dcgis/rest/services/DCGIS_DATA/Property_and_Land_WebMercator/FeatureServer/82","SSL 2935 0036; Ward 4; NW quadrant; Type: Residential; Active vacant designation on DC Department of Buildings Vacant & Blighted Property registry.",""
"5300 41st St NW, Washington, DC 20015","38.959245","-77.080514","Washington","DC","20015","RESIDENTIAL","VACANT","","","https://www.google.com/maps/@?api=1&map_action=pano&viewpoint=38.959245278221765,-77.08051441098976","https://maps2.dcgis.dc.gov/dcgis/rest/services/DCGIS_DATA/Property_and_Land_WebMercator/FeatureServer/82","SSL 1742 0073; Ward 3; NW quadrant; Type: Residential; Active vacant designation on DC Department of Buildings Vacant & Blighted Property registry.",""
"810 Marietta Pl NW, Washington, DC 20011","38.959048","-77.024792","Washington","DC","20011","RESIDENTIAL","VACANT","","","https://www.google.com/maps/@?api=1&map_action=pano&viewpoint=38.95904822886836,-77.02479159677745","https://maps2.dcgis.dc.gov/dcgis/rest/services/DCGIS_DATA/Property_and_Land_WebMercator/FeatureServer/82","SSL 2989 0116; Ward 4; NW quadrant; Type: Residential; Active vacant designation on DC Department of Buildings Vacant & Blighted Property registry.",""
"5725 6th St NE, Washington, DC 20011","38.958860","-76.997963","Washington","DC","20011","RESIDENTIAL","VACANT","","","https://www.google.com/maps/@?api=1&map_action=pano&viewpoint=38.9588599549025,-76.99796253553161","https://maps2.dcgis.dc.gov/dcgis/rest/services/DCGIS_DATA/Property_and_Land_WebMercator/FeatureServer/82","SSL 3740 0016; Ward 4; NE quadrant; Type: Residential; Active vacant designation on DC Department of Buildings Vacant & Blighted Property registry.",""
"79 Glenwood Ave, Rochester, NY 14613","43.177478","-77.631687","Rochester","NY","14613","RESIDENTIAL","CHRONICALLY VACANT","GLENPOST GLOBAL LLC","","https://www.google.com/maps/@?api=1&map_action=pano&viewpoint=43.177478038990124,-77.6316868589642","https://maps.cityofrochester.gov/arcgis/rest/services/NBD/Building_Blocks_Code_Enforcement/FeatureServer/6","Parcel 10527000020260000000; Single Family Residence; NBD status: Red vacant Over a Year Old; status set 2025-04-06; Tracked on Rochester NBD Vacant Status Red registry (Building Blocks Code Enforcement).",""
"30 Oriole St, Rochester, NY 14613","43.176525","-77.641666","Rochester","NY","14613","RESIDENTIAL","CHRONICALLY VACANT","A&E REAL ESTATE GROUP LLC","","https://www.google.com/maps/@?api=1&map_action=pano&viewpoint=43.17652450432475,-77.64166573800718","https://maps.cityofrochester.gov/arcgis/rest/services/NBD/Building_Blocks_Code_Enforcement/FeatureServer/6","Parcel 10533000020180000000; 1 Family Residential; NBD status: Red vacant Over a Year Old; status set 2024-07-22; Tracked on Rochester NBD Vacant Status Red registry (Building Blocks Code Enforcement).",""
"39-39.5 Locust St, Rochester, NY 14613","43.174071","-77.634209","Rochester","NY","14613","RESIDENTIAL","CHRONICALLY VACANT","TEA ROCHESTER PROPERTIES","","https://www.google.com/maps/@?api=1&map_action=pano&viewpoint=43.17407140309299,-77.63420944845221","https://maps.cityofrochester.gov/arcgis/rest/services/NBD/Building_Blocks_Code_Enforcement/FeatureServer/6","Parcel 10543000010030000000; Two Family Residence; NBD status: Red vacant Over a Year Old; status set 2024-03-01; Tracked on Rochester NBD Vacant Status Red registry (Building Blocks Code Enforcement).",""
"186-188 Emerson St, Rochester, NY 14613","43.173822","-77.634559","Rochester","NY","14613","RESIDENTIAL","CHRONICALLY VACANT","BURKE SAVOY","","https://www.google.com/maps/@?api=1&map_action=pano&viewpoint=43.17382208985316,-77.63455905895565","https://maps.cityofrochester.gov/arcgis/rest/services/NBD/Building_Blocks_Code_Enforcement/FeatureServer/6","Parcel 10543000010530000000; 3 Family Res; NBD status: Red vacant Over a Year Old; status set 2023-11-09; Tracked on Rochester NBD Vacant Status Red registry (Building Blocks Code Enforcement).",""
"89 Sterling St, Rochester, NY 14606","43.170932","-77.645856","Rochester","NY","14606","RESIDENTIAL","VACANT","JOHNSON JOYCE","","https://www.google.com/maps/@?api=1&map_action=pano&viewpoint=43.17093231257007,-77.64585581899735","https://maps.cityofrochester.gov/arcgis/rest/services/NBD/Building_Blocks_Code_Enforcement/FeatureServer/6","Parcel 10549000010580000000; 1 Family Residential; NBD status: Red vacant; status set 2025-10-07; Tracked on Rochester NBD Vacant Status Red registry (Building Blocks Code Enforcement).",""
"27 Petrel St, Rochester, NY 14608","43.170752","-77.630653","Rochester","NY","14608","RESIDENTIAL","ABANDONED","NEMI GARY GOLUBKOV SERGEI","","https://www.google.com/maps/@?api=1&map_action=pano&viewpoint=43.170752161453585,-77.63065324979156","https://maps.cityofrochester.gov/arcgis/rest/services/NBD/Building_Blocks_Code_Enforcement/FeatureServer/6","Parcel 10551000020460000000; 1 Family Residential; NBD status: Green vacant; status set 2025-10-06; Tracked on Rochester NBD Vacant Status Red registry (Building Blocks Code Enforcement).",""
"33 Petrel St, Rochester, NY 14608","43.170790","-77.630326","Rochester","NY","14608","RESIDENTIAL","VACANT","ANGE ROY","","https://www.google.com/maps/@?api=1&map_action=pano&viewpoint=43.17079013762403,-77.6303263533439","https://maps.cityofrochester.gov/arcgis/rest/services/NBD/Building_Blocks_Code_Enforcement/FeatureServer/6","Parcel 10551000020490000000; 1 Family Residential; NBD status: Red vacant; status set 2025-10-03; Tracked on Rochester NBD Vacant Status Red registry (Building Blocks Code Enforcement).",""
"212 Saratoga Ave, Rochester, NY 14608","43.168911","-77.632218","Rochester","NY","14608","RESIDENTIAL","VACANT","WHITFIELD JOSEPH N","","https://www.google.com/maps/@?api=1&map_action=pano&viewpoint=43.16891121513052,-77.632217551465","https://maps.cityofrochester.gov/arcgis/rest/services/NBD/Building_Blocks_Code_Enforcement/FeatureServer/6","Parcel 10551000030480000000; 1 Family Residential; NBD status: Red vacant; status set 2025-11-04; Tracked on Rochester NBD Vacant Status Red registry (Building Blocks Code Enforcement).",""
"24 Spencer St, Rochester, NY 14608","43.168278","-77.622834","Rochester","NY","14608","WAREHOUSE","CHRONICALLY VACANT","DANCE HALL ENTERTAINMENT LLC","","https://www.google.com/maps/@?api=1&map_action=pano&viewpoint=43.16827777600107,-77.62283350807454","https://maps.cityofrochester.gov/arcgis/rest/services/NBD/Building_Blocks_Code_Enforcement/FeatureServer/6","Parcel 10552000010130000000; Other Storage; NBD status: Red vacant Over a Year Old; status set 2024-05-04; Tracked on Rochester NBD Vacant Status Red registry (Building Blocks Code Enforcement).",""
"41 Otis St, Rochester, NY 14606","43.168727","-77.639995","Rochester","NY","14606","RESIDENTIAL","CHRONICALLY VACANT","WESTSIDE PROPERTY MGMNT","","https://www.google.com/maps/@?api=1&map_action=pano&viewpoint=43.16872667753279,-77.63999471275817","https://maps.cityofrochester.gov/arcgis/rest/services/NBD/Building_Blocks_Code_Enforcement/FeatureServer/6","Parcel 10558000010030000000; 2 Family Residential; NBD status: Red vacant Over a Year Old; status set 2024-05-31; Tracked on Rochester NBD Vacant Status Red registry (Building Blocks Code Enforcement).",""
"200-202 Sherman St, Rochester, NY 14606","43.168499","-77.638187","Rochester","NY","14606","RESIDENTIAL","VACANT","COHEN CHARMAINE","","https://www.google.com/maps/@?api=1&map_action=pano&viewpoint=43.168499121408566,-77.63818653035611","https://maps.cityofrochester.gov/arcgis/rest/services/NBD/Building_Blocks_Code_Enforcement/FeatureServer/6","Parcel 10558000020040000000; 2 Family Residential; NBD status: Red vacant; status set 2025-10-06; Tracked on Rochester NBD Vacant Status Red registry (Building Blocks Code Enforcement).",""
"513 Lyell Ave, Rochester, NY 14606","43.164363","-77.642679","Rochester","NY","14606","COMMERCIAL","CONDEMNED","513 LYELL AVE LLC","","https://www.google.com/maps/@?api=1&map_action=pano&viewpoint=43.16436251363346,-77.64267889294399","https://maps.cityofrochester.gov/arcgis/rest/services/NBD/Building_Blocks_Code_Enforcement/FeatureServer/6","Parcel 10565000020270000000; Auto Dealer; NBD status: Red Vacant with Placard; status set 2025-10-06; Tracked on Rochester NBD Vacant Status Red registry (Building Blocks Code Enforcement).",""
"280 Lyell Ave, Rochester, NY 14608","43.165101","-77.633433","Rochester","NY","14608","WAREHOUSE","CHRONICALLY VACANT","280 LYELL AVE INC","","https://www.google.com/maps/@?api=1&map_action=pano&viewpoint=43.16510119498032,-77.6334327591532","https://maps.cityofrochester.gov/arcgis/rest/services/NBD/Building_Blocks_Code_Enforcement/FeatureServer/6","Parcel 10567000010560010000; Distribution Facility; NBD status: Red vacant Over a Year Old; status set 2024-04-12; Tracked on Rochester NBD Vacant Status Red registry (Building Blocks Code Enforcement).",""
"707 N Plymouth Ave, Rochester, NY 14608","43.164971","-77.626830","Rochester","NY","14608","RESIDENTIAL","CONDEMNED","MAJOR CHRISTOPHER N","","https://www.google.com/maps/@?api=1&map_action=pano&viewpoint=43.1649706234794,-77.62683022280976","https://maps.cityofrochester.gov/arcgis/rest/services/NBD/Building_Blocks_Code_Enforcement/FeatureServer/6","Parcel 10568000010720000000; 1 Family Residential; NBD status: Red Vacant with Placard; status set 2026-03-17; Tracked on Rochester NBD Vacant Status Red registry (Building Blocks Code Enforcement).",""
"286 Smith St, Rochester, NY 14608","43.164288","-77.623875","Rochester","NY","14608","RESIDENTIAL","VACANT","ROC CITY HOLDINGS LLC","","https://www.google.com/maps/@?api=1&map_action=pano&viewpoint=43.16428849215733,-77.62387452506495","https://maps.cityofrochester.gov/arcgis/rest/services/NBD/Building_Blocks_Code_Enforcement/FeatureServer/6","Parcel 10568000020150000000; Apartment; NBD status: Red vacant; status set 2025-07-13; Tracked on Rochester NBD Vacant Status Red registry (Building Blocks Code Enforcement).",""
"129 Frankfort St, Rochester, NY 14608","43.164110","-77.624765","Rochester","NY","14608","RESIDENTIAL","VACANT","MELENDEZ HERIT ALBERTO","","https://www.google.com/maps/@?api=1&map_action=pano&viewpoint=43.1641095863621,-77.62476506009084","https://maps.cityofrochester.gov/arcgis/rest/services/NBD/Building_Blocks_Code_Enforcement/FeatureServer/6","Parcel 10568000020420000000; 2 Family Residential; NBD status: Red vacant; status set 2026-05-12; Tracked on Rochester NBD Vacant Status Red registry (Building Blocks Code Enforcement).",""
"469 Mt Read Blvd, Rochester, NY 14606","43.159986","-77.659927","Rochester","NY","14606","RESIDENTIAL","CHRONICALLY VACANT","LEE AERA K","","https://www.google.com/maps/@?api=1&map_action=pano&viewpoint=43.159985724717046,-77.6599265942501","https://maps.cityofrochester.gov/arcgis/rest/services/NBD/Building_Blocks_Code_Enforcement/FeatureServer/6","Parcel 10578000010470000000; 2 Family Res; NBD status: Red vacant Over a Year Old; status set 2025-02-13; Tracked on Rochester NBD Vacant Status Red registry (Building Blocks Code Enforcement).",""
"898 Jay St, Rochester, NY 14611","43.159593","-77.644976","Rochester","NY","14611","RESIDENTIAL","VACANT","ROYAL CLUBHOUSE LLC","","https://www.google.com/maps/@?api=1&map_action=pano&viewpoint=43.15959283229188,-77.64497649655812","https://maps.cityofrochester.gov/arcgis/rest/services/NBD/Building_Blocks_Code_Enforcement/FeatureServer/6","Parcel 10581000010290050000; 1 Family Residential; NBD status: Red vacant; status set 2025-10-02; Tracked on Rochester NBD Vacant Status Red registry (Building Blocks Code Enforcement).",""
"25 Lorenzo St, Rochester, NY 14611","43.158263","-77.644797","Rochester","NY","14611","RESIDENTIAL","CHRONICALLY VACANT","DEL VALLE YVAN","","https://www.google.com/maps/@?api=1&map_action=pano&viewpoint=43.15826302962946,-77.64479667212395","https://maps.cityofrochester.gov/arcgis/rest/services/NBD/Building_Blocks_Code_Enforcement/FeatureServer/6","Parcel 10581000010460000000; 1 Family Residential; NBD status: Red vacant Over a Year Old; status set 2024-11-18; Tracked on Rochester NBD Vacant Status Red registry (Building Blocks Code Enforcement).",""
"349 Child St, Rochester, NY 14611","43.158992","-77.639211","Rochester","NY","14611","RESIDENTIAL","VACANT","JFPA MOONSTREAM LLC","","https://www.google.com/maps/@?api=1&map_action=pano&viewpoint=43.15899234886082,-77.63921077486461","https://maps.cityofrochester.gov/arcgis/rest/services/NBD/Building_Blocks_Code_Enforcement/FeatureServer/6","Parcel 10582000030270000000; 1 Family Residential; NBD status: Red vacant; status set 2025-10-03; Tracked on Rochester NBD Vacant Status Red registry (Building Blocks Code Enforcement).",""
"692 Joseph Ave, Rochester, NY 14621","43.177176","-77.607182","Rochester","NY","14621","INSTITUTIONAL","VACANT","JOSEPH AVENUE ARTS AND","","https://www.google.com/maps/@?api=1&map_action=pano&viewpoint=43.177175970467644,-77.60718152571674","https://maps.cityofrochester.gov/arcgis/rest/services/NBD/Building_Blocks_Code_Enforcement/FeatureServer/6","Parcel 10623000030410000000; Religious; NBD status: Red vacant; status set 2025-07-10; Tracked on Rochester NBD Vacant Status Red registry (Building Blocks Code Enforcement).",""
"42 Fernwood Ave, Rochester, NY 14621","43.177615","-77.589009","Rochester","NY","14621","INDUSTRIAL","CHRONICALLY VACANT","FERNWOOD LAND TRUST #060107","","https://www.google.com/maps/@?api=1&map_action=pano&viewpoint=43.17761536508997,-77.5890093733844","https://maps.cityofrochester.gov/arcgis/rest/services/NBD/Building_Blocks_Code_Enforcement/FeatureServer/6","Parcel 10627000010770000000; Manufacturing; NBD status: Red vacant Over a Year Old; status set 2024-07-22; Tracked on Rochester NBD Vacant Status Red registry (Building Blocks Code Enforcement).",""
"25 Fernwood Ave, Rochester, NY 14621","43.176935","-77.589391","Rochester","NY","14621","RESIDENTIAL","CHRONICALLY VACANT","DERLETH NANCY","","https://www.google.com/maps/@?api=1&map_action=pano&viewpoint=43.17693517624198,-77.58939129890013","https://maps.cityofrochester.gov/arcgis/rest/services/NBD/Building_Blocks_Code_Enforcement/FeatureServer/6","Parcel 10627000020030000000; 1 Family Residential; NBD status: Red vacant Over a Year Old; status set 2024-07-11; Tracked on Rochester NBD Vacant Status Red registry (Building Blocks Code Enforcement).",""
"822 Clifford Ave, Rochester, NY 14621","43.175547","-77.601030","Rochester","NY","14621","RESTAURANT","CHRONICALLY VACANT","NAVEDO PRODUCTIONS CORP","","https://www.google.com/maps/@?api=1&map_action=pano&viewpoint=43.17554658651581,-77.6010296823343","https://maps.cityofrochester.gov/arcgis/rest/services/NBD/Building_Blocks_Code_Enforcement/FeatureServer/6","Parcel 10633000010680010000; Bar; NBD status: Red vacant Over a Year Old; status set 2024-07-20; Tracked on Rochester NBD Vacant Status Red registry (Building Blocks Code Enforcement).",""
"88 Barons St, Rochester, NY 14621","43.175865","-77.601102","Rochester","NY","14621","RESIDENTIAL","CHRONICALLY VACANT","TSS EAST SIDE REAL ESTATE INC","","https://www.google.com/maps/@?api=1&map_action=pano&viewpoint=43.17586513357505,-77.60110165300794","https://maps.cityofrochester.gov/arcgis/rest/services/NBD/Building_Blocks_Code_Enforcement/FeatureServer/6","Parcel 10633000010710000000; 1 Family Residential; NBD status: Red vacant Over a Year Old; status set 2024-07-20; Tracked on Rochester NBD Vacant Status Red registry (Building Blocks Code Enforcement).",""
"10 Hurlock Ave, Buffalo, NY 14211","42.913084","-78.825885","Buffalo","NY","14211","RESIDENTIAL","VACANT","","","https://www.google.com/maps/@?api=1&map_action=pano&viewpoint=42.91308374279297,-78.82588509415298","https://data.buffalony.gov/resource/ivrf-k9vm","Case GEN20-9479343; SBL 1013800005030000; MLK Park; Ellicott District; violation issued 2020-05-08; Active Protective Treatment violation — building boarded/secured per Buffalo Code Enforcement.",""
"16 Lyman St, Buffalo, NY 14206","42.881937","-78.833806","Buffalo","NY","14206","RESIDENTIAL","VACANT","","","https://www.google.com/maps/@?api=1&map_action=pano&viewpoint=42.88193721923588,-78.83380557355787","https://data.buffalony.gov/resource/ivrf-k9vm","Case GEN20-9479402; SBL 1126100004027000; Broadway Fillmore; Fillmore District; violation issued 2020-05-14; Active Protective Treatment violation — building boarded/secured per Buffalo Code Enforcement.",""
"27 Englewood Ave, Buffalo, NY 14214","42.953766","-78.824597","Buffalo","NY","14214","RESIDENTIAL","VACANT","","","https://www.google.com/maps/@?api=1&map_action=pano&viewpoint=42.95376581276903,-78.8245970470921","https://data.buffalony.gov/resource/ivrf-k9vm","Case GEN20-9479414; SBL 0794700004030000; University Heights; University District; violation issued 2020-05-15; Active Protective Treatment violation — building boarded/secured per Buffalo Code Enforcement.",""
"950 Grider St, Buffalo, NY 14215","42.914765","-78.828906","Buffalo","NY","14215","COMMERCIAL","VACANT","","","https://www.google.com/maps/@?api=1&map_action=pano&viewpoint=42.91476515256995,-78.82890618351398","https://data.buffalony.gov/resource/ivrf-k9vm","Case GEN20-9479416; SBL 1013000001020000; Delavan Grider; Masten District; violation issued 2020-05-15; Active Protective Treatment violation — building boarded/secured per Buffalo Code Enforcement.",""
"1208 East Lovejoy St, Buffalo, NY 14206","42.890035","-78.803528","Buffalo","NY","14206","COMMERCIAL","VACANT","","","https://www.google.com/maps/@?api=1&map_action=pano&viewpoint=42.89003505971202,-78.80352787617501","https://data.buffalony.gov/resource/ivrf-k9vm","Case GEN20-9479425; SBL 1124300004036000; Lovejoy; Lovejoy District; violation issued 2020-05-18; Active Protective Treatment violation — building boarded/secured per Buffalo Code Enforcement.",""
"346 Fillmore Ave, Buffalo, NY 14206","42.882599","-78.839611","Buffalo","NY","14206","COMMERCIAL","VACANT","","","https://www.google.com/maps/@?api=1&map_action=pano&viewpoint=42.88259926385787,-78.83961104733584","https://data.buffalony.gov/resource/ivrf-k9vm","Case GEN20-9479449; SBL 1116800002008000; Broadway Fillmore; Fillmore District; violation issued 2020-05-18; Active Protective Treatment violation — building boarded/secured per Buffalo Code Enforcement.",""
"218 Guilford St, Buffalo, NY 14211","42.898085","-78.843770","Buffalo","NY","14211","RESIDENTIAL","VACANT","","","https://www.google.com/maps/@?api=1&map_action=pano&viewpoint=42.898084871883874,-78.84376998005284","https://data.buffalony.gov/resource/ivrf-k9vm","Case GEN20-9479462; SBL 1008300004023000; Broadway Fillmore; Ellicott District; violation issued 2020-05-19; Active Protective Treatment violation — building boarded/secured per Buffalo Code Enforcement.",""
"241 Loring Ave, Buffalo, NY 14214","42.925835","-78.845211","Buffalo","NY","14214","RESIDENTIAL","VACANT","","","https://www.google.com/maps/@?api=1&map_action=pano&viewpoint=42.925835299731915,-78.84521099684692","https://data.buffalony.gov/resource/ivrf-k9vm","Case GEN20-9479478; SBL 0896700004007000; Hamlin Park; Masten District; violation issued 2020-05-20; Active Protective Treatment violation — building boarded/secured per Buffalo Code Enforcement.",""
"153 Livingston St, Buffalo, NY 14213","42.919742","-78.883087","Buffalo","NY","14213","RESIDENTIAL","VACANT","","","https://www.google.com/maps/@?api=1&map_action=pano&viewpoint=42.919741698032794,-78.88308739237273","https://data.buffalony.gov/resource/ivrf-k9vm","Case GEN20-9479495; SBL 0992800004029000; Elmwood Bidwell; Niagara District; violation issued 2020-05-20; Active Protective Treatment violation — building boarded/secured per Buffalo Code Enforcement.",""
"452 Auburn Ave, Buffalo, NY 14213","42.918791","-78.883884","Buffalo","NY","14213","RESIDENTIAL","VACANT","","","https://www.google.com/maps/@?api=1&map_action=pano&viewpoint=42.91879051965977,-78.88388425990773","https://data.buffalony.gov/resource/ivrf-k9vm","Case GEN20-9479519; SBL 0992800003022000; Elmwood Bidwell; Niagara District; violation issued 2020-05-21; Active Protective Treatment violation — building boarded/secured per Buffalo Code Enforcement.",""
"185 Potomac Ave, Buffalo, NY 14213","42.923766","-78.892532","Buffalo","NY","14213","RESIDENTIAL","VACANT","","","https://www.google.com/maps/@?api=1&map_action=pano&viewpoint=42.92376568210876,-78.89253186941373","https://data.buffalony.gov/resource/ivrf-k9vm","Case GEN20-9479556; SBL 0887400005020000; Upper West Side; Niagara District; violation issued 2020-05-24; Active Protective Treatment violation — building boarded/secured per Buffalo Code Enforcement.",""
"71 Cambria St, Buffalo, NY 14206","42.879831","-78.799819","Buffalo","NY","14206","RESIDENTIAL","VACANT","","","https://www.google.com/maps/@?api=1&map_action=pano&viewpoint=42.879830553601,-78.799819051658","https://data.buffalony.gov/resource/ivrf-k9vm","Case GEN20-9479599; SBL 1127500002011000; Lovejoy; Lovejoy District; violation issued 2020-05-26; Active Protective Treatment violation — building boarded/secured per Buffalo Code Enforcement.",""
"44 Alamo Pl, Buffalo, NY 14220","42.855836","-78.826950","Buffalo","NY","14220","RESIDENTIAL","VACANT","","","https://www.google.com/maps/@?api=1&map_action=pano&viewpoint=42.85583576319986,-78.82694967967481","https://data.buffalony.gov/resource/ivrf-k9vm","Case GEN20-9479636; SBL 1237800005006000; Hopkins-Tifft; South District; violation issued 2022-04-25; Active Protective Treatment violation — building boarded/secured per Buffalo Code Enforcement.",""
"34 Alamo Pl, Buffalo, NY 14220","42.855579","-78.827036","Buffalo","NY","14220","RESIDENTIAL","VACANT","","","https://www.google.com/maps/@?api=1&map_action=pano&viewpoint=42.85557923505287,-78.8270356780008","https://data.buffalony.gov/resource/ivrf-k9vm","Case GEN20-9479639; SBL 1237800005009000; Hopkins-Tifft; South District; violation issued 2020-05-27; Active Protective Treatment violation — building boarded/secured per Buffalo Code Enforcement.",""
"910 Broadway, Buffalo, NY 14212","42.892989","-78.840728","Buffalo","NY","14212","COMMERCIAL","VACANT","","","https://www.google.com/maps/@?api=1&map_action=pano&viewpoint=42.89298884239188,-78.84072810357186","https://data.buffalony.gov/resource/ivrf-k9vm","Case GEN20-9479683; SBL 1113600002028000; Broadway Fillmore; Fillmore District; violation issued 2020-05-28; Active Protective Treatment violation — building boarded/secured per Buffalo Code Enforcement.",""
"241 Madison St, Buffalo, NY 14206","42.887058","-78.852620","Buffalo","NY","14206","RESIDENTIAL","VACANT","","","https://www.google.com/maps/@?api=1&map_action=pano&viewpoint=42.88705789152383,-78.85262043161579","https://data.buffalony.gov/resource/ivrf-k9vm","Case GEN20-9479732; SBL 1115800002052000; Broadway Fillmore; Ellicott District; violation issued 2020-05-28; Active Protective Treatment violation — building boarded/secured per Buffalo Code Enforcement.",""
"180 Merrimac St, Buffalo, NY 14214","42.953993","-78.831003","Buffalo","NY","14214","RESIDENTIAL","VACANT","","","https://www.google.com/maps/@?api=1&map_action=pano&viewpoint=42.953992752798,-78.83100308423109","https://data.buffalony.gov/resource/ivrf-k9vm","Case GEN20-9480799; SBL 0794500006016000; University Heights; University District; violation issued 2020-06-01; Active Protective Treatment violation — building boarded/secured per Buffalo Code Enforcement.",""
"424 Ideal St, Buffalo, NY 14206","42.896388","-78.807616","Buffalo","NY","14206","RESIDENTIAL","VACANT","","","https://www.google.com/maps/@?api=1&map_action=pano&viewpoint=42.896388081314996,-78.80761556271501","https://data.buffalony.gov/resource/ivrf-k9vm","Case GEN20-9480864; SBL 1122600006008000; Lovejoy; Lovejoy District; violation issued 2020-06-02; Active Protective Treatment violation — building boarded/secured per Buffalo Code Enforcement.",""
"109 Aldrich Pl, Buffalo, NY 14220","42.832634","-78.819681","Buffalo","NY","14220","RESIDENTIAL","VACANT","","","https://www.google.com/maps/@?api=1&map_action=pano&viewpoint=42.83263411038585,-78.81968147997378","https://data.buffalony.gov/resource/ivrf-k9vm","Case GEN20-9480884; SBL 1338000004002000; South Park; South District; violation issued 2023-05-17; Active Protective Treatment violation — building boarded/secured per Buffalo Code Enforcement.",""
"108 Aldrich Pl, Buffalo, NY 14220","42.833143","-78.819783","Buffalo","NY","14220","RESIDENTIAL","VACANT","","","https://www.google.com/maps/@?api=1&map_action=pano&viewpoint=42.83314347864185,-78.81978340391679","https://data.buffalony.gov/resource/ivrf-k9vm","Case GEN20-9480888; SBL 1338000002064000; South Park; South District; violation issued 2020-06-25; Active Protective Treatment violation — building boarded/secured per Buffalo Code Enforcement.",""
"1283 Kensington Ave, Buffalo, NY 14215","42.940033","-78.807838","Buffalo","NY","14215","RESIDENTIAL","VACANT","","","https://www.google.com/maps/@?api=1&map_action=pano&viewpoint=42.94003286069705,-78.80783776696812","https://data.buffalony.gov/resource/ivrf-k9vm","Case GEN20-9480982; SBL 0902500004027000; Kensington-Bailey; University District; violation issued 2020-06-05; Active Protective Treatment violation — building boarded/secured per Buffalo Code Enforcement.",""
"80 Vernon Pl, Buffalo, NY 14214","42.939076","-78.842216","Buffalo","NY","14214","RESIDENTIAL","VACANT","","","https://www.google.com/maps/@?api=1&map_action=pano&viewpoint=42.93907564735394,-78.84221631048098","https://data.buffalony.gov/resource/ivrf-k9vm","Case GEN20-9481036; SBL 0893600001003000; Parkside; Delaware District; violation issued 2020-06-10; Active Protective Treatment violation — building boarded/secured per Buffalo Code Enforcement.",""
"246 Shirley Ave, Buffalo, NY 14215","42.944485","-78.814641","Buffalo","NY","14215","RESIDENTIAL","VACANT","","","https://www.google.com/maps/@?api=1&map_action=pano&viewpoint=42.94448549530205,-78.81464060340511","https://data.buffalony.gov/resource/ivrf-k9vm","Case GEN20-9481046; SBL 0797200004034000; University Heights; University District; violation issued 2020-06-10; Active Protective Treatment violation — building boarded/secured per Buffalo Code Enforcement.",""
"88 Freund St, Buffalo, NY 14215","42.919658","-78.802544","Buffalo","NY","14215","RESIDENTIAL","VACANT","","","https://www.google.com/maps/@?api=1&map_action=pano&viewpoint=42.91965804663905,-78.8025438407421","https://data.buffalony.gov/resource/ivrf-k9vm","Case GEN20-9481047; SBL 1012700001016000; Schiller Park; Lovejoy District; violation issued 2020-06-10; Active Protective Treatment violation — building boarded/secured per Buffalo Code Enforcement.",""
"34 Kopernik St, Buffalo, NY 14206","42.872906","-78.811032","Buffalo","NY","14206","RESIDENTIAL","VACANT","","","https://www.google.com/maps/@?api=1&map_action=pano&viewpoint=42.87290630529696,-78.81103152353495","https://data.buffalony.gov/resource/ivrf-k9vm","Case GEN20-9481051; SBL 1233300003005000; Kaisertown; Lovejoy District; violation issued 2020-06-10; Active Protective Treatment violation — building boarded/secured per Buffalo Code Enforcement.",""
"1770 W 57th St, Cleveland, OH 44102","41.482630","-81.725387","Cleveland","OH","44102","RESIDENTIAL","CONDEMNED","","","https://www.google.com/maps/@?api=1&map_action=pano&viewpoint=41.482629913818585,-81.72538706738034","https://www.arcgis.com/home/item.html?id=bd47abc2adc242f789313af4191610ae","Parcel 00233101; Detroit Shoreway; Ward 7; condemned 2024-07-10; Active condemnation issued by City of Cleveland Building & Housing.",""
"1845 W 52 St, Cleveland, OH 44102","41.481442","-81.722237","Cleveland","OH","44102","RESIDENTIAL","CONDEMNED","","","https://www.google.com/maps/@?api=1&map_action=pano&viewpoint=41.48144191388838,-81.72223706844959","https://www.arcgis.com/home/item.html?id=bd47abc2adc242f789313af4191610ae","Parcel 00235009; Detroit Shoreway; Ward 7; condemned 2024-03-12; Active condemnation issued by City of Cleveland Building & Housing.",""
"1818 W 50 St, Cleveland, OH 44102","41.482396","-81.721486","Cleveland","OH","44102","RESIDENTIAL","CONDEMNED","","","https://www.google.com/maps/@?api=1&map_action=pano&viewpoint=41.48239591367845,-81.72148556860206","https://www.arcgis.com/home/item.html?id=bd47abc2adc242f789313af4191610ae","Parcel 00235023; Detroit Shoreway; Ward 7; condemned 2024-03-08; Active condemnation issued by City of Cleveland Building & Housing.",""
"1872 W 45 St, Cleveland, OH 44102","41.482414","-81.717980","Cleveland","OH","44102","RESIDENTIAL","CONDEMNED","","","https://www.google.com/maps/@?api=1&map_action=pano&viewpoint=41.48241391351075,-81.71798006968085","https://www.arcgis.com/home/item.html?id=bd47abc2adc242f789313af4191610ae","Parcel 00235142; Ohio City; Ward 7; condemned 2015-04-17; Active condemnation issued by City of Cleveland Building & Housing.",""
"5709 Herman Ave, Cleveland, OH 44102","41.486779","-81.725891","Cleveland","OH","44102","RESIDENTIAL","CONDEMNED","","","https://www.google.com/maps/@?api=1&map_action=pano&viewpoint=41.486778913082546,-81.72589106688079","https://www.arcgis.com/home/item.html?id=bd47abc2adc242f789313af4191610ae","Parcel 00309038; Detroit Shoreway; Ward 7; condemned 2025-10-27; Active condemnation issued by City of Cleveland Building & Housing.",""
"5500 Tillman Ave, Cleveland, OH 44102","41.486698","-81.724708","Cleveland","OH","44102","RESIDENTIAL","CONDEMNED","","","https://www.google.com/maps/@?api=1&map_action=pano&viewpoint=41.48669791304188,-81.72470756725224","https://www.arcgis.com/home/item.html?id=bd47abc2adc242f789313af4191610ae","Parcel 00309056; Detroit Shoreway; Ward 7; condemned 2013-07-18; Active condemnation issued by City of Cleveland Building & Housing.",""
"1346 W 54th St, Cleveland, OH 44102","41.487049","-81.724208","Cleveland","OH","44102","RESIDENTIAL","CONDEMNED","","","https://www.google.com/maps/@?api=1&map_action=pano&viewpoint=41.48704891295416,-81.72420806737705","https://www.arcgis.com/home/item.html?id=bd47abc2adc242f789313af4191610ae","Parcel 00309099; Detroit Shoreway; Ward 7; condemned 2024-07-29; Active condemnation issued by City of Cleveland Building & Housing.",""
"1275 Washington Ave, Cleveland, OH 44113","41.493880","-81.705470","Cleveland","OH","44113","RESIDENTIAL","CONDEMNED","","","https://www.google.com/maps/@?api=1&map_action=pano&viewpoint=41.49387991082455,-81.70547007258537","https://www.arcgis.com/home/item.html?id=bd47abc2adc242f789313af4191610ae","Parcel 00318015; Ohio City; Ward 7; condemned 2014-12-01; Active condemnation issued by City of Cleveland Building & Housing.",""
"3109 Church Ave, Cleveland, OH 44113","41.488498","-81.712189","Cleveland","OH","44113","RESIDENTIAL","CONDEMNED","","","https://www.google.com/maps/@?api=1&map_action=pano&viewpoint=41.488497912125055,-81.7121885709611","https://www.arcgis.com/home/item.html?id=bd47abc2adc242f789313af4191610ae","Parcel 00326087; Ohio City; Ward 7; condemned 2026-05-15; Active condemnation issued by City of Cleveland Building & Housing.",""
"1848 W 44th St, Cleveland, OH 44113","41.483431","-81.717017","Cleveland","OH","44113","RESIDENTIAL","CONDEMNED","","","https://www.google.com/maps/@?api=1&map_action=pano&viewpoint=41.48343091327933,-81.71701706989327","https://www.arcgis.com/home/item.html?id=bd47abc2adc242f789313af4191610ae","Parcel 00329039; Ohio City; Ward 7; condemned 2023-04-18; Active condemnation issued by City of Cleveland Building & Housing.",""
"4104 Whitman Ave, Cleveland, OH 44113","41.482648","-81.714961","Cleveland","OH","44113","RESIDENTIAL","CONDEMNED","","","https://www.google.com/maps/@?api=1&map_action=pano&viewpoint=41.48264791332626,-81.71496057059198","https://www.arcgis.com/home/item.html?id=bd47abc2adc242f789313af4191610ae","Parcel 00330053; Ohio City; Ward 7; condemned 2025-07-14; Active condemnation issued by City of Cleveland Building & Housing.",""
"3508 Woodbine Ave, Cleveland, OH 44113","41.484610","-81.712585","Cleveland","OH","44113","RESIDENTIAL","CONDEMNED","","","https://www.google.com/maps/@?api=1&map_action=pano&viewpoint=41.484609912855575,-81.71258457116153","https://www.arcgis.com/home/item.html?id=bd47abc2adc242f789313af4191610ae","Parcel 00331039; Ohio City; Ward 7; condemned 2024-02-21; Active condemnation issued by City of Cleveland Building & Housing.",""
"3402 Woodbine Ave, Cleveland, OH 44113","41.484367","-81.712148","Cleveland","OH","44113","RESIDENTIAL","CONDEMNED","","","https://www.google.com/maps/@?api=1&map_action=pano&viewpoint=41.48436691287959,-81.71214807131621","https://www.arcgis.com/home/item.html?id=bd47abc2adc242f789313af4191610ae","Parcel 00331061; Ohio City; Ward 7; Active condemnation issued by City of Cleveland Building & Housing.",""
"1908 W 44 St, Cleveland, OH 44113","41.481766","-81.716774","Cleveland","OH","44113","RESIDENTIAL","CONDEMNED","","","https://www.google.com/maps/@?api=1&map_action=pano&viewpoint=41.48176591357283,-81.71677407010623","https://www.arcgis.com/home/item.html?id=bd47abc2adc242f789313af4191610ae","Parcel 00334116; Ohio City; Ward 7; condemned 2025-12-04; Active condemnation issued by City of Cleveland Building & Housing.",""
"3906 Fulton Ct, Cleveland, OH 44113","41.481712","-81.712306","Cleveland","OH","44113","RESIDENTIAL","CONDEMNED","","","https://www.google.com/maps/@?api=1&map_action=pano&viewpoint=41.4817119133732,-81.71230557148785","https://www.arcgis.com/home/item.html?id=bd47abc2adc242f789313af4191610ae","Parcel 00336067; Ohio City; Ward 7; condemned 2023-10-13; Active condemnation issued by City of Cleveland Building & Housing.",""
"2322 Scranton Rd, Cleveland, OH 44113","41.480398","-81.694814","Cleveland","OH","44113","RESIDENTIAL","CONDEMNED","","","https://www.google.com/maps/@?api=1&map_action=pano&viewpoint=41.48039791279392,-81.69481407698767","https://www.arcgis.com/home/item.html?id=bd47abc2adc242f789313af4191610ae","Parcel 00405012; Tremont; Ward 7; condemned 2021-06-16; Active condemnation issued by City of Cleveland Building & Housing.",""
"1830 Brevier Ave, Cleveland, OH 44113","41.479084","-81.696511","Cleveland","OH","44113","RESIDENTIAL","CONDEMNED","","","https://www.google.com/maps/@?api=1&map_action=pano&viewpoint=41.47908391311408,-81.69651057657366","https://www.arcgis.com/home/item.html?id=bd47abc2adc242f789313af4191610ae","Parcel 00405049; Tremont; Ward 7; Active condemnation issued by City of Cleveland Building & Housing.",""
"2300 W 14th St, Cleveland, OH 44113","41.480929","-81.691871","Cleveland","OH","44113","RESIDENTIAL","CONDEMNED","","","https://www.google.com/maps/@?api=1&map_action=pano&viewpoint=41.480928912558745,-81.69187107785076","https://www.arcgis.com/home/item.html?id=bd47abc2adc242f789313af4191610ae","Parcel 00410026; Tremont; Ward 7; condemned 2025-02-27; Active condemnation issued by City of Cleveland Building & Housing.",""
"794 Starkweather Ave, Cleveland, OH 44113","41.477653","-81.683668","Cleveland","OH","44113","RESIDENTIAL","CONDEMNED","","","https://www.google.com/maps/@?api=1&map_action=pano&viewpoint=41.477652912774495,-81.68366758065076","https://www.arcgis.com/home/item.html?id=bd47abc2adc242f789313af4191610ae","Parcel 00417057; Tremont; Ward 7; condemned 2024-03-05; Active condemnation issued by City of Cleveland Building & Housing.",""
"2291 W 6th St, Cleveland, OH 44113","41.482333","-81.683731","Cleveland","OH","44113","RESIDENTIAL","CONDEMNED","","","https://www.google.com/maps/@?api=1&map_action=pano&viewpoint=41.48233291192013,-81.68373058024366","https://www.arcgis.com/home/item.html?id=bd47abc2adc242f789313af4191610ae","Parcel 00418075; Tremont; Ward 7; condemned 2026-04-02; Active condemnation issued by City of Cleveland Building & Housing.",""
"1617 Auburn Ave, Cleveland, OH 44113","41.475835","-81.694229","Cleveland","OH","44113","RESIDENTIAL","CONDEMNED","","","https://www.google.com/maps/@?api=1&map_action=pano&viewpoint=41.47583491360233,-81.69422907754604","https://www.arcgis.com/home/item.html?id=bd47abc2adc242f789313af4191610ae","Parcel 00420034; Tremont; Ward 7; condemned 2014-02-26; Active condemnation issued by City of Cleveland Building & Housing.",""
"2610 W 11 St, Cleveland, OH 44113","41.476474","-81.689590","Cleveland","OH","44113","RESIDENTIAL","CONDEMNED","","","https://www.google.com/maps/@?api=1&map_action=pano&viewpoint=41.476473913267874,-81.6895895789231","https://www.arcgis.com/home/item.html?id=bd47abc2adc242f789313af4191610ae","Parcel 00421043; Tremont; Ward 7; condemned 2019-12-20; Active condemnation issued by City of Cleveland Building & Housing.",""
"839 Starkweather Ave, Cleveland, OH 44113","41.477275","-81.685423","Cleveland","OH","44113","RESIDENTIAL","CONDEMNED","","","https://www.google.com/maps/@?api=1&map_action=pano&viewpoint=41.47727491292592,-81.6854225801411","https://www.arcgis.com/home/item.html?id=bd47abc2adc242f789313af4191610ae","Parcel 00422029; Tremont; Ward 7; condemned 2018-10-16; Active condemnation issued by City of Cleveland Building & Housing.",""
"3031 W 115 St, Cleveland, OH 44111","41.469940","-81.766522","Cleveland","OH","44111","RESIDENTIAL","CONDEMNED","","","https://www.google.com/maps/@?api=1&map_action=pano&viewpoint=41.46993991807273,-81.76652155575978","https://www.arcgis.com/home/item.html?id=bd47abc2adc242f789313af4191610ae","Parcel 00507074; Cudell; Ward 12; condemned 2013-09-04; Active condemnation issued by City of Cleveland Building & Housing.",""
"11109 Western Ave, Cleveland, OH 44111","41.470201","-81.764204","Cleveland","OH","44111","RESIDENTIAL","CONDEMNED","","","https://www.google.com/maps/@?api=1&map_action=pano&viewpoint=41.47020091791611,-81.764204056452","https://www.arcgis.com/home/item.html?id=bd47abc2adc242f789313af4191610ae","Parcel 00510009; Cudell; Ward 12; Active condemnation issued by City of Cleveland Building & Housing.",""
