name,url,scope,state,city_or_county,category,format,access,record_count,notes
Regrid,https://app.regrid.com/,national,,,parcel_gis,HTML,login_required,,Nationwide parcel data with ownership and boundaries. Free tier available.
NETR Online,https://publicrecords.netronline.com/,national,,,directory,HTML,public_html,,Directory of every county's assessor/recorder/tax office sites. Start here to locate the right local portal.
Parcel-Viewer.us,https://www.parcel-viewer.us/,national,,,directory,HTML,public_html,,Directory of free government parcel viewers by county.
LoopNet,https://www.loopnet.com/,national,,,commercial_listings,HTML,public_html,,Commercial property listings; useful for vacant commercial/industrial/retail. Often shows owner and assessment.
Zillow,https://www.zillow.com/,national,,,residential_listings,HTML,public_html,,Residential property data; long-listed/off-market may indicate vacancy.
HUD USPS Vacant Address Data,https://www.huduser.gov/portal/datasets/usps.html,national,,,vacancy_aggregate,CSV,records_request,,Quarterly USPS vacancy data (90+ days vacant) aggregated by Census tract. Restricted to gov/nonprofits.
USPS Occupancy Trends,https://postalpro.usps.com/ot,national,,,vacancy_aggregate,HTML,public_html,,Aggregate vacant address counts by ZIP/carrier route/county.
Data.gov Abandoned Properties,https://catalog.data.gov/dataset/?tags=abandoned-properties,national,,,open_data,catalog,public_html,,Federal data catalog tagged 'abandoned properties.'
HUD USER Research,https://www.huduser.gov/portal/periodicals/em/winter14/highlight1.html,national,,,research,HTML,public_html,,Policy research on vacant/abandoned properties.
Google Maps / Street View,https://www.google.com/maps,national,,,visual_verification,HTML,public_html,,Ground-level visual confirmation of property condition.
Google Earth,https://earth.google.com/,national,,,visual_verification,HTML,public_html,,Historical satellite imagery time slider for long-term vacancy verification.
AbandonedAmerica.us,https://abandonedamerica.us,national,,,community_blog,HTML,public_html,,Photo essays of abandoned structures nationwide; lead source when hunting.
Virginia Mercury,https://virginiamercury.com/,state,VA,,news,HTML,public_html,,Investigative journalism on blight and abandonment across Virginia.
VA DHCD Downtown Revitalization,https://www.dhcd.virginia.gov/downtown-revitalization,state,VA,,state_program,HTML,public_html,,Virginia DHCD programs for blighted downtown areas.
HRGEO,https://www.hrgeo.org/,regional,VA,Hampton Roads,parcel_gis,HTML,public_html,,Hampton Roads regional GIS data exchange.
Hampton Condemned Properties List,https://www.hampton.gov/DocumentCenter/View/100/condemned_properties,city,VA,Hampton,registry,PDF,public_html,,Official city list of condemned/public nuisance properties.
Hampton Assessor of Real Estate,https://www.hampton.gov/235/Assessor-of-Real-Estate,city,VA,Hampton,assessor,HTML,public_html,,Owner names and assessed values.
Hampton GIS Parcel Viewer,http://webgis.hampton.gov/sites/ParcelViewer/,city,VA,Hampton,parcel_gis,interactive_map,public_html,,Parcel boundaries zoning ownership.
Hampton Property Maintenance & Zoning,https://www.hampton.gov/259/Property-Maintenance-Zoning-Enforcement,city,VA,Hampton,code_enforcement,HTML,public_html,,Code enforcement info and complaint process.
Hampton Code Violations Map,https://www.hampton.gov/3332/Maps-of-recent-inspections-codes-violati,city,VA,Hampton,code_enforcement,interactive_map,public_html,,Interactive maps of permits inspections code violations.
Hampton King Street Corridor Plan,https://www.hampton.gov/515/King-Street,city,VA,Hampton,planning_doc,HTML,public_html,,Master plan acknowledging revitalization need on N King St.
Hampton Brownfields,https://www.hampton.gov/2107/Brownfields,city,VA,Hampton,brownfields,HTML,public_html,,EPA-funded brownfield assessments covering 100+ acres.
Philadelphia OPA,https://property.phila.gov/,city,PA,Philadelphia,assessor,HTML,public_html,,Owner assessed value exterior condition ratings (1-7).
Philadelphia OPA CARTO API,https://phl.carto.com/api/v2/sql,city,PA,Philadelphia,open_data,CARTO_API,open_api,,Programmatic OPA property data. Filter by exterior_condition zip_code category.
Philadelphia OPA Bulk Download,https://www.phila.gov/property/data/,city,PA,Philadelphia,open_data,CSV,public_html,,Full CSV/GeoJSON/SHP of all property assessments.
Philadelphia L&I Violations,https://opendataphilly.org/datasets/licenses-and-inspections-code-violations/,city,PA,Philadelphia,code_enforcement,CSV,public_html,,Unsafe structures and condemned buildings from L&I.
Abandoned Philadelphia,https://abandonedphiladelphia.com/properties/,city,PA,Philadelphia,community_blog,HTML,public_html,,Community-reported shell properties vacant lots tax-delinquency.
Philadelphia Atlas,https://atlas.phila.gov/,city,PA,Philadelphia,parcel_gis,HTML,public_html,,Geocoded lookup with zoning ownership permits violations.
Philly Land Bank,https://phillylandbank.org/view-properties-map/,city,PA,Philadelphia,land_bank,interactive_map,public_html,,Philadelphia Land Bank vacant property map.
Shelby County Land Bank,https://landbank.shelbycountytn.gov/,county,TN,Shelby,land_bank,interactive_map,public_html,,Tax-delinquent and abandoned property map. Searchable.
Memphis MMLBA,https://mmlba.org/property-sales/,city,TN,Memphis,land_bank,HTML,public_html,,Memphis Metropolitan Land Bank property sales listings.
Memphis Property Hub,https://info.datamidsouth.org,city,TN,Memphis,dashboard,HTML,public_html,,Aggregated vacancy/code enforcement/tax delinquency dashboard.
Downtown Memphis Commission,https://downtownmemphis.com,city,TN,Memphis,redevelopment,HTML,public_html,,Downtown revitalization and commercial vacancy monitoring.
Shelby County Assessor,https://assessor.shelby.tn.us/,county,TN,Shelby,assessor,HTML,public_html,,Property assessments ownership tax records.
Reading PA Certified Blighted Properties,https://www.readingpa.gov/certified-blighted-properties,city,PA,Reading,registry,XLSX,downloadable,400+,City-certified blighted properties downloadable Excel. Gold-standard source.
Berks County Assessor,https://www.berkspa.gov/departments/assessment-office,county,PA,Berks,assessor,HTML,public_html,,Owner assessed values parcel data.
Berks Parcels ArcGIS,https://www.berkspa.gov,county,PA,Berks,parcel_gis,ArcGIS_FeatureServer,open_api,,Free ArcGIS FeatureServer with owner + assessed value + geometry for every parcel.
Erie Land Bank,https://www.erielandbank.org/properties,city,PA,Erie,land_bank,HTML,public_html,,City land bank inventory. Mostly vacant land.
Erie County Land Bank,https://www.eriecountylandbank.org/,county,PA,Erie,land_bank,HTML,public_html,,Countywide land bank separate from city.
Erie County Real Estate Tax,https://eriecountypa.gov/departments/real-estate-tax-office/,county,PA,Erie,tax_records,HTML,public_html,,Tax-delinquent search and assessment lookup.
Lackawanna County Land Bank,http://www.lackawannalandbank.com/properties/,county,PA,Lackawanna,land_bank,HTML,public_html,~200,Searchable inventory; mix of vacant lots and standing structures.
Lackawanna County Assessment,https://www.lackawannacounty.org/government/departments/assessor/,county,PA,Lackawanna,assessor,HTML,public_html,,Owner assessed value parcel data.
Lackawanna County Tax Claim,https://www.lackawannacounty.org/government/departments/tax_claim_bureau/,county,PA,Lackawanna,tax_records,HTML,public_html,,Tax-delinquent property listings.
Chester PA Receivership,https://dced.pa.gov/local-government/act-47-financial-distress-program/cities-in-act-47/chester/,city,PA,Chester,receivership_program,HTML,public_html,,State receivership recovery plans reference problem properties.
Delaware County Assessor,https://delcopa.gov/treasurer/index.html,county,PA,Delaware,assessor,HTML,public_html,,Owner assessed value tax delinquency.
Chester Code Enforcement,https://www.chestercity.com/departments/licensing-inspections/,city,PA,Chester,code_enforcement,HTML,public_html,,Code violation reporting; FOIA for condemned/unsafe list.
Bridgeport Anti-Blight Division,https://www.bridgeportct.gov/blight,city,CT,Bridgeport,code_enforcement,HTML,public_html,,$250/day fines on vacant blighted. Internal list maintained by dev administrator.
Bridgeport Cited for Blight,https://www.bridgeportct.gov/government/departments/housing-code/anti-blight/cited-blight,city,CT,Bridgeport,code_enforcement,HTML,records_request,,Citation process info. Current list FOIA-only.
Bridgeport Anti-Blight Ordinance Ch 8.76,https://library.municode.com/ct/bridgeport/codes/code_of_ordinances?nodeId=TIT8HESA_CH8.76ANIGPR_8.76.020DE,city,CT,Bridgeport,municipal_code,HTML,public_html,,Legal definition of blight in Bridgeport.
Bridgeport Tax Assessor,https://www.bridgeportct.gov/government/departments/finance/tax-assessor,city,CT,Bridgeport,assessor,HTML,public_html,,Owner assessed value parcel data.
Hartford Blight Remediation Team,https://www.hartfordct.gov/Government/Departments/DDS/DDS-Divisions/Blight-Remediation,city,CT,Hartford,code_enforcement,HTML,records_request,400+,City reports 400+ vacant/abandoned properties citywide. List FOIA-only.
Hartford Blight Lien Forbearance PDF,https://www.hartfordct.gov/files/assets/public/v/1/development-services/licenses-inspections/li-documents/brt_lienforbearanceprogam.pdf,city,CT,Hartford,registry,PDF,public_html,,Properties under blight liens.
Hartford 20 Blighted Sites,https://hartfordbusiness.com/article/hartford-identifies-20-blighted-sites-for-new-housing/,city,CT,Hartford,news,HTML,public_html,20,City flagged 20 specific sites for housing redevelopment.
Hartford Land Bank,https://www.hartfordlandbank.org/,city,CT,Hartford,land_bank,HTML,public_html,,New land bank conducting citywide property survey.
Hartford Assessor,https://www.hartfordct.gov/Government/Departments/Assessor,city,CT,Hartford,assessor,HTML,public_html,,Owner assessed value parcel data.
New Haven LCI,https://www.newhavenct.gov/government/departments-divisions/livable-city-initiative,city,CT,New Haven,code_enforcement,HTML,records_request,,Livable City Initiative enforces anti-blight. List not posted.
New Haven Housing Code Enforcement,https://www.newhavenct.gov/government/departments-divisions/livable-city-initiative/housing-code-enforcement,city,CT,New Haven,code_enforcement,HTML,public_html,,Ask department for cited-properties list.
New Haven Open Data,https://data.newhavenct.gov/,city,CT,New Haven,open_data,catalog,public_html,,Search for code violations blight citations.
New Haven Assessor,https://www.newhavenct.gov/government/departments-divisions/assessors-office,city,CT,New Haven,assessor,HTML,public_html,,Owner assessed value parcel data.
Providence Inspections — Blight Confirmation,https://www.providenceri.gov/inspection/rhode-island-housing-acquisition-and-revitalization-program/,city,RI,Providence,code_enforcement,HTML,public_html,,Confirms whether properties meet HUD blight definition.
RIHousing ARP Press Releases,https://www.rihousing.com/rihousing-funding-approvals-revitalize-blighted-and-vacant-properties/,state,RI,,registry,HTML,public_html,,Press releases naming specific funded blighted properties.
Providence Tax Assessor,https://www.providenceri.gov/assessor/,city,RI,Providence,assessor,HTML,public_html,,Owner assessment parcel data.
Providence Open Data,https://data.providenceri.gov/,city,RI,Providence,open_data,catalog,public_html,,Search for code violations demolitions vacant building data.
Westerly RI Inventory of Abandoned Properties,https://www.westerlyri.gov/839/Inventory-of-Abandoned-Properties,city,RI,Westerly,registry,HTML,public_html,,Town Clerk's published inventory of abandoned properties.
Pawtucket Planning & Development,https://www.pawtucketri.com/departments/planning-and-redevelopment,city,RI,Pawtucket,redevelopment,HTML,public_html,,Tracks redevelopment of blighted sites.
Woonsocket Building & Zoning,https://www.woonsocketri.org/building-zoning,city,RI,Woonsocket,code_enforcement,HTML,records_request,,Code enforcement contact; ask for unsafe-structures list.
RI Vacant Properties Commission Report,https://www.rilegislature.gov/commissions/VPC/commdocs/02-13-2023---DOA%20Vacant%20Property%20Commission%20FINAL.pdf,state,RI,,research,PDF,public_html,,State-level analysis of vacant property in RI.
MA Abandoned Housing Initiative,https://www.mass.gov/abandoned-housing-initiative-ahi,state,MA,,receivership_program,HTML,public_html,,AG receivership program statewide. Court filings list addresses.
AHI Receivership Manual,https://www.mass.gov/files/documents/2016/08/uc/ahi-manual.pdf,state,MA,,research,PDF,public_html,,Process documentation for AHI.
MassLandRecords,https://www.masslandrecords.com/,state,MA,,land_records,HTML,public_html,,All MA registries of deeds searchable.
MassGIS Parcels,https://www.mass.gov/info-details/massgis-data-property-tax-parcels,state,MA,,parcel_gis,SHP,downloadable,,Statewide parcel data with assessor-keyed attributes.
Springfield MA Office of Housing,https://www.springfield-ma.gov/housing/,city,MA,Springfield,redevelopment,HTML,public_html,,Runs City of Homes distressed-property program.
Springfield MA Code Enforcement,https://www.springfield-ma.gov/cos/housing-services/,city,MA,Springfield,code_enforcement,HTML,public_html,,Most receivership actions of any MA city.
Hampden Registry of Deeds,https://www.masslandrecords.com/Hampden/,county,MA,Hampden,land_records,HTML,public_html,,Owner and sale history.
Holyoke Building Department,https://www.holyoke.org/departments-services/building-department/,city,MA,Holyoke,code_enforcement,HTML,records_request,,Emergency-action lists for abandoned properties.
Holyoke OPED,https://www.holyoke.org/departments-services/planning-and-development/,city,MA,Holyoke,redevelopment,HTML,public_html,,Tracks mill-district blight redevelopment.
MassDevelopment TDI,https://www.massdevelopment.com/what-we-offer/key-initiatives/tdi,state,MA,,state_program,HTML,public_html,,Transformative Development Initiative districts with target-property lists.
Worcester Inspectional Services,https://www.worcesterma.gov/inspections,city,MA,Worcester,code_enforcement,HTML,records_request,,Active condemnation list available on request.
Lawrence Inspectional Services,https://www.cityoflawrence.com/departments/inspectional-services,city,MA,Lawrence,code_enforcement,HTML,records_request,,Vacant/abandoned building reporting.
Lowell DIS,https://www.lowellma.gov/170/Department-of-Inspectional-Services,city,MA,Lowell,code_enforcement,HTML,records_request,,Code enforcement and unsafe structure tracking.
Fall River Inspectional Services,https://www.fallriverma.org/departments/inspectional-services/,city,MA,Fall River,code_enforcement,HTML,records_request,,Large mill-district condemned inventory.
New Bedford Inspectional Services,https://www.newbedford-ma.gov/inspectional-services/,city,MA,New Bedford,code_enforcement,HTML,records_request,,Many former waterfront industrial sites.
Pasquotank County Parcel Search,https://www.pasquotankcountync.org/tcs,county,NC,Pasquotank,assessor,HTML,public_html,,Property assessments searchable by address/owner/parcel.
Pasquotank County GIS,https://www.arcgis.com/apps/Viewer/index.html?appid=7155a34043534443aaaa3fed8f8a492e,county,NC,Pasquotank,parcel_gis,ArcGIS,public_html,,Interactive parcel map.
Pasquotank Delinquent Taxes,https://www.pasquotankcountync.org/delinquent-taxes,county,NC,Pasquotank,tax_records,HTML,public_html,,Tax lien notices listing delinquent property owners/parcels.
Elizabeth City Code Enforcement,https://elizabethcitync.gov/index.asp?SEC=653B1CA7-43A7-4675-B83B-40840B293FB5,city,NC,Elizabeth City,code_enforcement,HTML,public_html,,Report nuisance properties code violations.
Elizabeth City Code of Ordinances,https://codelibrary.amlegal.com/codes/elizabethcity/latest/elizabeth_nc/0-0-0-2,city,NC,Elizabeth City,municipal_code,HTML,public_html,,Full code including minimum housing standards (Ch. 150).
NC DPS,https://www.ncdps.gov/,state,NC,,state_program,HTML,public_html,,State-level press releases on nuisance abatement cases.
LA Vacant Building Abatement (Open Data),https://data.lacity.org/City-Infrastructure-Service-Requests/Building-and-Safety-Vacant-Building-Abatement/q3ak-s5hy,city,CA,Los Angeles,open_data,Socrata,open_api,730,LADBS abatement cases. Address case# inspector approved_use building_size abate_effective. Socrata API at data.lacity.org/resource/q3ak-s5hy.json.
LA DBS Vacant Building Abatement,https://dbs.lacity.gov/services/code-enforcement-complaints-and-compliance/vacant-building-abatement,city,CA,Los Angeles,code_enforcement,HTML,public_html,,Vacant Building Abatement (VBA) program. Declares properties Nuisance/Hazard after public hearing.
LA Citywide Nuisance Abatement Program,https://gsd.lacity.org/services/real-estate-services/nuisance-abatement,city,CA,Los Angeles,code_enforcement,HTML,public_html,,CNAP multi-agency task force on vacant/abandoned nuisance properties since 1997.
LA Building & Safety Cases Analysis,https://controller.lacity.gov/landings/building-safety,city,CA,Los Angeles,dashboard,interactive,public_html,,City Controller dashboard of building & safety cases.
LAMC 41.24 Vacated Building Nuisance,https://codelibrary.amlegal.com/codes/los_angeles/latest/lamc/0-0-0-190460,city,CA,Los Angeles,municipal_code,HTML,public_html,,Ordinance text. Abatement of Vacant Buildings.
Empty Los Angeles,https://www.emptylosangeles.com/,city,CA,Los Angeles,community_blog,HTML,public_html,,Citizen project on empty/vacant properties in LA.
Oakland Vacant Property Tax Portal,https://vacantpropertytax.oaklandca.gov/,city,CA,Oakland,registry,HTML,login_required,,Measure W vacant property tax registry. Owners register exemption or petition. Underlying list not public.
Oakland Foreclosed Properties Summary,https://www.oaklandca.gov/files/assets/city/v/3/planning-amp-building/documents/ce/fb-online-summary.pdf,city,CA,Oakland,registry,PDF,public_html,,Foreclosed & defaulted residential registry summary.
Oakland Code Enforcement,https://www.oaklandca.gov/topics/private-property-complaints--code-enforcement,city,CA,Oakland,code_enforcement,HTML,public_html,,Report blight via OAK311; access enforcement notices.
Oakland Code Enforcement Citizen Portal,https://aca-prod.accela.com/oakland/Cap/CapApplyDisclaimer.aspx?module=Enforcement&TabName=Enforcement,city,CA,Oakland,code_enforcement,Accela,public_html,,Accela portal — search active code enforcement cases.
Oakland Auditor Blight Report,https://www.oaklandauditor.com/wp-content/uploads/2018/11/20180525_Blighted-Property-Report_Final.pdf,city,CA,Oakland,research,PDF,public_html,,Auditor report assessing blight on Oakland's public lands.
Oakland Open Data Portal,https://data.oaklandca.gov/,city,CA,Oakland,open_data,Socrata,open_api,,Socrata open data portal — search for code enforcement datasets.
Oakland GIS Open Data,https://oakland-oakgis.opendata.arcgis.com/,city,CA,Oakland,open_data,ArcGIS,public_html,,ArcGIS Hub with geospatial datasets.
Terner Center Mapping Oakland Vacant Parcels,https://ternercenter.berkeley.edu/research-and-policy/mapping-oaklands-vacant-parcels/,city,CA,Oakland,research,HTML,public_html,,UC Berkeley Terner Center analysis of vacant parcels in Oakland.
SF Department of Building Inspection - Vacant Buildings,https://www.sf.gov/departments--department-building-inspection,city,CA,San Francisco,registry,HTML,public_html,,SF DBI vacant building program. Registry kept by DBI.
SF Register Your Vacant Building,https://www.sf.gov/register-your-vacant-building,city,CA,San Francisco,registry,HTML,public_html,,Owner registration form. Annual fee $1850.
SF Vacant Building Package PDF,https://media.api.sf.gov/documents/Vacant_Building_Package-Eff._2025-09-01.pdf,city,CA,San Francisco,registry,PDF,public_html,,Vacant Building Package effective 2025-09-01 — process documentation.
SF Vacant Storefront Registry,https://www.sf.gov/register-your-vacant-storefront,city,CA,San Francisco,registry,HTML,public_html,,Required registration for vacant commercial storefronts.
SF Food Not Bombs Empty Buildings List,https://sffnb.org/list-of-san-francisco-empty-and-abandoned-buildings/,city,CA,San Francisco,community_list,HTML,public_html,~700,Community-compiled list referencing DBI registry data (~700 addresses).
Sacramento Vacant Building Cases,https://www.citizenserve.com/Sacramento/CitizenController?Action=SacramentoVacantBuildingCases&CtzPagePrefix=Sa&InstallationID=43,city,CA,Sacramento,code_enforcement,CitizenServe,public_html,~150,Public list of active vacant building cases with addresses and case types.
Sacramento Public Permit Portal,https://aca-prod.accela.com/SACRAMENTO/Default.aspx,city,CA,Sacramento,permits,Accela,public_html,,Accela permit portal — public statuses fees details.
Sacramento Records Library,https://records.cityofsacramento.org/,city,CA,Sacramento,records,HTML,public_html,,City records library; permit histories code violation lists.
Sacramento Open Data,https://data.cityofsacramento.org/,city,CA,Sacramento,open_data,ArcGIS,public_html,,ArcGIS Hub. Building permits archive (issued + applied).
Sacramento Enhanced Vacant Lot/Building Program PDF,https://records.cityofsacramento.org/ViewDoc.aspx?ID=s6tFBnt4W+KptCkk1KsPkuqpz+0EJdgG,city,CA,Sacramento,research,PDF,public_html,,Enhanced Vacant Lot and Vacant Building Monitoring and Enforcement Program documentation.
Fresno Code Enforcement,https://www.fresno.gov/cityattorney/codeenforcement/,city,CA,Fresno,code_enforcement,HTML,public_html,,Vacant property registry; ordinance 10-617 effective 2015-06-19. 30-day vacancy triggers registration.
Fresno Code Enforcement FAQ,https://www.fresno.gov/cityattorney/codeenforcement/code-enforcement-faqs/,city,CA,Fresno,code_enforcement,HTML,public_html,,FAQ describing registry $250/mo penalty for non-registration.
Stockton Code Enforcement,https://www.stocktonca.gov/services/code_enforcement/index.php,city,CA,Stockton,code_enforcement,HTML,public_html,,Neighborhood Services runs RISE blight-detection program with AI vehicle scans (2025).
Stockton Property Maintenance Code,https://ecode360.com/43676130,city,CA,Stockton,municipal_code,HTML,public_html,,Property maintenance ordinance text.
Stockton Abandoned/Vacant Property Code,https://ecode360.com/43711719,city,CA,Stockton,municipal_code,HTML,public_html,,Maintenance security and rehabilitation of abandoned and vacant property.
Long Beach Vacant Lot Registry,https://www.longbeach.gov/lbcd/enforcement/lot/,city,CA,Long Beach,registry,HTML,public_html,,Public Vacant Lot Database + map. Coordinated with foreclosure registry and Vacant Building Monitoring.
Long Beach Nuisance Abatement,https://www.longbeach.gov/lbcd/enforcement/nuisance-abatement/,city,CA,Long Beach,code_enforcement,HTML,public_html,,Nuisance abatement ordinance and process.
Bakersfield Code Enforcement,https://www.bakersfieldcity.us/189/Code-Enforcement,city,CA,Bakersfield,code_enforcement,HTML,public_html,,CNP — Chronic Vacant Nuisance Properties program; acquisitions and demolitions.
Bakersfield CNP Resolution,https://bakersfield.novusagenda.com/AgendaPublic/AttachmentViewer.ashx?AttachmentID=31846&ItemID=13022,city,CA,Bakersfield,research,PDF,public_html,,Resolution 155-2022 — direction for acquisition of CNP-designated properties.
Bakersfield Public Nuisances Code 8.80,https://bakersfield.municipal.codes/Code/8.80,city,CA,Bakersfield,municipal_code,HTML,public_html,,Chapter 8.80 Abatement of Public Nuisances.
San Bernardino City Code Enforcement,https://www.sanbernardino.gov/231/Code-Enforcement-Division,city,CA,San Bernardino,code_enforcement,HTML,public_html,,City code enforcement; report at 909-998-2000 or online.
San Bernardino County Code Enforcement,https://lus.sbcounty.gov/code-enforcement-home/,county,CA,San Bernardino,code_enforcement,HTML,public_html,,Countywide Land Use Services code enforcement.
Seattle Code Complaints (Open Data),https://data.seattle.gov/resource/ez4a-iug7,city,WA,Seattle,open_data,Socrata,open_api,4110,SDCI code complaints + violations dataset. Filter description LIKE '%vacant building%' returns 4110 records with addresses + lat/lon.
Seattle Vacant Building Standards,https://www.seattle.gov/sdci/codes/codes-we-enforce-(a-z)/vacant-building-standards,city,WA,Seattle,code_enforcement,HTML,public_html,,SDCI Vacant Building Monitoring program; ~200-500 properties currently monitored.
Seattle Vacant Building Monitoring PDF,https://www.seattle.gov/documents/Departments/SDCI/Codes/VacantBuildingMonitoring.pdf,city,WA,Seattle,registry,PDF,public_html,,Program description document.
Seattle SDCI Vacant Buildings FAQ,https://www.seattle.gov/sdci/codes/common-code-questions/vacant-buildings,city,WA,Seattle,code_enforcement,HTML,public_html,,Common-question page about Seattle's vacant building rules.
Seattle Vacant Building Monitoring Report,http://herbold.seattle.gov/wp-content/uploads/2018/05/SDCI-Vacant-Building-Monitoring-Enhancements-Report-4.30.18.pdf,city,WA,Seattle,research,PDF,public_html,,Councilmember Herbold's 2018 report on program enhancements.
Seattle GeoData ArcGIS Hub,https://data-seattlecitygis.opendata.arcgis.com/,city,WA,Seattle,open_data,ArcGIS,public_html,,Seattle GIS open data hub.
Tacoma Municipal Code Title 2 Buildings,https://cms.cityoftacoma.org/cityclerk/files/municipalcode/title02-buildings.pdf,city,WA,Tacoma,municipal_code,PDF,public_html,,Title 2 Buildings — references nuisance abatement.
Tacoma City 311,https://tacoma.gov/,city,WA,Tacoma,code_enforcement,HTML,public_html,,Report vacant/blighted properties via 311. No public registry surfaced.
Historic Tacoma Watch List,https://historictacoma.org/historic.hemisphere.site/historic.hemisphere.site/watchlist,city,WA,Tacoma,community_list,HTML,public_html,,Preservation org's watch list of endangered/vacant historic buildings.
Spokane Property Information (Scout),https://cp.spokanecounty.org/scout/propertyinformation/,county,WA,Spokane,assessor,HTML,public_html,,Spokane County parcel and property data lookup.
Spokane County Surplus Property,https://www.spokanecounty.gov/837/Surplus-Property,county,WA,Spokane,surplus_property,HTML,public_html,,County-owned surplus property listings.
Portland URM Buildings List,https://www.portland.gov/ppd/unreinforced-masonry-urm-buildings/unreinforced-masonry-buildings-list,city,OR,Portland,research,HTML,public_html,1600+,Unreinforced masonry buildings list. 1415 commercial + 248 multifamily + 54 institutional + 14 other. Addresses available on request.
Portland Code 29.40 Dangerous & Derelict Structures,https://portlandoregon.gov/citycode/28733,city,OR,Portland,municipal_code,HTML,public_html,,Definition: derelict = unoccupied 6+ months or sooner if attractive nuisance.
Portland Abandoned Structure Code 24.15.020,https://www.portland.gov/code/24/15/020,city,OR,Portland,municipal_code,HTML,public_html,,Definition of abandoned structure for foreclosure.
Portland Citywide Surplus Real Property,https://www.portland.gov/fleet-and-facilities/facilities/citywide-surplus-real-property,city,OR,Portland,surplus_property,HTML,public_html,,City-owned surplus property list.
Portland Distressed Foreclosure Auctions,https://www.portland.gov/treasury/news/2024/9/26/city-portland-auction-distressed-properties-public-foreclosure-sale-sept-30,city,OR,Portland,foreclosure,HTML,public_html,,Annual city foreclosure auctions of distressed properties.
Portland Maps,https://www.portlandmaps.com/,city,OR,Portland,parcel_gis,HTML,public_html,,Permits code enforcement cases parcel data.
Willamette Week PDX Vacant Map,https://www.wweek.com/news/chasing-ghosts/2025/01/07/find-every-portland-vacant-property-weve-explored-with-this-interactive-map/,city,OR,Portland,community_list,interactive_map,public_html,,Investigative journalism interactive map of vacant Portland properties.
Vallejo Vacant Real Property Registration,https://www.vallejo.gov/our_city/departments_divisions/planning_development_services/code_enforcement/vacant_real_property_registration_program,city,CA,Vallejo,registry,HTML,records_request,,VMC Ch 7.62. Includes vacant lots commercial and residential since 2020. $519.71 initial fee. $200/day non-compliance penalty.
Vallejo Vacant Real Property Ordinance PDF,https://www.cityofvallejo.net/common/pages/GetFile.ashx?key=0h4%2FARLg,city,CA,Vallejo,municipal_code,PDF,public_html,,Vacant Real Property Registration ordinance text.
Richmond CA Vacant Dwellings & Buildings,https://www.ci.richmond.ca.us/1091/Vacant-Dwellings-and-Buildings,city,CA,Richmond,registry,HTML,public_html,,RMC §6.38 and §2.62.040. Registration required within 30 days of vacancy. $239 annual fee.
Richmond CA Vacant Property Registration Forms,https://www.ci.richmond.ca.us/2838/Vacant-Property-Registration-Forms,city,CA,Richmond,registry,HTML,public_html,,Vacant property registration forms.
Riverside County Ordinance 881,https://ce.rctlma.org/residential-property-registration-abandoned-and-distressed-properties-faqs-0,county,CA,Riverside,registry,HTML,public_html,,Residential vacant registry under Ord 881. Covers Notice of Default / Trustee's Sale / foreclosure-pending parcels.
RivCoView Property Data Portal,https://rivcoview.rivcoacr.org/,county,CA,Riverside,parcel_gis,interactive_map,public_html,,Riverside County map-based dashboard with assessment tax sales permits.
South El Monte Vacant & Abandoned Property,https://cityofsouthelmonte.org/188/Vacant-Abandoned-Property,city,CA,South El Monte,registry,HTML,public_html,,Foreclosure registry administered via HERA Property Registry LLC.
Inglewood Vacant Property Listing,https://www.cityofinglewood.org/833/Vacant-Property-Listing,city,CA,Inglewood,registry,HTML,public_html,,Public-facing list page; data being updated as of 2026.
Inglewood Abandoned & Vacant Property Ordinance,https://ecode360.com/43784272,city,CA,Inglewood,municipal_code,HTML,public_html,,Inglewood municipal code: Abandoned and Vacant Property Registration and Maintenance.
Inglewood Residential Registry,https://www.cityofinglewood.org/1479/Inglewood-Residential-Registry,city,CA,Inglewood,registry,HTML,records_request,,Residential foreclosure/vacant registration.
Compton Property Assessment Info,https://www.comptoncity.org/services/property-assessment-info,city,CA,Compton,assessor,HTML,public_html,,Property assessment information; Compton Redevelopment Project Area covers ~2635 acres of historic blight.
CA HCD Housing Open Data,https://www.hcd.ca.gov/planning-and-community-development/housing-open-data-tools,state,CA,,open_data,dashboard,public_html,,State HCD open data tools on housing conditions vacant sites underutilized parcels.
CA HCD Statewide Housing Plan Dashboard,https://www.hcd.ca.gov/planning-and-community-development/statewide-housing-plan-dashboard,state,CA,,open_data,dashboard,public_html,,Statewide housing conditions and underutilized site data.
CA HCD Sites Inventory,https://www.hcd.ca.gov/housing-element/sites-inventory,state,CA,,open_data,form,public_html,,Local agencies submit electronic site inventory of vacant + redevelopment-potential parcels.
CA HCD Blight Resolution Sample,https://www.hcd.ca.gov/docs/grants-and-funding/2-1-Sample-Blight-Resolutions.pdf,state,CA,,research,PDF,public_html,,Sample blighted-area resolution template — cities adopt these to designate blight zones.
CA HCD Non-vacant/Underutilized Sites,https://www.hcd.ca.gov/housing-element/building-blocks/sites-zoning/non-vacant-underutilized,state,CA,,research,HTML,public_html,,Methodology for analyzing non-vacant sites with redevelopment potential including blighted parcels.
Eugene OR Code Compliance,https://www.eugene-or.gov/388/Code-Compliance,city,OR,Eugene,code_enforcement,HTML,public_html,,Eugene code compliance — search by address or case#. Vacant structures defined in EC 6.010(b).
Eugene Code Compliance Search,https://pdd.eugene-or.gov/CodeCompliance,city,OR,Eugene,code_enforcement,HTML,public_html,,Online case search portal for code violations.
Lane County OR Code Enforcement,https://www.lanecounty.org/government/county_departments/public_works/land_management_division/code_compliance_program,county,OR,Lane,code_enforcement,HTML,public_html,,County code compliance for unincorporated Lane County.
Salem OR Code Enforcement,https://www.cityofsalem.net/community/neighborhoods/report-concerns/code-enforcement,city,OR,Salem,code_enforcement,HTML,public_html,,Building violation reports available; Lien Forgiveness Program through 2026-06-30.
Salem OR Property Maintenance Code,https://library.municode.com/or/salem/codes/code_of_ordinances?nodeId=PTIICOOR_TITIVHESA_CH50PRMA,city,OR,Salem,municipal_code,HTML,public_html,,Chapter 50 Property Maintenance.
Klamath Falls Housing Blight,https://www.klamathfalls.city/184/Housing-Blight,city,OR,Klamath Falls,registry,HTML,records_request,157,City reports 157 blighted properties on internal list as of 2025; 9 rehabilitated. Tools include receivership ordinance. Public list not posted; request from city.
Klamath Falls Vacant Property Registration,https://www.klamathfalls.city/186/Vacant-Property-Registration,city,OR,Klamath Falls,registry,HTML,records_request,,2016 vacant property registration program. Lenders required to register zombie foreclosures.
Tacoma Derelict Building Registry,https://cms.cityoftacoma.org/NCS/CBS/Title02-Minimum_Building_Code.pdf,city,WA,Tacoma,registry,PDF,records_request,,Pierce County Auditor's Certificate of Complaint triggers Derelict Building registration within 10 days.
Tacoma Regulatory Compliance,https://tacoma.gov/government/departments/planning-and-development-services/regulatory-compliance/,city,WA,Tacoma,code_enforcement,HTML,public_html,,Tacoma PDS code enforcement / derelict building program.
Yakima Code Compliance,https://www.yakimawa.gov/services/codes/code-compliance/,city,WA,Yakima,code_enforcement,HTML,public_html,,City identified 119 dangerous vacant buildings in 2015 reduced to 47. Yak Back online complaint portal.
Yakima County Code Enforcement,https://www.yakimacounty.us/487/Code-Enforcement-Division,county,WA,Yakima,code_enforcement,HTML,public_html,,Countywide enforcement of building/fire/zoning nuisance ordinances.
Everett WA Municipal Code,https://everett.municipal.codes/EMC/OT,city,WA,Everett,municipal_code,HTML,public_html,,EMC Ch 16.16 requires registration of vacant commercial CBD properties.
Spokane Vacant/Abandoned Property Registry,https://my.spokanecity.org/administrative/public-records/,city,WA,Spokane,registry,HTML,records_request,,2014 ordinance (Waldref); annual $200 fee per property; private contractor maintains registry. List FOIA via Public Records.
Anchorage Vacant/Abandoned Building Registry,https://www.muni.org/Departments/OCPD/development-services/report-problem/Pages/Vacant-and-Abandoned-Buildings.aspx,city,AK,Anchorage,registry,HTML,records_request,,AO 2016-81. 30-day registration; escalating fees $100/$500/$1000+. AMC 15.20.105.
Anchorage Vacant Buildings Permit,https://www.muni.org/Departments/OCPD/development-services/Rhythm/Pages/ABANDONED.aspx,city,AK,Anchorage,registry,HTML,public_html,,Vacant and Abandoned Buildings Permit portal.
Anchorage Municipal Code 15.20.105,http://anchorage-ak.elaws.us/code/coor_title15_ch15.20_sec15.20.105,city,AK,Anchorage,municipal_code,HTML,public_html,,Ordinance text — duties to sign secure and maintain vacant buildings.
ADN Anchorage Blight Coverage,https://www.adn.com/alaska-news/anchorage/2018/05/20/a-city-crackdown-on-anchorages-abandoned-buildings-flares-up-in-airport-heights/,city,AK,Anchorage,news,HTML,public_html,,Anchorage Daily News coverage of city's abandoned-building crackdown.
Hawaii County Code Enforcement,https://www.dpw.hawaiicounty.gov/divisions/building/code-enforcement-information,county,HI,Hawaii,code_enforcement,HTML,public_html,,Big Island building code enforcement.
Hawaii County GIS Code Enforcement Hub,https://hawaii-county-public-works-hawaiicountygis.hub.arcgis.com/pages/blg-code-enforcement-information,county,HI,Hawaii,parcel_gis,ArcGIS,public_html,,Hawaii County Public Works ArcGIS hub for code enforcement info.
Detroit Open Data Portal,https://data.detroitmi.gov/,city,MI,Detroit,open_data,catalog,public_html,,Master Detroit open data hub — Socrata + ArcGIS.
Detroit Land Bank Inventory,https://data.detroitmi.gov/Property-Parcels/Land-Bank-Inventory/vsin-ur7i,city,MI,Detroit,land_bank,Socrata,open_api,,DLBA full inventory dataset — one of the largest blight datasets in the US.
Detroit DLBA Owned Properties,https://data.detroitmi.gov/datasets/848bc665295f4ca9b1e25068ffa88ab0_0/about,city,MI,Detroit,land_bank,ArcGIS,open_api,,DLBA owned parcels with geometry and attribute data.
Detroit Vacant Property Registrations,https://data-detroitmi.hub.arcgis.com/datasets/vacant-property-registrations-1/about,city,MI,Detroit,registry,ArcGIS,open_api,,BSEED-tracked vacant property registrations 2019-present.
Detroit Land Bank Authority,https://detroitmi.gov/document/detroit-land-bank-authority,city,MI,Detroit,land_bank,HTML,public_html,,DLBA official page; vacant land policy + program docs.
Cleveland Land Bank Available Parcels,https://data.clevelandohio.gov/datasets/city-of-cleveland-land-bank-available-parcels/about,city,OH,Cleveland,land_bank,ArcGIS,open_api,13000+,City of Cleveland Land Bank — 13000+ vacant parcels available for public sale. Map updated weekly.
Cleveland Land Bank Owned Parcels,https://data.clevelandohio.gov/datasets/ClevelandGIS::city-of-cleveland-land-bank-owned-parcels/explore,city,OH,Cleveland,land_bank,ArcGIS,open_api,,All Cleveland Land Bank owned parcels with map view.
Cuyahoga Land Bank,https://cuyahogalandbank.org/all-available-properties/,county,OH,Cuyahoga,land_bank,HTML,public_html,,County land bank separate from city; demolished 10000+ blighted properties.
Cleveland NST Property Status Map,https://www.arcgis.com/apps/webappviewer/index.html?id=4f45a7e9ebf84467bf7ba8caa25aa0f2,city,OH,Cleveland,parcel_gis,ArcGIS,public_html,,Neighborhood Stabilization Team property status map.
Cleveland Land Bank Program,https://www.clevelandohio.gov/city-hall/departments/community-development/programs-services/cleveland-land-bank,city,OH,Cleveland,land_bank,HTML,public_html,,Land bank program overview and application process.
St. Louis LRA Property,https://www.stlouis-mo.gov/data/datasets/dataset.cfm?id=30,city,MO,St. Louis,land_bank,API,open_api,,Land Reutilization Authority inventory — CSV/PDF/JSON. Updated nightly.
St. Louis LRA Inventory CSV,https://www.stlouis-mo.gov/data/datasets/distribution.cfm?id=145,city,MO,St. Louis,land_bank,CSV,downloadable,,Direct CSV download of LRA inventory excluding sold/retired.
St. Louis Vacant Buildings,https://www.stlouis-mo.gov/data/datasets/dataset.cfm?id=108,city,MO,St. Louis,registry,API,open_api,,All vacant buildings tracked by Building Division. Live updates 2017-present.
STL Vacancy Explorer,https://www.stlvacancytools.com/,city,MO,St. Louis,dashboard,interactive_map,public_html,,Interactive viewer aggregating LRA + vacant buildings + violations.
STL Vacancy Collaborative,https://www.stlvacancy.com/,city,MO,St. Louis,community_list,HTML,public_html,,Community organization tracking vacant lots/buildings.
St. Louis LRA Property Search,https://www.stlouis-mo.gov/government/departments/sldc/real-estate/lra-owned-property-search.cfm,city,MO,St. Louis,land_bank,HTML,public_html,,Search LRA-owned properties available for sale.
Chicago Vacant Building Registry,http://ipiweb.cityofchicago.org/vbr/,city,IL,Chicago,registry,HTML,login_required,,Mandatory VBR portal. $250-500 registration fees.
Chicago Vacant/Abandoned Buildings Violations,https://data.cityofchicago.org/Buildings/Vacant-and-Abandoned-Buildings-Violations/kc9i-wq85,city,IL,Chicago,open_data,Socrata,open_api,,Violations issued against vacant/abandoned buildings.
Chicago 311 Vacant Buildings Reported,https://data.cityofchicago.org/Service-Requests/311-Service-Requests-Vacant-and-Abandoned-Building/7nii-7srd,city,IL,Chicago,open_data,Socrata,open_api,,All 311 calls reporting vacant/abandoned buildings since 2010. Daily updates.
Chicago Vacant Buildings by Neighborhood,https://data.cityofchicago.org/Buildings/Vacant-and-Abandoned-Buildings-by-Neighborhood/6enz-k5d6,city,IL,Chicago,open_data,Socrata,open_api,,Aggregate vacant building counts by neighborhood.
Chicago Vacant Buildings FAQ,https://www.chicago.gov/city/en/depts/bldgs/supp_info/vacant-buildings.html,city,IL,Chicago,code_enforcement,HTML,public_html,,Dept of Buildings vacant property program info.
Milwaukee Vacant Buildings,https://data.milwaukee.gov/dataset/accelavacantbuilding,city,WI,Milwaukee,registry,Accela,open_api,,VBR dataset extracted daily from Accela. Live + 72hr lag.
Milwaukee VBR,https://city.milwaukee.gov/DNSPrograms/VBR,city,WI,Milwaukee,registry,HTML,public_html,,Vacant Building Registration program since 2010-01-01.
Milwaukee Open Data Housing,https://data.milwaukee.gov/group/housing-and-property-information,city,WI,Milwaukee,open_data,catalog,public_html,,Housing & property data group.
Milwaukee Vacant Properties ArcGIS,https://www.arcgis.com/home/item.html?id=5088b169cd4346a49ec34a63bbfdca45,city,WI,Milwaukee,parcel_gis,ArcGIS,public_html,,Vacant Properties layer.
Milwaukee RPPF,https://city.milwaukee.gov/DNSPrograms/RPPF,city,WI,Milwaukee,registry,HTML,public_html,,Residential Property Pending Foreclosure registry.
Indianapolis Abandoned & Vacant Housing,https://data.indy.gov/datasets/abandoned-and-vacant-housing,city,IN,Indianapolis,open_data,ArcGIS,open_api,,Open Indy abandoned/vacant housing dataset.
Indianapolis Vacant to Vibrant,https://www.indy.gov/activity/vacant-to-vibrant,city,IN,Indianapolis,redevelopment,HTML,public_html,,2000 Homes initiative dashboard.
IndyGIS Assessor,https://maps.indy.gov/AssessorPropertyCards/,county,IN,Marion,assessor,HTML,public_html,,Marion County assessor property cards.
Cincinnati VBML Cases Map,https://cagismaps.hamilton-co.org/cincinnatiServices/CodeEnforcement/CincinnatiVacantBuildingCases/,city,OH,Cincinnati,registry,ArcGIS,public_html,,Vacant Building Maintenance License (VBML) case map.
Cincinnati VBML Program,https://www.cincinnati-oh.gov/buildings/property-maintenance-code-enforcement/vacated-condemned-buildings-vbml/,city,OH,Cincinnati,code_enforcement,HTML,public_html,,Vacated & Condemned Buildings VBML.
Cincinnati Vacant Foreclosed Property Registration,https://www.cincinnati-oh.gov/buildings/property-maintenance-code-enforcement/vacant-foreclosed-property-registration-vfpr/,city,OH,Cincinnati,registry,HTML,public_html,,VFPR program.
Genesee County Land Bank,https://www.thelandbank.org/activateland.asp,county,MI,Genesee,land_bank,HTML,public_html,,Flint-area land bank since 2004.
Flint Property Portal,https://www.thelandbank.org/,city,MI,Flint,land_bank,interactive_map,public_html,,Real-time inventory of every Flint property.
Michigan State Land Bank,https://www.michigan.gov/leo/bureaus-agencies/landbank,state,MI,,land_bank,HTML,public_html,,Statewide land bank authority.
Gary IN City Properties,https://www.gary.gov/redevelopment/city-properties,city,IN,Gary,redevelopment,HTML,public_html,,Gary Redevelopment Commission listings.
Baltimore Vacant Building Notices,https://data.baltimorecity.gov/datasets/baltimore::vacant-building-notices,city,MD,Baltimore,registry,ArcGIS,open_api,,Vacant Building Notices. Daily updates since 2011.
Baltimore Open Bid List V2V,https://data.baltimorecity.gov/maps/baltimore::open-bid-list-vacants-to-value,city,MD,Baltimore,redevelopment,ArcGIS,open_api,,Vacants to Value open bid list.
Baltimore V2V Resources,https://www.baltimorecity.gov/dhcd/vacants-reduction-plan/vacant-property-resources-and-information,city,MD,Baltimore,redevelopment,HTML,public_html,,Vacants Reduction Plan resources.
Baltimore V2V Property Search,https://dhcd.baltimorecity.gov/property-search-map-faq,city,MD,Baltimore,registry,interactive_map,public_html,,V2V Property Search Map.
Baltimore County Vacant Properties,https://opendata.baltimorecountymd.gov/datasets/BC-GIS::vacant-properties/explore,county,MD,Baltimore,registry,ArcGIS,open_api,,Baltimore County vacant properties dataset.
Baltimore Heritage Vacant Buildings 101,https://baltimoreheritage.github.io/vacant-buildings-101/guides/counting-vacants/,city,MD,Baltimore,research,HTML,public_html,,Civic guide to interpreting Baltimore's vacant building data.
DC Vacant & Blighted Building Footprints,https://opendata.dc.gov/datasets/vacant-and-blighted-building-footprints/about,city,DC,Washington,registry,ArcGIS,open_api,,Vacant/blighted properties from ITSPE with footprints.
DC ITSPE Vacant & Blighted Extract,https://catalog.data.gov/dataset/integrated-tax-system-public-extract-vacant-and-blighted,city,DC,Washington,registry,CSV,downloadable,,Integrated Tax System Public Extract.
DC Vacant Buildings Enforcement,https://dob.dc.gov/vacantbuildings,city,DC,Washington,code_enforcement,HTML,public_html,,DC Dept of Buildings vacant building enforcement.
DC Open Data Vacant Tag,https://opendata.dc.gov/search?tags=vacant,city,DC,Washington,open_data,catalog,public_html,,DC open data tagged 'vacant.'
Atlanta Vacant Property Registry,https://www.atlantapd.org/services/register-a-vacant-property,city,GA,Atlanta,registry,HTML,public_html,,APD Code Enforcement vacant property registry. $100/year/property.
Metro Atlanta Land Bank,https://metroatlantalandbank.org/,city,GA,Atlanta,land_bank,HTML,public_html,,Fulton County/City of Atlanta Land Bank Authority.
Metro Atlanta Land Bank Portal,https://public-fcca.epropertyplus.com/,city,GA,Atlanta,land_bank,ePropertyPlus,public_html,,Public ePropertyPlus portal.
GALBA Georgia Land Banks,https://www.galbaonline.com/,state,GA,,land_bank,HTML,public_html,,Georgia Association of Land Bank Authorities.
Fulton County Abandoned/Vacant Form,https://www.fultoncountyga.gov/-/media/Forms/Police-Forms/Abandoned-and-Vacant-Building-App-Final.ashx,county,GA,Fulton,registry,PDF,public_html,,Fulton County registration form.
Birmingham Land Bank Authority,https://birminghamlandbank.org/,city,AL,Birmingham,land_bank,HTML,public_html,,Established 2014.
Birmingham Land Bank Programs,https://birminghamlandbank.org/programs/,city,AL,Birmingham,land_bank,HTML,public_html,,Programs incl side-yard sales.
Jefferson County AL Land Bank,https://jeffersoncountylandbank.org/,county,AL,Jefferson,land_bank,HTML,public_html,,Countywide land bank.
FightBlightBham,https://www.fightblightbham.com/city-government/birmingham-land-bank-authority/,city,AL,Birmingham,community_blog,HTML,public_html,,Citizen-resource guide.
New Orleans NORA Uncommitted Inventory,https://data.nola.gov/Housing-Land-Use-and-Blight/NORA-Uncommitted-Property-Inventory/5ktx-e9wc,city,LA,New Orleans,land_bank,Socrata,open_api,,Primary NORA vacant property inventory.
New Orleans NORA Inventory Map,https://data.nola.gov/Housing-Land-Use-and-Blight/NORA-Uncommitted-Property-Inventory-Map/cx4b-64ru,city,LA,New Orleans,land_bank,Socrata,interactive_map,,Map view.
New Orleans BlightStatus Demolitions,https://data.nola.gov/Housing-Land-Use-and-Blight/BlightStatus-Demolitions/e3wd-h7q2,city,LA,New Orleans,registry,Socrata,open_api,,Demolition records.
NORA Property Viewer,https://noraproperty.nola.gov/map/,city,LA,New Orleans,land_bank,interactive_map,public_html,,Interactive map.
NOLA Property Viewer,https://property.nola.gov/,city,LA,New Orleans,parcel_gis,HTML,public_html,,Citywide property lookup.
Empty New Orleans Map,https://prcno.org/empty-new-orleans-explore-web-map/,city,LA,New Orleans,community_list,interactive_map,public_html,,PRC vacant properties map.
NORA About,https://www.noraworks.org/about/,city,LA,New Orleans,land_bank,HTML,public_html,,NORA overview.
Jackson MS Blight Elimination,https://jacksonms.gov/blight-elimination/,city,MS,Jackson,redevelopment,HTML,public_html,,City blight elimination program.
Jackson MS Blight 2nd App List,https://www.jacksonms.gov/document/blight-elimination-2nd-application-property-list/,city,MS,Jackson,registry,PDF,public_html,,Property list for 2nd-round demolitions.
MS Statewide Abandoned Properties,https://magnoliatribune.com/2024/09/09/city-of-jackson-has-nearly-a-quarter-of-mississippis-abandoned-properties/,state,MS,,registry,HTML,public_html,1800+,~1800 state-owned abandoned properties statewide.
Dallas Vacant Building Registration,https://www.dawgsinc.com/dallas-tx-vacant-property-ordinances-for-investors-rehabbers-and-realtors/,city,TX,Dallas,registry,HTML,public_html,,Dallas City Code Ch 48B CBD VPR.
Houston Housing Data Center,https://www.houstontx.gov/housing/research.html,city,TX,Houston,open_data,catalog,public_html,,City of Houston Housing Resource & Data Center.
HCAD Harris County Appraisal,https://hcad.org/,county,TX,Harris,assessor,HTML,public_html,,Harris County Appraisal District.
Texas Problem Properties Toolkit,https://law.utexas.edu/wp-content/uploads/sites/11/2015/07/2010-ECDC-ProblemPropertiesTexasToolkit.pdf,state,TX,,research,PDF,public_html,,UT Law toolkit.
Camden NJ VPR,https://www.camdennj.gov/camdenvpr/,city,NJ,Camden,registry,HTML,public_html,,Camden VPR $500/year/property escalating.
Camden Abandoned Property Ordinance,https://www.camdennj.gov/wp-content/uploads/2025/03/Chapter-615-Property-Vacant-and-Abandoned-1.pdf,city,NJ,Camden,municipal_code,PDF,public_html,,Ch 615 Property Vacant and Abandoned.
Newark Office of Vacant & Abandoned Property,https://www.newarknj.gov/618/Office-of-Vacant-and-Abandoned-Property,city,NJ,Newark,code_enforcement,HTML,public_html,,Newark's VAP office.
Trenton Vacant Property Registration,https://www.trentonnj.org/240/Vacant-Property-Registration,city,NJ,Trenton,registry,HTML,public_html,,Trenton VPR.
HCDNNJ Abandoned Property List,https://www.hcdnnj.org/index.php?option=com_content&view=article&catid=19:site-content&id=605:abandoned-property-list,state,NJ,,registry,HTML,public_html,,HCDNNJ abandoned property list info.
NYC Building Vacant Open Unsecured,https://data.cityofnewyork.us/Social-Services/Building-Vacant-Open-Unsecured/br7h-6m8v,city,NY,New York,open_data,Socrata,open_api,,Primary NYC vacant/open/unsecured building dataset.
NYC HPD Open Data,https://www.nyc.gov/site/hpd/about/open-data.page,city,NY,New York,open_data,catalog,public_html,,HPD vacant buildings/lots data.
NYC VACANT MAN Dataset,https://data.cityofnewyork.us/Housing-Development/VACANT-MAN/742a-8ifx,city,NY,New York,open_data,Socrata,open_api,,VACANT MAN dataset.
NYC Vacant Storefronts,https://github.com/NewYorkCityCouncil/vacant_storefronts,city,NY,New York,research,GitHub,public_html,,NYC Council vacant storefronts analysis.
Rochester NY Vacant Structures Map,https://data.cityofrochester.gov/datasets/city-of-rochester-vacant-structures-vacant-land-and-city-owned-properties,city,NY,Rochester,registry,ArcGIS,open_api,,Rochester vacant structures + vacant land + city-owned.
Rochester DataROC,https://data.cityofrochester.gov/,city,NY,Rochester,open_data,catalog,public_html,,Rochester open data portal.
Rochester VBR,https://www.cityofrochester.gov/departments/neighborhood-and-business-development/vacant-building-registry-vbr,city,NY,Rochester,registry,HTML,public_html,,VBR — owners of buildings vacant 60+ days must register (2024).
Rochester BuildingBlocks,https://www.cityofrochester.gov/departments/neighborhood-and-business-development/buildingblocks,city,NY,Rochester,parcel_gis,interactive_map,public_html,,Advanced property info viewer.
Syracuse Vacant Properties Open Data,https://data.syr.gov/datasets/c23882a4f7904747ab7a4cab637d912d_0/explore,city,NY,Syracuse,registry,ArcGIS,open_api,,Vacant Properties dataset on Syracuse open data portal.
Syracuse Vacant Property Registry,https://www.syr.gov/Departments/Code-Enforcement/Periodic-Inspections/Vacant-Property-Registry,city,NY,Syracuse,registry,HTML,public_html,,VPR for owners with exterior code violations.
Buffalo Demolition,https://www.buffalony.gov/450/Demolition,city,NY,Buffalo,code_enforcement,HTML,public_html,,City demolition program — historic average 458 demos/year (2000-2013).
Buffalo PRS Demolition by Neglect,https://www.preservationready.org/SortByZip/DemolitionByNeglect,city,NY,Buffalo,community_list,HTML,public_html,2188,Preservation-Ready Sites: 2188 buildings tracked.
Buffalo PPG Vacant Housing Brief,https://ppgbuffalo.org/files/documents/data-demographics-history/demographics_and_data/datademographicshistory-_vacant_and_abandoned_housing_in_buffalo.pdf,city,NY,Buffalo,research,PDF,public_html,,PPG 2014 brief on vacant/abandoned housing.
Phoenix Vacant Property Registry,https://www.phoenix.gov/administration/departments/nsd/blight-removal/code-enforcement/vacant-property-registry.html,city,AZ,Phoenix,registry,HTML,public_html,,VPR effective 2024-01-01 via myPHX311. $500-2500 non-compliance.
Phoenix VPR Handout PDF,https://www.phoenix.gov/content/dam/phoenix/citymanagersite/documents/Vacant%20Property%20Registry%20Handout%20(English)%202024%2003-11.pdf,city,AZ,Phoenix,registry,PDF,public_html,,Official VPR program handout.
Kansas City Land Bank Open Data,https://data.kcmo.org/stories/s/Land-Bank-and-Homesteading-Authority/t82c-gg6n/,city,MO,Kansas City,land_bank,Socrata,open_api,,KC Land Bank + Homesteading Authority data.
Kansas City VPR,https://www.kcmo.gov/city-hall/departments/neighborhoods-housing-services/neighborhood-preservation/vacant-property-registration,city,MO,Kansas City,registry,HTML,public_html,17856,~17856 vacant properties citywide (2023).
Kansas City Land Bank Portal,https://public-kclb.epropertyplus.com/,city,MO,Kansas City,land_bank,ePropertyPlus,public_html,,Public ePropertyPlus inventory.
Missouri Land Banks Directory,https://molandbanks.com/,state,MO,,land_bank,HTML,public_html,,Statewide directory.
Louisville Abandoned Urban Property,https://louisville-metro-opendata-lojic.hub.arcgis.com/documents/3410e35e77064ba9b9eac2106885df85,city,KY,Louisville,registry,ArcGIS,open_api,,Annual Abandoned Urban Property designation list.
Louisville Vacant & Public Property Data Group,https://data.louisvilleky.gov/group/vacant-and-public-property-administration,city,KY,Louisville,open_data,catalog,public_html,,Dataset group for vacant/public property.
Louisville VAP Strategies,https://louisvilleky.gov/government/community-development/vacant-and-abandoned-property-strategies,city,KY,Louisville,redevelopment,HTML,public_html,,VAP strategies & resources.
LOJIC Open Data,https://data.lojic.org/search?tags=abandoned+properties,city,KY,Louisville,open_data,ArcGIS,public_html,,LOJIC datasets.
Las Vegas Abandoned Property Registry,https://www.lasvegasnevada.gov/Business/Planning-Zoning/Code-Enforcement/Abandoned-Property-Registry,city,NV,Las Vegas,registry,HTML,public_html,,City of Las Vegas Abandoned Property Registry.
Columbia SC Vacant Building Ordinance,https://columbiapd.net/code-enforcement/vacant-building-ordinance/,city,SC,Columbia,code_enforcement,HTML,public_html,,Columbia PD Code Enforcement — vacant building program.
Charleston SC GIS,https://gis.charleston-sc.gov/document-search/,city,SC,Charleston,parcel_gis,HTML,public_html,,Charleston SC GIS.
Charleston County SC Records,https://sc-charleston.publicaccessnow.com/,county,SC,Charleston,assessor,HTML,public_html,,Charleston County real property records.
Huntington WV Vacant Building Registry,https://wvpublic.org/huntington-creates-vacant-building-registry/,city,WV,Huntington,registry,HTML,public_html,,Huntington VBR — 30+ day vacancy registration.
Wheeling WV Anti-Blight,https://www.wheelingwv.gov/preventing-or-eliminating-slums-or-blight,city,WV,Wheeling,redevelopment,HTML,public_html,,Wheeling slum/blight elimination program.
WV BAD Buildings,https://badbuildings.wvu.edu/resources/tools/prevent-blight,state,WV,,research,HTML,public_html,,WVU BAD Buildings program.
WV LEAP Legal Toolkit,https://wvleap.wvu.edu/files/d/cf7aade6-10ca-4df7-b154-6956dbad3b85/from-liability-to-viability.pdf,state,WV,,research,PDF,public_html,,Legal toolkit.
Charleston WV BAD Buildings,https://www.charlestonwv.gov/sites/default/files/non-departmental-documents/2019-03/WSNAWestSideBADBuildingsFINALReportMay252018.pdf,city,WV,Charleston,research,PDF,public_html,,West Side BAD Buildings final report.
LoopNet Commercial,https://www.loopnet.com/,national,,,commercial_listings,HTML,public_html,,Largest CRE listing site. Filter for distressed/abandoned/shell/as-is/value-add.
Crexi Commercial,https://www.crexi.com/,national,,,commercial_listings,HTML,public_html,,CRE listing competitor — strong on auctions/distressed.
Auction.com,https://www.auction.com/,national,,,foreclosure,HTML,public_html,,National foreclosure/REO/auction listings.
Zillow Foreclosures,https://www.zillow.com/foreclosures/,national,,,foreclosure,HTML,public_html,,Foreclosure search.
Realtor.com,https://www.realtor.com/,national,,,residential_listings,HTML,public_html,,Filter by foreclosure status.
Norristown Blighted Property Removal Committee,https://www.norristown.org/299/Blighted-Property-Removal-Committee,city,PA,Norristown,code_enforcement,HTML,public_html,,Designates/certifies blighted property under PA Urban Redevelopment Law.
Norristown Abandoned Real Property Ord,https://ecode360.com/33560895,city,PA,Norristown,registry,HTML,public_html,,Foreclosure/vacancy registration program.
Norristown Code Enforcement,https://www.norristown.org/180/Buildings-Code-Enforcement,city,PA,Norristown,code_enforcement,HTML,public_html,,Dept of Buildings & Code Enforcement.
Norristown Property Maintenance Code,https://norristown.org/DocumentCenter/View/4693/2021-Norristown-Property-Maintenance-and-Building-Code,city,PA,Norristown,municipal_code,PDF,public_html,,2021 Norristown Property Maintenance and Building Code.
Norristown SeeClickFix,https://en.seeclickfix.com/norristown/categories/blighted_property,city,PA,Norristown,community_list,HTML,public_html,,Crowdsourced 311 blighted property reports.
Pottstown Borough Land Bank,https://www.pottstown.org/432/Land-Bank-Board,city,PA,Pottstown,land_bank,HTML,public_html,,PBLB established 2017-11-13.
Pottstown Land Bank Ord,https://ecode360.com/32967165,city,PA,Pottstown,municipal_code,HTML,public_html,,Borough Land Bank ordinance.
Pottstown Blighted Property Review Committee,https://www.pottstown.org/202/Blighted-Property-Review-Committee,city,PA,Pottstown,code_enforcement,HTML,public_html,,Identifies/determines blighted properties.
Bensalem Vacant Property Review Board,https://library.municode.com/pa/bensalem/codes/code_of_ordinances?nodeId=PTIADLE_CH45VAPRREBO,city,PA,Bensalem,code_enforcement,HTML,public_html,,Ch 45 Vacant Property Review Board.
Newtown Township Codes,https://newtownpa.gov/newtown-township-department-of-codes-zoning/,city,PA,Newtown,code_enforcement,HTML,public_html,,Codes & Zoning Dept. Small affluent township.
Bucks County RDA Blight Program,https://www.bcrda.com/blight-abatement-program/,county,PA,Bucks,redevelopment,HTML,public_html,,BCRDA Blight Abatement Program. Bristol Township + Morrisville participate.
Bucks County Tax Claim Bureau,https://www.buckscounty.gov/323/Tax-Claim-Bureau,county,PA,Bucks,tax_records,HTML,public_html,,Upset/Judicial/Repository sales.
Bucks County Repository Sales,https://www.buckscounty.gov/2107/Repository-Sales,county,PA,Bucks,tax_records,HTML,public_html,,Repository sale — parcels available for $500+.
Bucks County Property Tax Inquiry,https://buckspa.devnetwedge.com/,county,PA,Bucks,assessor,HTML,public_html,,Bucks parcel/assessment search.
Bucks County Sheriff Sales,https://www.buckscounty.gov/579/Sheriff-Sales,county,PA,Bucks,foreclosure,HTML,public_html,,Sheriff foreclosure sales.
Montgomery County PA Tax Claim Bureau,https://www.montgomerycountypa.gov/569/Tax-Claim-Bureau,county,PA,Montgomery,tax_records,HTML,public_html,,Tax claim bureau.
Montgomery County PA Upset Sale,https://www.montgomerycountypa.gov/2331/Upset-Sale,county,PA,Montgomery,tax_records,HTML,public_html,,Annual Upset Sale.
Montgomery County PA Judicial Sale,https://www.montgomerycountypa.gov/2330/Judicial-Sale,county,PA,Montgomery,tax_records,HTML,public_html,,Judicial Sale.
PA DCED Blight & Land Banks,https://dced.pa.gov/local-government/blight-and-land-banks/,state,PA,,state_program,HTML,public_html,,PA land bank + blight resources.
PA Housing Alliance Land Bank Guide,https://housingalliancepa.org/wp-content/uploads/LandBankResourceGuideREVsinglepages.pdf,state,PA,,research,PDF,public_html,,PA Land Bank Resource Guide.
Coatesville RDA,https://www.coatesville.org/wp-content/uploads/2023/07/RDA-Bylaws-Amended-May-20-2013.pdf,city,PA,Coatesville,redevelopment,PDF,public_html,,Coatesville RDA bylaws.
Coatesville Downtown Revitalization Plan,https://2ndcenturyalliance.org/wp-content/uploads/2021/12/Downtown-Coatesville-Revitalization-Plan-and-ES.pdf,city,PA,Coatesville,redevelopment,PDF,public_html,,Coatesville plan with 'eliminate blight' as objective #1.
Delaware County Land Bank,https://whyy.org/articles/delaware-county-pennsylvania-land-bank-abandoned-properties/,county,PA,Delaware,land_bank,HTML,public_html,,New DelCo land bank.
Chester County Records Search,https://www.chesco.org/431/Records-Search,county,PA,Chester,assessor,HTML,public_html,,Chester County records search.
Chester County Recorder of Deeds,https://www.chesco.org/169/Recorder-of-Deeds,county,PA,Chester,land_records,HTML,public_html,,Eagle Web property records 1960+.
Cherry Hill NJ VPR,https://www.chnj.gov/1109/Foreclosed-Abandoned-Vacant-Property-Reg,city,NJ,Cherry Hill,registry,HTML,public_html,,VPR under Ord 2023-4. $500/yr + $2000 vacancy surcharge.
Cherry Hill NJ Ord 2023-4 PDF,https://chnj.gov/DocumentCenter/View/13810/Ordinance-2023-4?bidId=,city,NJ,Cherry Hill,municipal_code,PDF,public_html,,Cherry Hill VPR ordinance text.
NJ Vacant Property Tools Guidebook,https://www.njlm.org/DocumentCenter/View/274/Beyond-Code-Enforcement-Understanding-and-Using-Vacant-and-Abandoned-Property-Tools-in-Your-Municipality-PDF,state,NJ,,research,PDF,public_html,,NJ League of Municipalities guide.
HCDNNJ Abandoned Properties Guidebook,https://www.hcdnnj.org/assets/documents/PUB%20AbandonedPropertiesGuidebookFINAL.doc,state,NJ,,research,DOC,public_html,,Restoring Problem Properties guide.
Jersey City Vacant Property Inventory,https://www.jerseycitynj.gov/cityhall/housinganddevelopment/housingpreservation/vacantbuildinginventory,city,NJ,Jersey City,registry,HTML,public_html,,Jersey City vacant building inventory.
Miami Register Vacant/Abandoned,https://www.miami.gov/My-Home-Neighborhood/Register-Vacant-or-Abandoned-Structure-or-Lot,city,FL,Miami,registry,HTML,public_html,,Registration for vacant/blighted/abandoned structures + empty lots.
Miami-Dade Open Vacant Abandoned,https://www.miamidade.gov/building/standards/residential-properties-open-vacant-abandoned.asp,county,FL,Miami-Dade,registry,HTML,public_html,,Miami-Dade standards.
Jacksonville Foreclosure Property Registry,https://www.jacksonville.gov/departments/neighborhoods/neighborhoods-property-administration/foreclosure-property-registry,city,FL,Jacksonville,registry,HTML,public_html,,Foreclosure Property Registry est 2010. 2018: all vacant. $250/yr via Hera.
Jacksonville Municipal Code Compliance,https://www.jacksonville.gov/departments/neighborhoods/municipal-code-compliance,city,FL,Jacksonville,code_enforcement,HTML,public_html,,Property Safety & Maintenance Code enforcement.
Tampa Condemned Properties,https://www.tampa.gov/neighborhood-enhancement/info/properties-under-demolition-review,city,FL,Tampa,registry,HTML,public_html,,City list of condemned properties.
St Johns County FL VPR,https://www.sjcfl.us/vacant-property-registry/,county,FL,St Johns,registry,HTML,public_html,,St Johns County VPR.
Hernando County FL VPR,https://www.hernandocounty.us/departments/departments-a-e/code-enforcement/vacant-property-registration,county,FL,Hernando,registry,HTML,public_html,,Hernando County VPR.
Fort Lauderdale VPR,https://www.fortlauderdale.gov/government/departments-a-h/development-services/community-enhancement-and-compliance/administrative-services/application-programs,city,FL,Fort Lauderdale,registry,HTML,public_html,,Mandatory registration for vacant/abandoned + free voluntary vacant lots.
Broward County FL Abandoned/Vacant,https://www.broward.org/Planning/CodeEnforcement/Pages/VacantProp.aspx,county,FL,Broward,registry,HTML,public_html,,Ordinance 2009-80 abandoned/vacant property registration.
Lauderdale Lakes FL Vacant,https://www.lauderdalelakes.org/530/AbandonedVacant-Properties,city,FL,Lauderdale Lakes,registry,HTML,public_html,,City abandoned/vacant property registration.
Orlando Vacant Lots Inventory,https://www.orlando.gov/Our-Government/Records-and-Documents/Financial/Vacant-Lots-Inventory,city,FL,Orlando,registry,HTML,public_html,,Inventory of city-owned vacant lots.
Abandoned Florida,https://abandonedfl.com/,state,FL,,community_blog,HTML,public_html,,Photo blog of abandoned sites across FL.
Pinellas County Property Appraiser,https://www.pcpao.gov/quick-search,county,FL,Pinellas,assessor,HTML,public_html,,St Pete area parcel/owner/assessment search.
Minneapolis Vacant & Condemned Dashboard,https://www.minneapolismn.gov/government/government-data/datasource/vacant-condemned-property-dashboard/,city,MN,Minneapolis,registry,interactive_map,public_html,,Searchable dashboard of vacant & condemned properties.
Minneapolis VBR,https://www.minneapolismn.gov/business-services/licenses-permits-inspections/housing-code/vacant-building-registration/,city,MN,Minneapolis,registry,HTML,public_html,,VBR program — $7228.70 annual fee. PVE after 2 years.
St Paul Vacant Buildings Open Data,https://information.stpaul.gov/Buildings-Housing-Economic-Development/Vacant-Buildings-Map/rfbb-x7za,city,MN,St Paul,registry,Socrata,open_api,,Vacant Buildings dataset.
St Paul Vacant Buildings Map,https://information.stpaul.gov/maps/284c28f3acea45bd8a513f4d80bb0e67,city,MN,St Paul,registry,interactive_map,public_html,,Public map of vacant buildings.
St Paul Vacant Buildings Program,https://www.stpaul.gov/departments/safety-inspections/rent-buy-sell-property/vacant-buildings/vacant-building-program,city,MN,St Paul,code_enforcement,HTML,public_html,,Program documentation.
Denver Neglected & Derelict Buildings,https://www.denvergov.org/Government/Agencies-Departments-Offices/Agencies-Departments-Offices-Directory/Community-Planning-and-Development/Plan-Review-Permits-and-Inspections/Construction-Inspections/Neglected-and-Derelict-Buildings,city,CO,Denver,registry,HTML,public_html,160+,Denver CPD registry. Added 160 properties in 2024.
Colorado Springs Dilapidated Buildings,https://codelibrary.amlegal.com/codes/coloradospringsco/latest/coloradosprings_co/0-0-0-7546,city,CO,Colorado Springs,municipal_code,HTML,public_html,,Section 6.12.606 dilapidated buildings registration.
Colorado Springs URA,https://www.csura.org/definitions.html,city,CO,Colorado Springs,redevelopment,HTML,public_html,,Urban Renewal Authority blight definitions.
Tulsa County Sheriff Property Auctions,https://tcso.org/resources/property-auctions/,county,OK,Tulsa,foreclosure,HTML,public_html,,Sheriff's tax-delinquent auctions.
Toledo Vacant Property Registration,https://toledo.oh.gov/residents/neighborhoods/revitalization/vacant-lots-buildings/vacant-residential-registration,city,OH,Toledo,registry,HTML,public_html,,Mandatory VPR.
Lucas County OH Land Bank,https://www.lucascountylandbank.org/,county,OH,Lucas,land_bank,HTML,public_html,,Toledo-area blight elimination.
Akron Vacant Building Registration,https://www.akronohio.gov/departments/neighborhood_assistance/vacant_building_registration.php,city,OH,Akron,registry,HTML,public_html,,Mandatory VBR + vacant building plan.
Mahoning County Land Bank,https://mahoninglandbank.com/,county,OH,Mahoning,land_bank,HTML,public_html,,Youngstown-area land bank.
Richland County OH Land Bank,https://www.richlandcountyoh.gov/departments/landbank,county,OH,Richland,land_bank,HTML,public_html,,Mansfield-area land bank.
Montgomery County OH Land Bank,https://mclandbank.com/,county,OH,Montgomery,land_bank,HTML,public_html,1800+,Dayton-area land bank. ~1800 demos since 2011.
Paterson NJ VPR,https://www.patersonnj.gov/eGov/apps/document/center.egov?view=item&id=5718,city,NJ,Paterson,registry,HTML,public_html,,Foreclosure + Vacant Property Registration. $2000/year per structure.
Paterson NJ Vacant Buildings Code,https://ecode360.com/8551586,city,NJ,Paterson,municipal_code,HTML,public_html,,Paterson vacant buildings ordinance.
Atlantic City NJ Abandoned Property,https://ecode360.com/30687709,city,NJ,Atlantic City,registry,HTML,public_html,,AC abandoned property ordinance.
Allentown PA BPRC,https://ecode360.com/36433335,city,PA,Allentown,code_enforcement,HTML,public_html,,Blighted Property Review Committee (Article IV).
Allentown PA Abandoned Real Property,https://ecode360.com/36434985,city,PA,Allentown,registry,HTML,public_html,,Foreclosure inspection + 10-day registration.
Allentown Blight Certification,https://www.allentownpa.gov/en-us/Government/Departments/Community-Economic-Development/Building-Standards-and-Safety/Property-Maintenance-Enforcement-Compliance/Blight-Certification,city,PA,Allentown,registry,HTML,public_html,,Blight Certification process.
Bethlehem PA RDA Blight,https://www.bethlehemrda.com/blight,city,PA,Bethlehem,redevelopment,HTML,public_html,,Primary blight authority — multi-step certification.
Bethlehem PA Article 149 BPRC,https://devarchive.bethlehem-pa.gov/ordinance/articles/ARTICLE0149.html,city,PA,Bethlehem,code_enforcement,HTML,public_html,,Article 149 BPRC.
Bethlehem PA Abandoned Article 1732,https://devarchive.bethlehem-pa.gov/ordinance/articles/article1732.html,city,PA,Bethlehem,registry,HTML,public_html,,Article 1732 Abandoned Real Property.
Bethlehem Township PA Ch 187,https://ecode360.com/31805573,city,PA,Bethlehem Township,registry,HTML,public_html,,Township Ch 187 registration.
Pittsburgh Land Bank,https://pghlandbank.org/,city,PA,Pittsburgh,land_bank,HTML,public_html,270+,Created 2014. ~270 condemned + ~5000 vacant lots.
Pittsburgh Land Bank Cost of Blight,https://pghlandbank.org/wp-content/uploads/2022/03/Cost-of-Blight-2.pdf,city,PA,Pittsburgh,research,PDF,public_html,,2022 Cost of Blight report.
Allegheny County VPRP,https://www.alleghenycounty.us/Projects-and-Initiatives/Economic-Development/Residents-Housing-Support/Vacant-Property-Recovery-Program,county,PA,Allegheny,redevelopment,HTML,public_html,,VPRP — 91/130 municipalities participate. 3+ yr delinquency.
South Bend V&A Properties,https://southbendin.gov/initiative/vacant-abandoned-properties/,city,IN,South Bend,registry,HTML,public_html,,VPR — 90+ days + 30+ days unaddressed code violation.
South Bend All V&A Open Data,https://data-southbend.opendata.arcgis.com/maps/all-vacant-and-abandoned-properties,city,IN,South Bend,open_data,ArcGIS,open_api,,Full V&A properties map and dataset.
Bangor ME Vacant Property Ord,https://ecode360.com/6893512,city,ME,Bangor,registry,HTML,public_html,,Ch 223 — 60+ day vacancy triggers $250 registration.
Lewiston ME Lead/Multifamily Registry,https://safeguardproperties.com/bill-aims-to-target-blighted-property-problem-in-maine-cities/,city,ME,Lewiston,registry,HTML,public_html,,Voluntary registry for 3+ unit buildings.
ME Municipal Authority Abandoned,https://www.mainelegislature.org/legis/statutes/30-a/title30-Asec3106-B.html,state,ME,,municipal_code,HTML,public_html,,Title 30-A §3106-B.
Manchester NH Code Enforcement,https://www.manchesternh.gov/Departments/Planning-and-Comm-Dev/Code-Enforcement,city,NH,Manchester,code_enforcement,HTML,public_html,,Code Enforcement Dept.
Nashua NH Code Enforcement,https://www.nashuanh.gov/284/Code-Enforcement,city,NH,Nashua,code_enforcement,HTML,public_html,,Code Enforcement Department.
Wilmington DE VPR Program,https://www.wilmingtonde.gov/residents/vacant-property-registration-program,city,DE,Wilmington,registry,HTML,public_html,,VPR via L&I. $500 criminal penalty.
Wilmington DE Vacant Property Ord PDF,https://www.wilmingtoncitycouncil.com/wp-content/uploads/2021/02/0034-Ordinance-to-Amend-Chapter-4-Vacant-Properties-Registration-002.pdf,city,DE,Wilmington,municipal_code,PDF,public_html,,Ch 4 Vacant Properties Registration ordinance.
Wilmington Neighborhood Conservancy Land Bank,https://wilmingtonlandbank.org/,city,DE,Wilmington,land_bank,HTML,public_html,,WNCLB returns vacant/dilapidated/abandoned properties.
New Castle County DE VPR,https://www.newcastlede.gov/1098/Vacant-Property-Registration,county,DE,New Castle,registry,HTML,public_html,,Countywide VPR.
New Castle County Vacant Spaces to Livable Places,https://www.newcastlede.gov/1762/Vacant-Spaces-to-Livable-Places,county,DE,New Castle,redevelopment,HTML,public_html,,Vacant Spaces to Livable Places.
Cedar Rapids VPR,https://www.cedar-rapids.org/local_government/public_records/index.php,city,IA,Cedar Rapids,registry,HTML,public_html,,VPR — 6+ months unoccupied/unsecured.
Des Moines VBR,https://www.axios.com/local/des-moines/2022/10/03/des-moines-launch-vacant-property-registry,city,IA,Des Moines,registry,HTML,public_html,,Des Moines VBR launched 2022. $750+ non-compliance fines.
Augusta GA Land Bank,https://aglba.org/documents/,city,GA,Augusta,land_bank,HTML,public_html,,AGLBA.
Augusta Land Bank Listing PDF,https://www.augustaga.gov/DocumentCenter/View/6089/Land-Bank-Authority-Properties-Listing_Public,city,GA,Augusta,land_bank,PDF,public_html,,Public listing of AGLBA properties.
Macon-Bibb County Land Bank,https://maconlandbank.org/,county,GA,Bibb,land_bank,HTML,public_html,,Established 1996.
Chatham Savannah Land Bank,https://www.savannahga.gov/485/Land-Bank-Authority,county,GA,Chatham,land_bank,HTML,public_html,,Savannah-area land bank.
GA Land Banks Resource Guide,https://communityprogress.org/wp-content/uploads/2022/09/2022-09-Resource-Guide-for-Georgia-Land-Banks.pdf,state,GA,,research,PDF,public_html,,2022 Resource Guide.
Mobile AL Vacant Structure Registry,https://mynbc15.com/news/local/vacant-building-owners-in-mobile-must-register-and-secure-properties-under-new-ordinance,city,AL,Mobile,registry,HTML,public_html,,City vacant structure registry. Hank Aaron Loop downtown.
Mobile Neighborhood Renewal,https://www.cityofmobile.gov/departments/neighborhood-development/neighborhood-development-programs/neighborhood-renewal-program/,city,AL,Mobile,redevelopment,HTML,public_html,,Mobile neighborhood renewal.
Montgomery AL Blight,https://www.wsfa.com/2022/03/31/montgomery-seeks-blight-ordinance-dilapidated-buildings/,city,AL,Montgomery,news,HTML,public_html,,Montgomery proposed land bank + SB 335.
Rockford IL VFPR,https://www.rockfordil.gov/454/Register-a-Vacant-Foreclosing-Property,city,IL,Rockford,registry,HTML,public_html,,Vacant & Foreclosing Property Registry.
Saginaw County MI Land Bank,https://www.saginawcountymi.gov/departments/treasurer/land-bank/,county,MI,Saginaw,land_bank,HTML,public_html,,Saginaw County Land Bank.
Saginaw County Land Bank ePropertyPlus,https://public-sclb.epropertyplus.com/,county,MI,Saginaw,land_bank,ePropertyPlus,public_html,,Public Saginaw inventory.
Ingham County Land Bank (Lansing),https://inghamlandbank.org/properties,county,MI,Ingham,land_bank,HTML,public_html,500+,Lansing-area land bank.
MI Blight Elimination Program,https://www.michigan.gov/leo/bureaus-agencies/landbank,state,MI,,state_program,HTML,public_html,,$150M+ statewide Blight Elimination Program 2022-2026.
State Land Bank MI Property Search,https://public-mlb.epropertyplus.com/landmgmtpub/app/base/propertySearch,state,MI,,land_bank,ePropertyPlus,public_html,,Statewide SLBA property search.
Wichita Vacant Lot Inventory,https://www.wichita.gov/1619/Vacant-Lot-Inventory,city,KS,Wichita,registry,HTML,public_html,,2022 inventory + GIS map.
Wichita Land Bank,https://www.wichita.gov/298/Wichita-Land-Bank,city,KS,Wichita,land_bank,HTML,public_html,,Established 2021.
Topeka Land Bank,https://www.topeka.org/government/boards-commissions/topeka-land-bank/,city,KS,Topeka,land_bank,HTML,public_html,,Topeka Land Bank.
Topeka VPR Ord,https://topeka-ordinances.s3.amazonaws.com/2023/20464-Amending_TMC_Chapter_8.65_concerning_Vacant_Property_Registration.pdf,city,KS,Topeka,registry,PDF,public_html,,TMC Ch 8.65 VPR ordinance.
Wyandotte County KS / KCK Vacant Property,https://www.wycokck.org/Departments/Neighborhood-Resource-Center/Property-Maintenance-Compliance/Register-a-Vacant-Property,city,KS,Kansas City KS,registry,HTML,public_html,,Wyandotte County / KCK vacant property registration.
Pine Bluff Urban Renewal,https://www.thv11.com/article/news/local/pine-bluff/pine-bluff-urban-renewal-agency-demolishing-neglected-homes-hopes-to-build-up-the-city/91-3d6ece74-d070-4e0c-aaa2-b4af3776804f,city,AR,Pine Bluff,redevelopment,HTML,public_html,,URA formed 2017. 5/8-cent sales tax funding.
Pine Bluff Proposed VPR,https://www.arkansasonline.com/news/2021/may/13/anti-blight-proposal-gets-committees-ok/,city,AR,Pine Bluff,registry,HTML,public_html,,Proposed VPR ordinance — first in AR.
AR Commissioner of State Lands,https://www.cosl.org/Home/Search,state,AR,,tax_records,HTML,public_html,,Statewide tax-delinquent search.
Knoxville Blighted Property,https://www.knoxvilletn.gov/services/neighborhood_services/blighted_property,city,TN,Knoxville,code_enforcement,HTML,public_html,,Blighted property reporting via 311.
Knoxville Homemakers Program,https://www.knoxvilletn.gov/government/city_departments_offices/housing_and_neighborhood_development/homemakers_program,city,TN,Knoxville,redevelopment,HTML,public_html,,Vacant lots + substandard structures for sale.
Knox County TN Land Bank,https://knoxadf.com/land-bank/,county,TN,Knox,land_bank,HTML,public_html,,Knox County land bank.
Chattanooga Land Bank Authority,https://chattanooga.gov/government/economic-development/chattanooga-land-bank-authority,city,TN,Chattanooga,land_bank,HTML,public_html,,CLBA returns vacant/underused properties.
TN Property Viewer,https://tnmap.tn.gov/assessment/,state,TN,,parcel_gis,interactive_map,public_html,,Statewide TN parcel viewer.
Jackson MI VPR,https://www.cityofjackson.org/339/Foreclosed-Vacant-Abandoned-Property-Reg,city,MI,Jackson,registry,HTML,public_html,,Jackson MI Foreclosed/Vacant/Abandoned Property Registry.
Grand Rapids Land Bank Authority,https://growgr.grandrapidsmi.gov/Boards-and-Authorities/Grand-Rapids-Land-Bank-Authority,city,MI,Grand Rapids,land_bank,HTML,public_html,,GRLBA manages vacant/abandoned/foreclosed/blighted real property.
Grand Traverse County Land Bank,https://www.gtcountymi.gov/660/Land-Bank-Authority,county,MI,Grand Traverse,land_bank,HTML,public_html,,Traverse City area land bank. Tax-foreclosure acquisitions.
Grand Traverse Land Bank Available Properties,https://www.gtcountymi.gov/1615/Properties-Available-For-Sale,county,MI,Grand Traverse,land_bank,HTML,public_html,,Current GT County Land Bank properties for sale.
Saginaw Building & Code Enforcement,https://www.saginaw-mi.com/168/Building-and-Code-Enforcement,city,MI,Saginaw,code_enforcement,HTML,public_html,,Catalogs abandoned/fire-damaged/neglect properties.
Saginaw Area GIS,https://www.sagagis.org/,county,MI,Saginaw,parcel_gis,ArcGIS,public_html,,Saginaw-area GIS authority.
MSHDA Saginaw Blight Grant,https://www.saginawfuture.com/news-&-resources/p/item/25265/mshda-awards-36-million-for-blight-elimination-500000-for-saginaw,city,MI,Saginaw,redevelopment,HTML,public_html,,$500k MSHDA blight elimination grant.
MI State Blight Grant Program,https://www.michigan.gov/whitmer/news/press-releases/2022/09/30/whitmer-announces-blight-elimination-grant-program,state,MI,,state_program,HTML,public_html,,$21.55M statewide Blight Elimination Grant Program.
Albany County Land Bank,https://www.albanycountylandbank.org/,county,NY,Albany,land_bank,HTML,public_html,,Tax-foreclosed/vacant/abandoned across Albany County.
Albany Vacant Building Inventory 2013 Open Data,https://data.ny.gov/Economic-Development/City-of-Albany-Vacant-Building-Inventory-2013/nv2j-hmda,city,NY,Albany,registry,Socrata,open_api,,2013 vacant building inventory on Open Data NY.
Albany VBR Reports,https://albanyny.gov/2412/Housing-Reports-Data,city,NY,Albany,registry,HTML,public_html,,Quarterly VBR reports since 2012.
Troy NY VBR,https://www.troyny.gov/181/Vacant-Building-Registry,city,NY,Troy,registry,HTML,public_html,,Troy mandatory VBR.
Chemung County Land Bank (Elmira),https://www.chemungcountyny.gov/177/Chemung-County-Land-Bank,county,NY,Chemung,land_bank,HTML,public_html,,Elmira-area land bank.
Chautauqua County Land Bank (Jamestown),https://chqlandbank.org/,county,NY,Chautauqua,land_bank,HTML,public_html,,Jamestown-area land bank.
Broome County Land Bank (Binghamton),https://broomelandbank.org/about-us/,county,NY,Broome,land_bank,HTML,public_html,,Binghamton-area land bank since 2013.
Allegany County NY Land Bank,https://www.alleganyco.gov/departments/planning/allegany-county-land-bank-corporation/,county,NY,Allegany,land_bank,HTML,public_html,,Rural NY land bank.
NORLIC Niagara/Orleans Land Bank,http://www.niagaraorleanslandbank.com/,county,NY,Niagara,land_bank,HTML,public_html,,Niagara Orleans Regional Land Improvement Corp.
BENLIC Buffalo Erie Niagara Land Bank,https://benlic.org/,regional,NY,,land_bank,HTML,public_html,,Buffalo Erie Niagara Land Improvement Corp.
Auburn NY VBR,http://www.auburnny.gov/Public_Documents/AuburnNY_Fire/VacantBldgReg/index,city,NY,Auburn,registry,HTML,public_html,,Auburn (Cayuga County) VBR.
NY State Land Banks Report (OSC),https://www.osc.ny.gov/files/local-government/publications/pdf/landbanks1016.pdf,state,NY,,research,PDF,public_html,20,Office of State Comptroller report on 20 NY land banks.
NY State Land Banks Profile (CCP),https://communityprogress.org/publications/new-york-state-land-banks/,state,NY,,research,HTML,public_html,,Center for Community Progress profile of all NY land banks.
City of Niagara Falls PROS,https://cityofniagarafalls.prosgar.com/PROSSearch/AdvancedSearchFilters,city,NY,Niagara Falls,assessor,HTML,public_html,,Property Record Online System.
USDA NASS Cropland Data Layer,https://www.nass.usda.gov/Research_and_Science/Cropland/sarsfaqs2.php,national,,,agricultural,raster,downloadable,,USDA CDL annual crop-specific land cover. 10m resolution since 2024. Multi-year fallow = potential abandonment.
USDA CDL Viewer,https://www.nass.usda.gov/Research_and_Science/Cropland/Viewer/index.php,national,,,agricultural,interactive_map,public_html,,Web viewer to compare years and spot newly-fallow parcels.
CropScape USDA,https://nassgeodata.gmu.edu/CropScape/,national,,,agricultural,interactive_map,public_html,,CropScape — primary public interface for CDL.
USDA CDL on Google Earth Engine,https://developers.google.com/earth-engine/datasets/catalog/USDA_NASS_CDL,national,,,agricultural,raster,open_api,,USDA CDL via Earth Engine — fallow detection at scale.
Farmers.gov FSA Farm+,https://fsa.usda.gov/online-services/farm-plus/index,national,,,agricultural,HTML,login_required,,Active FSA farm records — landowners only.
USDA RD/FSA Property Resale,https://properties.sc.egov.usda.gov/resales/public/searchFSA,national,,,agricultural,HTML,public_html,,USDA Rural Development + FSA resale properties — often distressed farms.
MapUrbex Abandoned Places,https://www.mapurbex.com/gb/en/blog/abandoned-places-in-the-united-states-full-list-by-state-2,national,,,community_list,interactive_map,public_html,,Crowdsourced urbex map incl farms. Verify before use.
OKC Abandoned Buildings List,https://www.okc.gov/Infrastructure-Development/Development-Planning/Subdivision-Zoning/Abandoned-Buildings,city,OK,Oklahoma City,registry,HTML,public_html,12000+,Abandoned Buildings List declared by Council. ~12000 vacant/abandoned structures across 8 wards (2013 baseline).
Oklahoma Statutes §46-302 Abandoned Property,https://law.justia.com/codes/oklahoma/title-46/section-46-302/,state,OK,,municipal_code,HTML,public_html,,OK statute on abandoned/vacated property — motion to protect + hearing procedure.
Reno Vacant Property Registry,https://www.reno.gov/government/departments/code-enforcement,city,NV,Reno,registry,HTML,public_html,,Reno VPR — annual fee funds code enforcement.
Henderson NV Abandoned Property Registry,https://registerhenderson.com/about,city,NV,Henderson,registry,HTML,public_html,,Henderson Abandoned Residential Real Property Registry (Ord 3121 2014). Required for lenders on abandoned/in-danger properties.
Henderson NV Property Maintenance Code,https://library.municode.com/nv/henderson/codes/code_of_ordinances?nodeId=TIT15BUCO_CH15.12PRMACO,city,NV,Henderson,municipal_code,HTML,public_html,,Henderson Ch 15.12 Property Maintenance Code.
Albuquerque Vacant Building Registry,https://www.cabq.gov/problematicproperties,city,NM,Albuquerque,registry,HTML,public_html,1300+,VBR for residential since 2013 (electronic since 2015). 1300+ added in 2016 alone. Problematic Properties Program targets nuisance buildings.
Albuquerque Vacant & Abandoned Task Force Report,https://www.cabq.gov/council/documents/vacant-abandoned-houses-task-force-final-final-report-1-17-18.pdf,city,NM,Albuquerque,research,PDF,public_html,,2018 Vacant & Abandoned Houses Task Force final report.
NM MainStreet Vacant Building Ordinance Paper,https://www.nmmainstreet.org/WPBeta/wp-content/uploads/2019/01/Vacant_Building_Ordinance_White_Paper.pdf,state,NM,,research,PDF,public_html,,NM MainStreet vacant building ordinance template/whitepaper.
Omaha Abandoned Property Ordinance,https://permits.cityofomaha.org/housing-enforcement,city,NE,Omaha,registry,HTML,public_html,,Omaha Abandoned/Vacant Property Ordinance. Quarterly registration fees.
Omaha Code Enforcement,https://planning.cityofomaha.org/latest-news/832-code-enforcement,city,NE,Omaha,code_enforcement,HTML,public_html,,Omaha Planning Dept Code Enforcement.
Omaha Nuisances Ch 18,https://library.municode.com/ne/omaha/codes/code_of_ordinances?nodeId=PTIIMUCO_CH18NU,city,NE,Omaha,municipal_code,HTML,public_html,,Omaha Ch 18 Nuisances.
Lincoln NE Neglected Buildings Registry,https://www.7dayscash.com/lincoln-nebraska-neglected-buildings-registry/,city,NE,Lincoln,registry,HTML,public_html,,Lincoln Neglected Buildings Registry — most serious code violations + extended vacancy.
NE Statewide VPR Guidelines,https://www.ascentres.com/home/industry-news/nebraska-adopts-bill-establishing-vacant-property-registration-guidelines-for-its-communities/,state,NE,,state_program,HTML,public_html,,NE state VPR guidelines for municipalities.
Boise Code Compliance,https://www.cityofboise.org/departments/planning-and-development-services/code-compliance/,city,ID,Boise,code_enforcement,HTML,public_html,,Boise Code Compliance — addresses abandoned/vacant buildings. 6-month restoration requirement.
Boise Code Violation Online Reporting,https://www.cityofboise.org/government/report-an-issue-or-file-a-complaint/,city,ID,Boise,code_enforcement,HTML,public_html,,Online compliance service request system. Closed cases publicly searchable.
Boise City Code 11-05-07,https://codelibrary.amlegal.com/codes/boise_id/latest/boise/0-0-0-70163,city,ID,Boise,municipal_code,HTML,public_html,,Boise City Code violations enforcement and penalties.
Ada County Code Enforcement,https://adacounty.id.gov/sheriff/services/code-enforcement/,county,ID,Ada,code_enforcement,HTML,public_html,,Ada County Sheriff code enforcement (Boise area unincorporated).
Billings Community Development Properties,https://www.billingsmt.gov/1995/Community-Development-Properties,city,MT,Billings,redevelopment,HTML,public_html,,City-owned vacant property + first-time home buyer rehabilitation program.
Yellowstone County Community Decay Ordinance,https://www.yellowstonecountymt.gov/publicworks/codeenforcement.asp,county,MT,Yellowstone,code_enforcement,HTML,public_html,,Community Decay Ordinance covering nuisance + abandoned buildings.
MT Vacant Property Registration Act,https://leg.mt.gov/bills/2019/BillHtml/HB0253.htm,state,MT,,state_program,HTML,public_html,,Montana Vacant Property Registration Act (HB 253) — enables municipal 90+ day registration.
MT Property Assessment Online,https://svc.mt.gov/dor/property/prc,state,MT,,assessor,HTML,public_html,,Statewide MT property record card lookup.
Burlington VT Vacant Buildings Code Article 8-3,https://www.codepublishing.com/VT/Burlington/html/Burlington08/Burlington0803.html,city,VT,Burlington,municipal_code,HTML,public_html,,Burlington Article 8-3 Abatement & Rehabilitation of Vacant Buildings & Dangerous Structures.
Burlington VT Property Records,https://property.burlingtonvt.gov/,city,VT,Burlington,assessor,HTML,public_html,,Burlington parcel/assessment lookup.
Burlington VT Land Records,https://www.burlingtonvt.gov/211/Land-Records,city,VT,Burlington,land_records,HTML,public_html,,Burlington land records portal.
Rutland Town VT Public Nuisance Ordinance,https://vtdigger.org/2017/10/19/rutland-town-public-nuisance-law-targets-blight-unsafe-sites/,city,VT,Rutland,municipal_code,HTML,public_html,,Rutland Town public nuisance/blight ordinance + GovPilot digital vacant property registration.
VT Land Records Online,https://vmcta.org/Vermont_Land_Records_Online,state,VT,,land_records,HTML,public_html,,VT Municipal Clerk Treasurer Association — statewide land records directory.
Salt Lake County Open Data,https://gisdata-slco.opendata.arcgis.com/,county,UT,Salt Lake,open_data,ArcGIS,public_html,,Salt Lake County ArcGIS open data hub.
Salt Lake County Recorder,https://apps.saltlakecounty.gov/data-services/DataServicesAccess/PublicSearch.aspx,county,UT,Salt Lake,land_records,HTML,public_html,,SLCo Recorder property search.
Utah State Parcels (UGRC),https://parcels.utah.gov/,state,UT,,parcel_gis,interactive_map,public_html,,Statewide UT parcels database — every parcel mappable.
San Antonio Register a Vacant Building,https://www.sa.gov/Directory/Departments/OHP/Vacant-Buildings/Register-a-Vacant-Building,city,TX,San Antonio,registry,HTML,public_html,,San Antonio VBR — annual renewal required.
San Antonio Code Enforcement,https://www.sa.gov/Directory/Departments/DSD/CES,city,TX,San Antonio,code_enforcement,HTML,public_html,,Code Enforcement Services.
San Antonio Complaint Status Search,https://webapp1.sanantonio.gov/CodeComplaintStatus/,city,TX,San Antonio,code_enforcement,HTML,public_html,,Public complaint case search.
Austin TX Vacant Building Registration,https://www.austintexas.gov/department/common-austin-code-violations,city,TX,Austin,registry,HTML,public_html,,Austin VBR ordinance — $120 fee. 120-day vacancy trigger.
Petersburg VA Vacant Property Registry,https://www.petersburgva.gov/674/Vacant-Property-Registry,city,VA,Petersburg,registry,HTML,public_html,297,VPR — $100/year. $400 penalty in blighted areas. 297 abandoned properties (2019).
Richmond VA Vacant Building Information,https://www.rva.gov/planning-development-review/vacant-building-information,city,VA,Richmond,registry,HTML,public_html,,Richmond derelict building registration — 12+ month vacancy. $100/year fee. $200-$250 civil penalty.
Richmond VA Property Maintenance,https://www.rva.gov/planning-development-review/property-maintenance-code-enforcement,city,VA,Richmond,code_enforcement,HTML,public_html,,Richmond property maintenance + code enforcement.
Virginia Mercury Blight Coverage,https://virginiamercury.com/2024/01/31/fighting-blight-how-cities-across-virginia-are-addressing-abandoned-property/,state,VA,,news,HTML,public_html,,2024 statewide blight coverage — Danville/Roanoke/Chesapeake have land banks.
Roanoke Real Estate GIS,https://gisre.roanokeva.gov/js/,city,VA,Roanoke,parcel_gis,interactive_map,public_html,,Roanoke real estate GIS portal.
Boston Property Data and Information,https://www.boston.gov/departments/assessing/property-data-and-information,city,MA,Boston,assessor,HTML,public_html,,Boston Assessing Dept property data.
Worcester Property Records,https://www.worcesterma.gov/finance/taxes-assessments/property-records,city,MA,Worcester,assessor,HTML,public_html,,Worcester property records + Worcester Atlas interactive viewer.
Vision Government Solutions MA Online Database,https://www.vgsi.com/massachusetts-online-database/,state,MA,,assessor,HTML,public_html,,Vision Government Solutions MA municipality assessor database.
Waterbury CT Blight Task Force,https://www.waterburyct.org/services/public-works/parks/fight-blight,city,CT,Waterbury,code_enforcement,HTML,public_html,,Waterbury Blight Task Force — 311 reporting.
Norwich CT Blight & Housing Code Enforcement,https://www.norwichct.gov/984/Blight-and-Housing-Code-Enforcement,city,CT,Norwich,code_enforcement,HTML,public_html,,Norwich Blight & Housing Code Enforcement office.
CT Anti-Blight Ordinances Report,https://www.cga.ct.gov/PS98/rpt%5Colr%5Chtm/98-R-0268.htm,state,CT,,research,HTML,public_html,,CT General Assembly anti-blight ordinances overview.
CT Blight Comparison Report 2013,https://www.cga.ct.gov/2013/rpt/2013-R-0422.htm,state,CT,,research,HTML,public_html,,Comparison of CT municipal blight ordinances (2013).
CT Blight Info Kit 2020,https://ctmainstreet.org/wp-content/uploads/2024/03/2020_Blight_Infokit-1.pdf,state,CT,,research,PDF,public_html,,CCM 2020 Blight Prevention & Mitigation municipal resource.
Racine County Register of Deeds,https://www.racinecounty.gov/departments/register-of-deeds,county,WI,Racine,land_records,HTML,public_html,,Racine County Register of Deeds + LandShark online property records.
Racine County Tax Foreclosure Sales,https://www.racinecounty.gov/departments/county-treasurer/public-sale-of-properties-taken-in-tax-foreclosure,county,WI,Racine,tax_records,HTML,public_html,,Public sales of tax-foreclosed properties.
WI Property Info,https://propertyinfo.revenue.wi.gov/,state,WI,,assessor,HTML,public_html,,Wisconsin statewide property information.
Shreveport Vacant Property Registry,https://www.shreveportbossieradvocate.com/news/after-changes-only-shreveports-blighted-vacant-downtown-buildings-affected-by-new-ordinance/article_06d1031f-c070-4564-9f70-79d7770f2b49.html,city,LA,Shreveport,registry,HTML,public_html,,Shreveport blighted vacant downtown building registry.
Baton Rouge Adjudicated Property,https://data.brla.gov/Housing-and-Development/Adjudicated-Property/a4h4-zi7e,city,LA,Baton Rouge,registry,Socrata,open_api,6800,~6800 properties on adjudicated list. 64000 blight-related service calls since 2016.
Baton Rouge Open Data,https://data.brla.gov/,city,LA,Baton Rouge,open_data,Socrata,public_html,,Open Data BR — Socrata portal.
LA Revised Statutes 33:4720.59 Blight,https://codes.findlaw.com/la/revised-statutes/la-rev-stat-tit-33-sect-4720-59/,state,LA,,municipal_code,HTML,public_html,,LA statute on blighted property abatement.
MS Lawmakers Abandoned Properties HB 733/2023,https://mississippitoday.org/2025/02/18/mississippi-lawmakers-aim-to-tackle-abandoned-properties/,state,MS,,state_program,HTML,public_html,,Proposed $5M fund for blight cleanup loans/grants statewide.
Gulfport MS Land Bank Authority,https://www.mpbonline.org/blogs/news/vacant-property-continues-to-plague-mississippi-coast/,city,MS,Gulfport,land_bank,HTML,public_html,,Gulfport land bank (similar to Jackson). MS coast blight coverage.
NC Mecklenburg County (Charlotte) Records,https://www.guilfordcountync.gov/government/register-deeds,county,NC,Mecklenburg,land_records,HTML,public_html,,Charlotte/Mecklenburg property records via NCARD.
NC Forsyth County (Winston-Salem),https://www.forsyth.cc/tax/propertylookup.aspx,county,NC,Forsyth,assessor,HTML,public_html,,Forsyth County (Winston-Salem) property lookup.
NC State Property Office,https://www.doa.nc.gov/divisions/state-property,state,NC,,state_program,HTML,public_html,,NC State Property Office — surplus and tax-foreclosed state property.
NCARD NC Register of Deeds Directory,https://www.ncard.us/find-your-register-of-deeds/,state,NC,,directory,HTML,public_html,,NC Association of Registers of Deeds — directory of all 100 county offices.
Casper WY Blight Study & Urban Renewal,https://oilcity.news/community/city/2026/03/24/casper-plans-for-urban-renewal-authority-after-receiving-findings-of-blight-study/,city,WY,Casper,redevelopment,HTML,public_html,7,2026 blight study identified 7 blight areas — downtown / North Casper / CY Ave / Eastridge Mall / Paradise Valley / Ford Wyoming Center / Platte River Commons. North Casper meets 9/13 statutory conditions.
Casper Code of Ordinances Buildings,https://library.municode.com/wy/casper/codes/code_of_ordinances?nodeId=TIT15BUCO_CH15.04INBUCO,city,WY,Casper,municipal_code,HTML,public_html,,Casper Ch 15.04 International Building Code.
Cheyenne WY Abandoned Property Ordinance,https://www.wyomingnews.com/news/lack-of-laws-means-little-can-be-done-about-vacant-properties/article_3654863a-ddea-11e5-af38-effc0c43574e.html,city,WY,Cheyenne,registry,HTML,public_html,,Cheyenne abandoned property registration (limited enforcement). Definition requires 2+ of: utilities off / fixtures removed / vandalized / boarded.
Fargo Parcels,https://fargoparcels.com/,city,ND,Fargo,parcel_gis,HTML,public_html,,Fargo parcel search — ownership + appraisal + assessments + building info.
Bismarck ND Property Information,https://www.bismarcknd.gov/419/Property-Information,city,ND,Bismarck,assessor,HTML,public_html,,Bismarck/Burleigh County property data via Tyler Tech.
ND Chapter 85-03-02 Abandoned Property,https://ndlegis.gov/information/acdata/pdf/85-03-02.pdf,state,ND,,municipal_code,PDF,public_html,,ND statute on reporting abandoned property.
Sioux Falls Vacant Buildings,https://www.siouxfalls.gov/business-permits/permits-licenses-inspections/ordinances-codes/vacant-buildings,city,SD,Sioux Falls,registry,HTML,public_html,,Sioux Falls vacant building registration — 30-day vacancy trigger.
Sioux Falls Abandoned Property Code,https://codelibrary.amlegal.com/codes/siouxfalls/latest/siouxfalls_sd/0-0-0-54370,city,SD,Sioux Falls,municipal_code,HTML,public_html,,§ 92.076 Abandoned Property ordinance.
Abandoned South Dakota FB,https://www.facebook.com/abandonedSD/,state,SD,,community_blog,HTML,public_html,,Facebook community documenting SD abandoned homes/structures with photos.
Indiana Inventory of Lost Farmland,https://www.in.gov/isda/divisions/policy-and-regulatory-affairs/inventory-of-lost-farmland/,state,IN,,agricultural,HTML,public_html,,ISDA Inventory of Lost Farmland — combines parcel data + USDA CDL to track statewide farmland loss. Model for other states.
USDA Rural Development Resale Properties,https://catalog.data.gov/dataset/usda-rural-development-resale-properties-foreclosure,national,,,agricultural,catalog,public_html,,USDA RD foreclosure resale properties (rural housing) on Data.gov catalog.
USDA NRCS Agricultural Land Easements,https://www.nrcs.usda.gov/programs-initiatives/ale-agricultural-land-easements,national,,,agricultural,HTML,public_html,,ALE program records easement-protected farms — useful to confirm NOT abandoned (active in program = preserved).
USDA ERS Major Land Uses,https://ers.usda.gov/data-products/major-land-uses/documentation,national,,,agricultural,research,public_html,,USDA Economic Research Service 5-year land use estimates by state — tracks farmland reduction over time.
USDA NASS Farm Real Estate Values by State,https://www.nass.usda.gov/Charts_and_Maps/Land_Values/farm_value_map.php,national,,,agricultural,interactive_map,public_html,,Statewide farmland values — sharp drops over time can indicate distress/abandonment.
Wikipedia BRAC,https://en.wikipedia.org/wiki/Base_Realignment_and_Closure,national,,,defense,HTML,public_html,451,Base Realignment and Closure — 451 installations closed across 5 rounds (1988/1991/1993/1995/2005).
2005 BRAC Commission,https://en.wikipedia.org/wiki/2005_Base_Realignment_and_Closure_Commission,national,,,defense,HTML,public_html,22,22 major bases closed + 33 realigned in 2005 round.
DENIX BRAC Portal,https://www.denix.osd.mil/brac/about/,national,,,defense,HTML,public_html,,Official DoD BRAC environmental cleanup portal.
Cinema Treasures,http://cinematreasures.org/,national,,,community_list,interactive_map,public_html,,Comprehensive cinema database — filter by status (demolished/closed/under renovation).
After the Final Curtain,https://afterthefinalcurtain.net/tag/abandoned-theaters/,national,,,community_blog,HTML,public_html,,Photography blog of abandoned US theaters.
Atlas Obscura Abandoned Theaters,https://www.atlasobscura.com/articles/abandoned-america-theaters,national,,,community_list,HTML,public_html,,Curated abandoned American theaters.
Abandoned America Theaters,https://www.abandonedamerica.us/abandoned-theaters,national,,,community_blog,HTML,public_html,,Theater section.
Dead Motels USA,https://deadmotelsusa.com/,national,,,community_list,HTML,public_html,,Database of abandoned motels across America.
Abandoned America Hotels,https://www.abandonedamerica.us/abandoned-hotels-resorts,national,,,community_blog,HTML,public_html,,Hotel/resort section.
Wikipedia Defunct US Hotels,https://en.wikipedia.org/wiki/Category:Defunct_hotels_in_the_United_States,national,,,community_list,HTML,public_html,,Wikipedia defunct hotels category.
Architectural Afterlife Hotels,https://architecturalafterlife.com/category/all-abandoned/hotels-motels/,national,,,community_blog,HTML,public_html,,Hotel/motel section by state.
NAPHA Closed Amusement Parks,https://napha.org/Resources/Lost-USA-Parks/Closed-Amusement-Parks-List,national,,,community_list,HTML,public_html,1000,National Amusement Park Historical Association — ~1000 defunct N. American parks by state.
Wikipedia Defunct Amusement Parks,https://en.wikipedia.org/wiki/List_of_defunct_amusement_parks_in_the_United_States,national,,,community_list,HTML,public_html,,Wikipedia list of defunct US amusement parks.
Lost Amusement Parks (NAPHA),http://lostamusementparks.napha.org/,national,,,community_list,HTML,public_html,,NAPHA lost parks subsite.
Atlas Obscura Abandoned Amusement Parks,https://www.atlasobscura.com/lists/the-abandoned-amusement-park-great-american-road-trip,national,,,community_list,HTML,public_html,,Curated abandoned amusement parks road trip.
Wikipedia Defunct US Prisons,https://en.wikipedia.org/wiki/Category:Defunct_prisons_in_the_United_States,national,,,community_list,HTML,public_html,,Wikipedia defunct US prisons category.
Abandoned America Prisons,https://www.abandonedamerica.us/abandoned-jails,national,,,community_blog,HTML,public_html,,Prison/jail section.
Sentencing Project Repurposing Prisons,https://www.sentencingproject.org/reports/repurposing-correctional-facilities-to-strengthen-communities/,national,,,research,HTML,public_html,,2000-2022: 21 states closed prisons; 81444 beds reduced.
NIC Locate Correctional Facilities,https://nicic.gov/resources/nic-library/corrections-trends/locate-correctional-facilities-state,national,,,directory,HTML,public_html,,Nat'l Institute of Corrections facility directory by state.
NC DAC Closed Prisons,https://www.dac.nc.gov/our-organization/prisons/closed-prisons,state,NC,,registry,HTML,public_html,,NC list of closed prison facilities.
BestColleges Closed Colleges,https://www.bestcolleges.com/research/closed-colleges-list-statistics-major-closures/,national,,,community_list,HTML,public_html,312,312 colleges/universities closed 2008-2024.
Hechinger Report College Closures,https://hechingerreport.org/tracking-college-closures/,national,,,research,HTML,public_html,,Live tracker of US college closures.
Inside Higher Ed Closures,https://www.insidehighered.com/news/2019/06/13/list-private-colleges-have-closed-recent-years,national,,,research,HTML,public_html,,Closed private colleges list.
PrepScholar Closed Colleges,https://blog.prepscholar.com/permanently-closed-colleges-list,national,,,community_list,HTML,public_html,,Permanently-closed colleges since 2015.
Wikipedia Defunct US Colleges,https://en.wikipedia.org/wiki/Category:Defunct_universities_and_colleges_in_the_United_States,national,,,community_list,HTML,public_html,,Wikipedia defunct US universities/colleges category.
Wikipedia US Sanatoria List,https://en.wikipedia.org/wiki/List_of_sanatoria_in_the_United_States,national,,,community_list,HTML,public_html,,Wikipedia US sanatoria (TB hospitals) list.
NTHP TB Sanitariums,https://savingplaces.org/stories/tuberculosis-sanitariums-reminders-of-the-white-plaque,national,,,research,HTML,public_html,,NTHP article on TB sanitarium preservation.
Atlas Obscura Abandoned Churches,https://www.atlasobscura.com/categories/abandoned-churches,national,,,community_list,HTML,public_html,,Atlas Obscura abandoned churches category.
Abandoned America Religious,https://www.abandonedamerica.us/residential-and-religious,national,,,community_blog,HTML,public_html,,Residential/religious section incl abandoned churches.
DetroitUrbex Churches,https://detroiturbex.com/content/churches/index.html,city,MI,Detroit,community_blog,HTML,public_html,,Detroit-specific abandoned churches.
Abandoned Florida Religious,https://abandonedfl.com/class/religious/,state,FL,,community_blog,HTML,public_html,30+,30+ abandoned religious sites in FL with photos/addresses.
Architectural Afterlife Master,https://architecturalafterlife.com/,national,,,community_blog,HTML,public_html,,Master photography site by structure type + state.
Worcester MA VPR,https://www.worcesterma.gov/inspections/property-owners,city,MA,Worcester,registry,HTML,public_html,,Worcester Inspectional Services VPR — abandoned/foreclosed owners + lenders register annually.
Worcester Inspectional Services,https://new.worcesterma.gov/inspections,city,MA,Worcester,code_enforcement,HTML,public_html,,Department of Inspectional Services + Housing & Health Division.
Worcester Atlas,https://www.worcesterma.gov/finance/taxes-assessments/property-records,city,MA,Worcester,assessor,interactive_map,public_html,,Interactive map viewer with City property data. Owner data updated as of 2025-11-06.
Worcester Open Data (Informing Worcester),https://www.worcesterma.gov/announcements/worcester-launches-rental-registry-program,city,MA,Worcester,open_data,catalog,public_html,,Open data portal — permits + certificates + licensing.
Lowell MA VPR,https://www.lowellma.gov/711/Register-a-Vacant-or-Foreclosing-Propert,city,MA,Lowell,registry,HTML,public_html,,VPR — 90-day vacancy + 7-day registration. $100/day fine for non-compliance.
Lowell VCI Ordinance,https://ecode360.com/44450042,city,MA,Lowell,municipal_code,HTML,public_html,,Registration & Maintenance of Vacant Commercial and Industrial Properties ordinance text.
Lowell Department of Planning & Development,https://www.lowellma.gov/AgendaCenter/ViewFile/Item/30978?fileID=66710,city,MA,Lowell,redevelopment,PDF,public_html,,Lowell DPD process documentation for VPR.
Fitchburg MA Vacant Property Registry,https://www.northcentralmass.com/city-of-fitchburg-rolls-out-a-new-vacant-property-registry-to-combat-blight-and-encourage-development/,city,MA,Fitchburg,registry,HTML,public_html,,New Fitchburg VPR combatting blight + encouraging development.
FRCOG Abandoned Building Toolkit,https://frcog.org/wp-content/uploads/2018/04/Abandoned-Building-Muncipal-Toolkit-FRCOG-2018.pdf,state,MA,,research,PDF,public_html,,Franklin Regional Council of Governments — 2018 municipal toolkit for vacant/abandoned buildings.
Newburyport MA Code of Ordinances,https://library.municode.com/ma/newburyport,city,MA,Newburyport,municipal_code,HTML,public_html,,Newburyport municipal code (Ch 8 Health & Safety includes nuisance/abandoned provisions).
Concord NH Code Administration,https://www.concordnh.gov/322/Code-Administration-Division,city,NH,Concord,code_enforcement,HTML,public_html,,Code Admin Division administers Concord Property Maintenance Code.
Concord NH Vacant Building Rule,https://library.municode.com/nh/concord/codes/code_of_ordinances?nodeId=TITIGECO_CH11PUNU,city,NH,Concord,municipal_code,HTML,public_html,,Concord Ch 11 Public Nuisances — 120-day vacant-building limit + inspection fees.
Concord NH Building Safety,https://www.concordnh.gov/323/Building-Safety,city,NH,Concord,code_enforcement,HTML,public_html,,Building Safety + vacant building inspection program.
Maine Redevelopment Land Bank Authority,https://www.mainelegislature.org/legis/statutes/36/title36sec946-C.html,state,ME,,land_bank,HTML,public_html,,Title 36 §946-C — receives certified abandoned tax-acquired property addresses from every ME municipality. Statewide aggregator.
Maine Tax-Acquired Property,https://www.maine.gov/revenue/taxes/property-tax/unorganized-territory/tax-acquired-property,state,ME,,tax_records,HTML,public_html,,Maine Revenue Services tax-acquired property in unorganized territories.
Maine §946-C Abandoned Tax-Acquired,https://legislature.maine.gov/statutes/36/title36sec946-C.html,state,ME,,municipal_code,HTML,public_html,,Statute authorizing municipal code enforcement officers to certify property abandoned post tax-acquisition.
Maine §943-C Foreclosed Sales,https://legislature.maine.gov/statutes/36/title36sec943-C.html,state,ME,,municipal_code,HTML,public_html,,Statute on sale of municipally-foreclosed properties.
Maine Title 30-A §3106,https://legislature.maine.gov/statutes/30-a/title30-Asec3106.html,state,ME,,municipal_code,HTML,public_html,,Disposition of abandoned property statute.
Maine Property Tax Foreclosure Process,https://legislature.maine.gov/doc/10639,state,ME,,research,PDF,public_html,,Comprehensive ME property tax foreclosure process documentation.
Belfast ME Tax-Acquired Property,https://www.cityofbelfast.org/253/Tax-Acquired-Property-Information,city,ME,Belfast,tax_records,HTML,public_html,,Belfast tax-acquired property listings.
Augusta ME Tax-Acquired Property,https://www.augustamaine.gov/index.php?section=real-estate,city,ME,Augusta,tax_records,HTML,public_html,,Augusta tax-acquired property sales via Real Estate.
Maine Farmland Trust,https://www.mainefarmlandtrust.org/,state,ME,,land_bank,HTML,public_html,,Buy Protect Sell program — acquires at-risk farms statewide. 82000 acres + 560 farms lost 2017-2022.
Maine FarmLink,https://farmlink.mainefarmlandtrust.org/available-properties,state,ME,,agricultural,HTML,public_html,,Available ME farmland to lease or buy — including distressed/at-risk properties.
Maine Sell Farmland Program,https://www.mainefarmlandtrust.org/farmland/sell-farmland,state,ME,,agricultural,HTML,public_html,,Maine Farmland Trust acquisition page — captures farms exiting agriculture.
Maine ACF Farmland Protection,https://www.maine.gov/dacf/ard/farmland_protection/index.shtml,state,ME,,state_program,HTML,public_html,,Maine Dept of Agriculture Farmland Protection Program — easements + at-risk lands.
Maine Homestead Magazine Forgotten Farms,https://mainehomesteadmagazine.com/forgotten-farms-of-maine/,state,ME,,community_blog,HTML,public_html,,Photo series documenting forgotten ME farms (locations intentionally vague to deter vandalism).
Old House Dreams ME,https://www.oldhousedreams.com/state/maine/,state,ME,,community_blog,HTML,public_html,,Distressed/at-risk old houses listed for sale in ME.
Jackson TN VPR,https://www.ascentres.com/home/industry-news/jackson-tn-vacant-property-registration-ordinance-now-in-effect/,city,TN,Jackson,registry,HTML,public_html,,Jackson TN vacant property registration ordinance now in effect; administered via Hera/Ascent platform.
Jackson TN Property Search,https://jacksontn.geopowered.com/propertysearch/,city,TN,Jackson,assessor,HTML,public_html,,City of Jackson TN property search.
Jackson TN Surplus Property,https://www.jacksontn.gov/government/departments/revenue/surplus_property/,city,TN,Jackson,surplus_property,HTML,public_html,,City surplus property listings.
Madison County TN Assessor,https://www.madisoncountytn.gov/90/Assessor-of-Property,county,TN,Madison,assessor,HTML,public_html,,Madison County (Jackson TN) assessor lookup.
Madison County TN Register of Deeds,https://www.madisoncountytn.gov/118/Register-of-Deeds,county,TN,Madison,land_records,HTML,public_html,,Madison County deed records.
EBR Blighted Property Dashboard,https://hub.arcgis.com/datasets/ebrgis::blighted-property-dashboard,city,LA,Baton Rouge,registry,ArcGIS,open_api,,East Baton Rouge ArcGIS Hub blighted property dashboard — tracks all 311 blight service requests.
Greensburg PA Blight Inventory,https://greensburgblightinventory-wcpagis.hub.arcgis.com/,city,PA,Greensburg,registry,ArcGIS,open_api,,Westmoreland County inventoried every Greensburg parcel in 2021 and graded condition of each.
Boston Maps Open Data,https://bostonopendata-boston.opendata.arcgis.com/,city,MA,Boston,open_data,ArcGIS,public_html,,BostonMaps Open Data Site — ArcGIS hub.
Analyze Boston,https://data.boston.gov/,city,MA,Boston,open_data,catalog,public_html,,Boston's open data hub.
Boston DND Property Inventory,https://data.boston.gov/dataset/department-of-neighborhood-development-property-inventory,city,MA,Boston,registry,CSV,downloadable,,Dept of Neighborhood Development inventory — city-owned + vacant land.
Boston DND Managed Property,https://data.boston.gov/dataset/dnd-managed-city-property-inventory-all,city,MA,Boston,registry,CSV,downloadable,,DND managed property inventory (all).
Boston DND Developable,https://data.boston.gov/dataset/dnd-managed-city-property-developable,city,MA,Boston,registry,CSV,downloadable,,DND developable city-owned property dataset.
Houston COHGIS Data Hub,https://cohgis-mycity.opendata.arcgis.com/,city,TX,Houston,open_data,ArcGIS,public_html,,City of Houston GIS open data hub.
Houston MyCity GIS,https://mycity.houstontx.gov/,city,TX,Houston,parcel_gis,HTML,public_html,,Houston GIS portal.
Houston Public Works Open Data,https://geohub.houstontx.gov/,city,TX,Houston,open_data,ArcGIS,public_html,,Public Works GIS open data.
Houston Open Data Portal,https://data.houstontx.gov/,city,TX,Houston,open_data,catalog,public_html,,City of Houston open data master portal.
H-GAC Regional GIS Hub,https://gishub-h-gac.hub.arcgis.com/,regional,TX,Houston,parcel_gis,ArcGIS,public_html,,Houston-Galveston Area Council regional GIS data.
Phoenix Mapping ArcGIS,https://mapping-phoenix.opendata.arcgis.com/,city,AZ,Phoenix,parcel_gis,ArcGIS,public_html,,City of Phoenix ArcGIS Hub including parcels.
Phoenix Open Data,https://www.phoenixopendata.com/,city,AZ,Phoenix,open_data,catalog,public_html,,Phoenix open data master portal.
Phoenix EGIS,https://www.phoenix.gov/administration/departments/its/maps.html,city,AZ,Phoenix,parcel_gis,HTML,public_html,,Phoenix Enterprise GIS team.
Maricopa County GIS,https://www.maricopa.gov/507/GIS-Maps,county,AZ,Maricopa,parcel_gis,HTML,public_html,,Phoenix-area Maricopa County GIS.
Atlanta DPCD GIS Hub,https://dpcd-coaplangis.opendata.arcgis.com/,city,GA,Atlanta,open_data,ArcGIS,public_html,,Atlanta Department of City Planning ArcGIS open data hub.
Atlanta GIS,https://gis.atlantaga.gov/?page=OPEN-DATA-HUB,city,GA,Atlanta,parcel_gis,ArcGIS,public_html,,Atlanta city GIS portal entry to open data hub.
Mobile AL Open Data Hub,https://open-government-cityofmobile.hub.arcgis.com/,city,AL,Mobile,open_data,ArcGIS,public_html,,City of Mobile open government / mapping portal.
Miami-Dade County Open Data,https://gis-mdc.opendata.arcgis.com/,county,FL,Miami-Dade,open_data,ArcGIS,public_html,,Miami-Dade County ArcGIS open data hub.
San Jose CA Vacant Land Inventory,https://data.sanjoseca.gov/dataset/vacant-land-inventory/resource/9bd358c6-be3f-4d55-a954-5e55255c7346,city,CA,San Jose,registry,ArcGIS,open_api,,San Jose vacant land inventory — updated weekly Mondays.
San Jose Open Data,https://data.sanjoseca.gov/,city,CA,San Jose,open_data,catalog,public_html,,San Jose open data portal.
Detroit Blight Violations,https://data-detroitmi.hub.arcgis.com/datasets/blight-violations/data,city,MI,Detroit,code_enforcement,ArcGIS,open_api,,Detroit blight violations dataset on ArcGIS Hub.
Washington County AR Assessor GIS Hub,https://assessorgishub-washcoar.hub.arcgis.com/,county,AR,Washington,parcel_gis,ArcGIS,public_html,,County GIS hub with blight complaints + demolition tracking + property surveys.
Baltimore GIS Open Data,https://gis-baltimore.opendata.arcgis.com/,city,MD,Baltimore,open_data,ArcGIS,public_html,,Baltimore ArcGIS Hub.
DC GIS Property and Land,https://datahub-dc-dcgis.hub.arcgis.com/search?categories=property+and+land,city,DC,Washington,open_data,ArcGIS,public_html,,DC GIS Hub filtered to property and land datasets.
Rochester NY Tax Parcels FeatureServer,https://maps.cityofrochester.gov/server/rest/services/Open_Data/Tax_Parcels_Open_Data/FeatureServer/0/query,city,NY,Rochester,assessor,ArcGIS_FeatureServer,open_api,64765,Assessment field: CURRENT_TOTAL_VALUE. Filter by SITEADDRESS LIKE. 99% hit rate confirmed 2026-05-20.
Indianapolis MapIndyProperty,https://gis.indy.gov/server/rest/services/MapIndy/MapIndyProperty/MapServer/10/query,city,IN,Indianapolis,assessor,ArcGIS_MapServer,open_api,,Assessment field: ASSESSORYEAR_TOTALAV. Filter STREET_NAME + STNUMBER + PRE_DIR + SUFFIX. 96% hit rate.
Cuyahoga TaxMap_Parcels_CAMA_RP_WGS84,https://gis.cuyahogacounty.us/server/rest/services/CUYAHOGA_BASE/TaxMap_Parcels_CAMA_RP_WGS84/FeatureServer/1/query,county,OH,Cuyahoga,assessor,ArcGIS_FeatureServer,open_api,484486,Assessment field: gross_certified_total. AreaParcelDataView (layer 1) covers all Cuyahoga incl Cleveland. Use par_addr + par_street; strip ordinals (95th→95). 96% hit rate.
Cuyahoga Open_Data_Combined_Parcels_WGS84,https://gis.cuyahogacounty.us/server/rest/services/CCGIS/Open_Data_Combined_Parcels_WGS84/MapServer/0/query,county,OH,Cuyahoga,assessor,ArcGIS_MapServer,open_api,,Alternate Cuyahoga parcel layer. Same gross_certified_total field. Use par_predir for direction.
DC ITSPE Direct CSV,https://opendata.dc.gov/api/download/v1/items/acf4305c684e45df86b5ea83ba2d9f80/csv?layers=80,city,DC,Washington,assessor,CSV,downloadable,2318,DC Integrated Tax System Public Extract — vacant/blighted properties CSV. Assessment fields: NEWTOTAL ASSESSMENT NEWLAND NEWIMPR ANNUALTAX. Address parts: LOWNUMBER + STREETNAME + SUFFIX + QDRNTNAME. 96% hit rate.
Detroit tentative_assessment_roll_2026,https://services2.arcgis.com/qvkbeam7Wirps6zC/arcgis/rest/services/tentative_assessment_roll_2026/FeatureServer/0/query,city,MI,Detroit,assessor,ArcGIS_FeatureServer,open_api,,Most current Detroit assessment data. Fields: amt_assessed_value amt_taxable_value amt_land_value amt_estimated_true_cash_value taxpayer_1 tax_status_description. Filter street_number + street_name + street_prefix.
Detroit parcel_file_current,https://services2.arcgis.com/qvkbeam7Wirps6zC/arcgis/rest/services/parcel_file_current/FeatureServer/0/query,city,MI,Detroit,assessor,ArcGIS_FeatureServer,open_api,,Alternate Detroit master parcel layer. Same amt_assessed_value field.
Detroit Parcels (Current),https://services2.arcgis.com/qvkbeam7Wirps6zC/arcgis/rest/services/Parcels_Current/FeatureServer/0,city,MI,Detroit,parcel_gis,ArcGIS_FeatureServer,open_api,,Current Detroit parcel boundaries with attribute data.
Detroit assessor_property_sales_view,https://services2.arcgis.com/qvkbeam7Wirps6zC/arcgis/rest/services/assessor_property_sales_view/FeatureServer/0,city,MI,Detroit,tax_records,ArcGIS_FeatureServer,open_api,,Detroit property sales records.
Detroit BSEED Vacant Property Registrations,https://services2.arcgis.com/qvkbeam7Wirps6zC/arcgis/rest/services/bseed_vacant_property_registrations/FeatureServer/0,city,MI,Detroit,registry,ArcGIS_FeatureServer,open_api,,BSEED VPR dataset feature service direct endpoint.
Detroit parcel_property_tax_estimates,https://services2.arcgis.com/qvkbeam7Wirps6zC/arcgis/rest/services/parcel_property_tax_estimates/FeatureServer/0,city,MI,Detroit,tax_records,ArcGIS_FeatureServer,open_api,,Detroit estimated property tax by parcel.
Baltimore Realproperty_OB,https://geodata.baltimorecity.gov/egis/rest/services/CityView/Realproperty_OB/FeatureServer/0/query,city,MD,Baltimore,assessor,ArcGIS_FeatureServer,open_api,,Baltimore real property database. Assessment field: TAXBASE. Filter BLDG_NO + ST_NAME + STDIRPRE. 100% hit rate.
Buffalo COB Parcels,https://gis.buffalony.gov/server/rest/services/BaseFiles/COB_Parcels_202009/FeatureServer/0/query,city,NY,Buffalo,assessor,ArcGIS_FeatureServer,open_api,,Buffalo city parcels with total_value field. 95% hit rate using ADDRESS LIKE.
Paterson NJ MOD-IV Tax Records,http://paterson.msnj.us/cgi/saledb/inf.cgi,city,NJ,Paterson,assessor,CGI,public_html,,Paterson NJ tax record search via Passaic County (district=1608). POST housenum + streetname; then m4.cgi for detail. Assessment = 'Assessed:' current year. 96% hit rate.
Trenton NJ Parcels via NJ Parcels,https://njparcels.com/search/address/,city,NJ,Trenton,assessor,HTML,public_html,,NJ Parcels statewide aggregator. Mercer = s_co=11. Search by address. 94% hit rate.
Cook County IL Address-PIN Lookup,https://datacatalog.cookcountyil.gov/resource/3723-97qp.json,city,IL,Chicago,assessor,Socrata,open_api,,Chicago/Cook County address → PIN lookup. Year=2025 most recent.
Cook County IL Assessment Values by PIN,https://datacatalog.cookcountyil.gov/resource/uzyt-m557.json,city,IL,Chicago,assessor,Socrata,open_api,,Cook County assessed values per PIN. Use board_tot > certified_tot > mailed_tot (latest non-null). 2026 are placeholders; filter mailed_tot IS NOT NULL.
St Louis MO Parcels,https://maps6.stlouis-mo.gov/arcgis/rest/services/St_Louis_Parcels/MapServer/0/query,city,MO,St. Louis,assessor,ArcGIS_MapServer,open_api,,STL parcels. Assessment = AprLand + CostAprImprove (matches existing CSV convention). AsdTotal is 32% taxable. LRA-owned parcels return $0. 99% hit rate. Filter StName + LowAddrNum + StPreDir.
LA County Residential Parcels,https://services.arcgis.com/RmCCgQtiZLDCtblq/arcgis/rest/services/ResidentialParcels_LACounty_010924download_allCB20_HD22_attributes/FeatureServer/1,county,CA,Los Angeles,parcel_gis,ArcGIS_FeatureServer,open_api,,LA County residential parcel boundaries — SITUS address but NO assessment value field exposed. Boundary-only.
NORA Uncommitted Inventory (direct API),https://data.nola.gov/resource/5ktx-e9wc.json,city,LA,New Orleans,land_bank,Socrata,open_api,,NORA inventory Socrata endpoint. Fields: property_address property_type square_footage zoning. No owner/assessment.
NOLA BlightStatus Demolitions (direct API),https://data.nola.gov/resource/e3wd-h7q2.json,city,LA,New Orleans,registry,Socrata,open_api,,BlightStatus demolitions Socrata endpoint. Fields: full_address program units demolition_start demolition_complete.
PA DEP HSCA Response Actions List,https://www.pa.gov/agencies/dep/programs-and-services/land/site-remediation/hazardous-sites-cleanup-program/hazardous-site-response-actions-list,state,PA,,brownfields,HTML,public_html,,Pennsylvania Hazardous Sites Cleanup Act response actions — drawn from eFACTS database.
PA DEP Brownfield Redevelopment,https://www.dep.pa.gov/Business/Land/Brownfields/Pages/default.aspx,state,PA,,brownfields,HTML,public_html,6687+,PA Act 2 Land Recycling Program — 6687+ cleanup actions over 22 years.
Michigan EGLE Part 201 Sites,https://gis-michigan.opendata.arcgis.com/datasets/egle::part-201-environmental-contamination-sites/about,state,MI,,brownfields,ArcGIS,open_api,,MI EGLE Part 201 environmental contamination sites — downloadable open data layer.
Michigan EGLE RIDE Mapper,https://www.michigan.gov/egle/maps-data/ride-mapper,state,MI,,brownfields,interactive_map,public_html,,MI EGLE Remediation Information and Data Exchange mapper — Parts 201/211/213.
Michigan EGLE Inventory of Facilities,https://www.egle.state.mi.us/RIDE/inventory-of-facilities/facilities,state,MI,,brownfields,HTML,public_html,,EGLE Inventory of Facilities application (MiEHDWIS).
Ohio EPA VAP NFA Summary,https://epa.ohio.gov/divisions-and-offices/environmental-response-revitalization/derr-programs/voluntary-action-program,state,OH,,brownfields,HTML,public_html,,Ohio Voluntary Action Program — complete NFA (No Further Action) summary list publicly accessible.
Illinois EPA Brownfields Database,http://epadata.epa.state.il.us/land/brownfields/,state,IL,,brownfields,HTML,public_html,,IL EPA Office of Brownfields Assistance MBRG project sites — searchable by LPC# / site name / municipality.
Illinois EPA Site Remediation Program DB,https://epa.illinois.gov/topics/cleanup-programs/bol-database/srp.html,state,IL,,brownfields,HTML,public_html,,IL EPA Site Remediation Program — voluntary remediation projects since 1989.
Missouri DNR BVCP Site Data,https://dnr.mo.gov/waste-recycling/investigations-cleanups/brownfields-voluntary-cleanup/site-specific-data,state,MO,,brownfields,XLSX,downloadable,,MO DNR Brownfields/Voluntary Cleanup Program — Excel list of all BVCP/Superfund/Federal Facility sites updated monthly.
NJDEP Known Contaminated Site List (ArcGIS),https://gisdata-njdep.opendata.arcgis.com/datasets/njdep::known-contaminated-site-list-for-new-jersey/about,state,NJ,,brownfields,ArcGIS,open_api,,NJ DEP Known Contaminated Site List for New Jersey — Active/Pending/Closed sites with PI numbers.
NJDEP Contaminated Site Profile,https://dep.nj.gov/srp/kcsnj/,state,NJ,,brownfields,HTML,public_html,,NJ DEP Site Remediation Profile + KCSNJ web report.
MassDEP Brownfields Statewide List,https://www.mass.gov/find-out-about-a-contaminated-property,state,MA,,brownfields,XLSX,downloadable,40000+,40000+ MA contaminated sites including 21E hazardous waste releases. Statewide list available as XLS.
MassDEP Brownfields Sites Finder,https://www.mass.gov/info-details/find-brownfields-sites,state,MA,,brownfields,HTML,public_html,,MassDEP statewide brownfields finder.
Maryland MDE LRP Sites Map,https://mdewin64.mde.state.md.us/LRP/index.html,state,MD,,brownfields,interactive_map,public_html,,MD Land Restoration Program interactive map — Brownfield Master Inventory + VCP Notice of Applications.
Maryland VCP Information,https://mde.maryland.gov/programs/land/marylandbrownfieldvcp/pages/vcp_info.aspx,state,MD,,brownfields,HTML,public_html,,Maryland Voluntary Cleanup Program (since 1997).
Georgia EPD Hazardous Site Inventory,https://epd.georgia.gov/about-us/land-protection-branch/hazardous-waste/hazardous-site-inventory,state,GA,,brownfields,HTML,public_html,,GA EPD HSI — state superfund list with interactive map + site profiles. Revised July 2025.
Georgia EPD Brownfield Program,https://epd.georgia.gov/about-us/land-protection-branch/hazardous-waste/brownfield,state,GA,,brownfields,HTML,public_html,,GA brownfield tracking — HSI + non-HSI properties.
Florida DEP Brownfield Geoviewer,https://geodata.dep.state.fl.us/datasets/FDEP::brownfield-sites/about,state,FL,,brownfields,ArcGIS,open_api,,FL DEP Brownfields downloadable geospatial dataset + interactive map.
Florida DEP Brownfields Redevelopment Atlas,https://floridadep.gov/waste/waste-cleanup/content/florida-brownfields-area-and-site-documentation,state,FL,,brownfields,HTML,public_html,,FL Brownfields by county — site rehabilitation agreements + completion orders.
TCEQ Voluntary Cleanup Program Sites,https://www.tceq.texas.gov/remediation/vcp,state,TX,,brownfields,HTML,public_html,,Texas TCEQ VCP — semi-annual VCP General Site Information Spreadsheet + Central Registry search.
TCEQ Brownfields Site Assessment Program,https://www.tceq.texas.gov/remediation/bsa,state,TX,,brownfields,HTML,public_html,,Texas Brownfields Site Assessment + GIS Map Viewer + Site List.
NC DEQ Brownfields Map & Inventory,https://www.deq.nc.gov/about/divisions/waste-management/science-data-and-reports/gis-maps/brownfields-projects-map-inventory-and-document-download,state,NC,,brownfields,interactive_map,public_html,650+,650+ NC brownfields with downloadable GIS layers.
NC DEQ Inactive Hazardous Sites,https://www.deq.nc.gov/about/divisions/waste-management/superfund-section/inactive-hazardous-sites-program,state,NC,,brownfields,HTML,public_html,,NC Inactive Hazardous Sites Program (state superfund-equivalent).
Indiana IDEM VRP Site List,https://www.in.gov/idem/cleanups/investigation-and-cleanup-programs/voluntary-remediation-program/,state,IN,,brownfields,XLSX,downloadable,,IN VRP Site List in Excel updated semi-annually.
Indiana Brownfields Program Sites,https://www.in.gov/ifa/brownfields/program-sites/,state,IN,,brownfields,HTML,public_html,,Indiana Finance Authority Brownfields program sites.
Wisconsin DNR BRRTS,https://dnr.wisconsin.gov/topic/Brownfields/RRData.html,state,WI,,brownfields,HTML,public_html,95000+,WI Bureau for Remediation and Redevelopment Tracking System — 95000+ properties.
Wisconsin DNR RR Sites Map,https://dnrmaps.wi.gov/H5/?viewer=rrsites,state,WI,,brownfields,interactive_map,public_html,,WI BRRTS interactive map of contaminated properties + open incidents.
MPCA Minnesota Remediation Sites,https://gisdata.mn.gov/dataset/env-remediation-sites,state,MN,,brownfields,ArcGIS,open_api,,MN Pollution Control Agency remediation sites — downloadable layer including VIC + Superfund.
MPCA Institutional Controls,https://gisdata.mn.gov/dataset/env-institutional-controls,state,MN,,brownfields,ArcGIS,open_api,,MN MPCA VIC program sites with institutional controls.
Virginia DEQ VRP Brownfields,https://www.deq.virginia.gov/our-programs/land-waste/land-remediation/brownfields,state,VA,,brownfields,HTML,public_html,,VA DEQ VRP site addresses via Open Data Portal: Land Datasets + Environmental Data Mapper.
TDEC Tennessee VOAP,https://www.tn.gov/environment/program-areas/rem-remediation/voap.html,state,TN,,brownfields,HTML,public_html,2290+,TN Voluntary Cleanup Oversight & Assistance Program — 2290 enrolled sites; 427 received NFA.
Alabama ADEM VCP Sites Remediated,https://adem.alabama.gov/programs/land/landforms/brownfielddirectorymar11.pdf,state,AL,,brownfields,PDF,public_html,302+,302+ AL sites assessed/cleaned via VCP — searchable interactive map by county.
Alabama ADEM Brownfields,http://www.adem.state.al.us/programs/land/brownfields.cnt,state,AL,,brownfields,HTML,public_html,,AL Brownfield/Voluntary Cleanup Program.
Mississippi DEQ Brownfields,https://www.mdeq.ms.gov/water/groundwater-assessment-and-remediation/brownfields/,state,MS,,brownfields,HTML,public_html,,MS DEQ Brownfields Inventory Sites (XLSX downloadable) + KMZ map.
Louisiana LDEQ VRP Public Record,https://internet.deq.louisiana.gov/portal/divisions/remediation/voluntary-remediation-program-public-record,state,LA,,brownfields,HTML,public_html,,LA VRP Sites public record updated daily.
Louisiana LDEQ Brownfields,https://www.deq.louisiana.gov/page/brownfields,state,LA,,brownfields,HTML,public_html,,LA DEQ Brownfields program portal.
Arkansas ADEQ Brownfield Database,https://adeq.state.ar.us/hazwaste/programs/brownfield/database.aspx,state,AR,,brownfields,HTML,public_html,,AR Brownfield Database — listings by AFIN/alphabetical/city/county/district/status + downloadable Access DB.
New Mexico NMED VRP,https://www.env.nm.gov/gwqb/ros-vrp/,state,NM,,brownfields,HTML,public_html,143+,NM Voluntary Remediation Program — 143 properties completed remediation.
New Mexico NMED Brownfields,https://www.env.nm.gov/gwqb/brownfields-program/,state,NM,,brownfields,HTML,public_html,,NM Brownfields program portal.
Arizona ADEQ VRP Sites,https://azdeq.gov/VRPsites,state,AZ,,brownfields,HTML,public_html,200+,AZ VRP sites by county — 200+ cleaned/closed; 60+ active.
California DTSC EnviroStor,https://www.envirostor.dtsc.ca.gov/public/search,state,CA,,brownfields,HTML,public_html,,CA DTSC EnviroStor — cleanup/permitting/enforcement at hazardous waste facilities + contaminated sites.
California Cortese List,https://calepa.ca.gov/sitecleanup/corteselist/,state,CA,,brownfields,HTML,public_html,,CalEPA Cortese List — combined DTSC EnviroStor + GeoTracker LUST + Water Board solid waste sites.
Colorado CDPHE VCRP Sites,https://cdphe.colorado.gov/hm/voluntary-cleanup-sites-county,state,CO,,brownfields,HTML,public_html,,CO Voluntary Cleanup & Redevelopment Program sites by county with downloadable spreadsheet.
Colorado CDPHE Brownfield Layer,https://geodata.colorado.gov/datasets/CDPHE::hmwmd-cdphe-brownfield,state,CO,,brownfields,ArcGIS,open_api,,CO CDPHE brownfield ArcGIS layer.
Maine DEP Division of Remediation Sites,https://www.maine.gov/dep/maps-data/data.html,state,ME,,brownfields,XLSX,downloadable,,ME DEP all remediation sites — VRAP/Brownfields/Federal/Superfund/Uncontrolled — PDF + XLSX by municipality.
Maine DEP VRAP,https://www.maine.gov/dep/spills/vrap/index.html,state,ME,,brownfields,HTML,public_html,,Maine Voluntary Response Action Program — site institutional controls database.
West Virginia DEP VRP,https://dep.wv.gov/dlr/oer/brownfieldsection/Voluntary%20Remediaton%20Program/Pages/default.aspx,state,WV,,brownfields,HTML,public_html,,WV Voluntary Remediation Program (since 1996).
Oklahoma DEQ LandWeb VCP Sites,https://gisdata-deq.opendata.arcgis.com/datasets/landweb-voluntary-cleanup-program-sites,state,OK,,brownfields,ArcGIS,open_api,,OK Voluntary Cleanup Program sites via LandWeb ArcGIS layer.
Oklahoma DEQ Brownfields,https://oklahoma.gov/deq/divisions/land-protection/cleanup-redevelopment/brownfields.html,state,OK,,brownfields,HTML,public_html,,OK Brownfields interactive map.
Delaware DNREC Brownfields Marketplace,https://apps.dnrec.state.de.us/BFExt/DataSearch.aspx,state,DE,,brownfields,HTML,public_html,,DE Brownfields Marketplace — possible/potential/known contaminated sites.
Delaware DNREC SIRS,http://www.dnrec.delaware.gov/dwhs/sirb/Pages/default.aspx,state,DE,,brownfields,HTML,public_html,,DE Site Investigation & Restoration Section — HSCA-managed sites.
DC DOEE VCP Sites,https://doee.dc.gov/service/voluntary-cleanup-program-vcp-sites,state,DC,,brownfields,HTML,public_html,,DC Voluntary Cleanup Program sites — active + completed.
Kentucky Brownfield Inventory,https://eec.ky.gov/Environmental-Protection/brownfields/Pages/ky-brownfield-inventory.aspx,state,KY,,brownfields,HTML,public_html,,KY Energy & Environment Cabinet brownfields inventory — federally-funded assessment + cleanup properties.
Oregon DEQ ECSI Brownfields,https://www.oregon.gov/deq/hazards-and-cleanup/env-cleanup/pages/brownfields.aspx,state,OR,,brownfields,HTML,public_html,,Oregon DEQ Environmental Cleanup Site Information query — searchable brownfield site database.
Iowa DNR Contaminated Sites,https://programs.iowadnr.gov/contaminatedsites/Home/About,state,IA,,brownfields,HTML,public_html,,Iowa DNR contaminated sites web app — searchable inventory.
Connecticut DEEP Brownfields Inventory,https://portal.ct.gov/deep/remediation--site-clean-up/brownfields/brownfields-site-inventory,state,CT,,brownfields,HTML,public_html,,CT DEEP brownfields inventory — site name + street address by town. Updated 2026-02-19.
Washington Ecology Site Register,https://ecology.wa.gov/regulations-permits/guidance-technical-assistance/site-register-lists-and-data,state,WA,,brownfields,HTML,public_html,,WA Ecology Contaminated Site Register + Cleanup and Tank Search database.
NYSDEC Environmental Site Database,https://dec.ny.gov/environmental-protection/site-cleanup/database-search,state,NY,,brownfields,HTML,public_html,,NY DEC site cleanup database — State Superfund / BCP / ER / VCP all programs.
Nevada NDEP Site Cleanup Database,https://ndep.nv.gov/environmental-cleanup/site-cleanup-program/site-cleanup-database,state,NV,,brownfields,HTML,public_html,,NV NDEP NEA database — LUST + Corrective Action sites; exportable as CSV/PDF/Excel. Requires user account.
Nevada NDEP VCP Current Projects,https://ndep.nv.gov/environmental-cleanup/brownfields/voluntary-clean-up-program-vcp/current-projects,state,NV,,brownfields,HTML,public_html,,NV Voluntary Cleanup Program current + completed projects list.
New Hampshire DES OneStop,https://www4.des.state.nh.us/DESOnestop/,state,NH,,brownfields,HTML,public_html,345+,NH DES OneStop database — 345+ brownfield + remediation sites searchable by name/address/town.
New Hampshire DES Brownfields,https://www.des.nh.gov/waste/contaminated-sites/brownfields,state,NH,,brownfields,HTML,public_html,,NH DES Brownfields program portal + interactive dashboard.
Rhode Island DEM Brownfields,https://dem.ri.gov/environmental-protection-bureau/land-revitalization-and-sustainable-materials-management/inventories,state,RI,,brownfields,XLSX,downloadable,,RI Office of Land Revitalization site inventories — CERCLIS + State Sites + brownfields list in PDF + Excel updated annually.
Rhode Island DEM Site Remediation,https://dem.ri.gov/environmental-protection-bureau/land-revitalization-and-sustainable-materials-management/site-remediation-program,state,RI,,brownfields,HTML,public_html,,RI Site Remediation Program — VCP under Industrial Property Remediation and Reuse Act.
Kansas KDHE Identified Sites List,https://hub.kansasgis.org/datasets/4daa998f994c4cfeb6488fe249dec700_0/about,state,KS,,brownfields,ArcGIS,open_api,,KS KDHE Identified Sites List — downloadable ArcGIS layer.
Kansas KDHE Redevelopment Program,https://www.kdhe.ks.gov/478/Redevelopment,state,KS,,brownfields,HTML,public_html,,KS KDHE Brownfields + VCPRP — Voluntary Cleanup & Property Redevelopment Program.
Nebraska DEE Voluntary Cleanup,https://dee.nebraska.gov/land-waste/voluntary-cleanup-programs,state,NE,,brownfields,HTML,public_html,,NE Voluntary Cleanup Program public record — updated annually per CERCLA 128(a).
Nebraska DEE Brownfields Assistance,https://dee.nebraska.gov/land-waste/brownfields-assistance-section-128a-assessments,state,NE,,brownfields,HTML,public_html,,NE DEE Brownfields Assistance Section 128(a) Assessments.
Utah DEQ VCP Sites,https://gis.utah.gov/data/environment/deq-land-related-contaminant-cleanup-sites/,state,UT,,brownfields,ArcGIS,open_api,91+,UT DEQ Brownfields + VCP sites in SGID ArcGIS — 91 enrolled / 63 NFA letters as of Sep 2022.
Utah DEQ Voluntary Cleanup Program,https://deq.utah.gov/environmental-response-and-remediation/cercla-comprehensive-environmental-response-compensation-and-liability-act/voluntary-cleanup-program,state,UT,,brownfields,HTML,public_html,,UT VCP program portal with site list.
Vermont DEC Brownfields ERT,https://anrweb.vt.gov/DEC/ERT/Brownfields.aspx,state,VT,,brownfields,interactive_map,public_html,125+,VT DEC Environmental Research Tool (ERT) — searchable Brownfields site list; 125 sites in ANR Atlas GIS layer.
Vermont DEC Brownfields Program,https://dec.vermont.gov/waste-management/contaminated-sites/brownfields,state,VT,,brownfields,HTML,public_html,,VT BRELLA Brownfields Reuse and Environmental Liability Limitation Act program.
North Dakota DEQ Brownfields,https://deq.nd.gov/WM/Brownfields/,state,ND,,brownfields,HTML,public_html,,ND DEQ Brownfields State Response Program — current and historic Brownfield sites list available.
South Dakota DANR Brownfields,https://danr.sd.gov/Agriculture/Inspection/Brownfields/default.aspx,state,SD,,brownfields,HTML,public_html,,SD DANR Brownfields program — Sioux Falls pilot 1996 onward; Tanks/Spills/Environmental Events map.
South Dakota DENR Brownfields (old),https://denr.sd.gov/des/gw/Brownfields/Brownfields.aspx,state,SD,,brownfields,HTML,public_html,,SD Brownfields program page (legacy DENR URL).
Montana DEQ Brownfields,https://deq.mt.gov/cleanupandrec/Programs/brownfields,state,MT,,brownfields,HTML,public_html,,MT DEQ Voluntary Cleanup and Redevelopment Program (VCRP) + ACRES mapper.
Idaho DEQ Facility Mapper,https://www.deq.idaho.gov/waste-management-and-remediation/facility-mapper/,state,ID,,brownfields,interactive_map,public_html,8000+,ID DEQ Facility Mapper — 8000+ waste management + remediation sites incl brownfields. CSV downloadable.
Idaho DEQ VCP,https://www.deq.idaho.gov/waste-management-and-remediation/sampling-investigation-and-cleanup/voluntary-cleanup-program/,state,ID,,brownfields,HTML,public_html,,Idaho VCP — created 1996 via Idaho Land Remediation Act.
Wyoming DEQ Voluntary Remediation Program,https://deq.wyoming.gov/shwd/voluntary-remediation-program/,state,WY,,brownfields,HTML,public_html,90+,WY DEQ VRP — ~90 properties enrolled; includes Jackson Hole Resort + former Conoco refineries + UP Railroad facilities.
Wyoming DEQ Brownfields Assistance,https://deq.wyoming.gov/shwd/voluntary-remediation-program/brownfields-assistance/,state,WY,,brownfields,HTML,public_html,,WY DEQ Brownfields Assistance for local governments.
Alaska DEC Contaminated Sites Database,https://dec.alaska.gov/spar/csp/,state,AK,,brownfields,interactive_map,public_html,,AK DEC Contaminated Sites Program — thousands of sites searchable + downloadable; web map application.
Alaska DEC Brownfields Projects,https://dec.alaska.gov/spar/csp/brownfields/projects/,state,AK,,brownfields,HTML,public_html,200+,AK DEC has assisted 200+ brownfield assessments since 2004.
Hawaii DOH iHEER Sites Map,https://eha-cloud.doh.hawaii.gov/iheer/#!/home,state,HI,,brownfields,interactive_map,public_html,,HI iHEER map-based public inventory — sites + institutional controls.
Hawaii DOH Brownfields Inventory,https://health.hawaii.gov/heer/about-heer/organization/sdar-programs/brownfields/redevelopment/,state,HI,,brownfields,HTML,public_html,,HI DOH HEER Office Brownfields Redevelopment program — joint with EPA Region 9.
Hawaii DOH VRP,https://health.hawaii.gov/heer/about-heer/organization/sdar-programs/voluntary-response-program/,state,HI,,brownfields,HTML,public_html,,HI DOH Voluntary Response Program — purchaser/developer liability exemption.
Hawaii State Response Program Inventory,https://health.hawaii.gov/heer/siteinfo/public-record-inventory/,state,HI,,brownfields,HTML,public_html,,HI Public Record Inventory of state response program sites.
NYC HMC Violations (Socrata),https://data.cityofnewyork.us/resource/wvxf-dwi5.json,city,NY,New York,code_enforcement,Socrata,open_api,,NYC HPD Housing Maintenance Code Violations. Dataset ID wvxf-dwi5 on data.cityofnewyork.us. Open HPD violations subset at csn4-vhvf.
NYC DOB Violations (Socrata),https://data.cityofnewyork.us/resource/3h2n-5cm9.json,city,NY,New York,code_enforcement,Socrata,open_api,,NYC Dept of Buildings violations. Recent ID 3h2n-5cm9; legacy ibzj-phrd.
NYC ECB Violations (Socrata),https://data.cityofnewyork.us/resource/8vf4-ne9x.json,city,NY,New York,code_enforcement,Socrata,open_api,,NYC DOB Environmental Control Board violations. Dataset ID 8vf4-ne9x.
Chicago Building Violations (Socrata),https://data.cityofchicago.org/resource/22u3-xenr.json,city,IL,Chicago,code_enforcement,Socrata,open_api,1000000+,Chicago housing code violations 1M+ records. Dataset on data.cityofchicago.org (krde-j4ea legacy).
Detroit Blight Violations (Socrata),https://data.detroitmi.gov/resource/ti6p-wcg4.json,city,MI,Detroit,code_enforcement,Socrata,open_api,,Detroit blight violation notices. Dataset ID ti6p-wcg4. Daily refresh. Zip CSV at apis.detroitmi.gov/data/blight_violations.zip.
Cleveland Building Complaint Violation Notices,https://data.clevelandohio.gov/datasets/ClevelandGIS::building-complaint-violation-notices/about,city,OH,Cleveland,code_enforcement,ArcGIS_FeatureServer,open_api,,Cleveland code enforcement violation notices on data.clevelandohio.gov ArcGIS hub. Weekly refresh.
Cleveland Building Violation Status History,https://data.clevelandohio.gov/datasets/ClevelandGIS::building-violation-status-history,city,OH,Cleveland,code_enforcement,ArcGIS_FeatureServer,open_api,,Cleveland building violation status history dataset.
Cincinnati Code Enforcement (Socrata),https://data.cincinnati-oh.gov/resource/cncm-znd6.json,city,OH,Cincinnati,code_enforcement,Socrata,open_api,,Cincinnati building code enforcement dataset on data.cincinnati-oh.gov. CAGIS-maintained; daily refresh.
Cincinnati Property Activity (CAGIS),https://cagismaps.hamilton-co.org/PropertyActivity/cagisreport,city,OH,Cincinnati,code_enforcement,HTML,public_html,,CAGIS Property Activity Report — Code Enforcement cases + Vacant Licenses + Foreclosed property info by address.
Columbus OH Code Enforcement Cases,https://opendata.columbus.gov/datasets/columbus::code-enforcement-cases/about,city,OH,Columbus,code_enforcement,ArcGIS_FeatureServer,open_api,,Columbus Building & Zoning Services code enforcement cases — feature layer on opendata.columbus.gov.
Pittsburgh PLI/DOMI Violations,https://data.wprdc.org/dataset/pittsburgh-pli-violations-report,city,PA,Pittsburgh,code_enforcement,CKAN,open_api,,Pittsburgh PLI/DOMI/ES violations 2015-present via WPRDC CKAN. Used for casefile tracking + court proceedings.
Philadelphia L&I Violations (Carto),https://opendataphilly.org/datasets/licenses-and-inspections-code-violations/,city,PA,Philadelphia,code_enforcement,Carto,open_api,,Philadelphia L&I code violations — Carto SQL API (not Socrata). On OpenDataPhilly.
Philadelphia L&I Complaints,https://opendataphilly.org/datasets/licenses-and-inspections-complaints/,city,PA,Philadelphia,code_enforcement,Carto,open_api,,Philadelphia L&I complaints feeding the violations pipeline.
Baltimore Housing Citations (Socrata),https://data.baltimorecity.gov/widgets/pugq-wdem,city,MD,Baltimore,code_enforcement,Socrata,open_api,,Baltimore Housing Citations dataset on Open Baltimore. Used by CoDeMap front-end.
Baltimore CoDeMap (ArcGIS),https://data.baltimorecity.gov/datasets/baltimore::codemap,city,MD,Baltimore,code_enforcement,ArcGIS_FeatureServer,open_api,,CoDeMap visualizes foreclosures + open work orders + outstanding violations + vacancies at parcel level.
Boston Building & Property Violations (Socrata),https://data.boston.gov/dataset/building-and-property-violations1/resource/800a2663-1d6a-46e7-9356-bedb70f5332c,city,MA,Boston,code_enforcement,Socrata,open_api,,Boston ISD Building and Structures Division code violations on Analyze Boston.
Boston Public Works Violations,https://data.boston.gov/dataset/public-works-violations/resource/90ed3816-5e70-443c-803d-9a71f44470be,city,MA,Boston,code_enforcement,Socrata,open_api,,Boston Public Works code enforcement violations on Analyze Boston.
DC Open Data Portal Root,https://opendata.dc.gov/,city,DC,Washington,code_enforcement,ArcGIS_Hub,public_html,,DC OpenData (Socrata + ArcGIS) — DC DOB Landlord/Housing Violations Tools live on dob.dc.gov; bulk data via opendata.dc.gov searchable by dataset.
Milwaukee Open Data Portal,https://data.milwaukee.gov/,city,WI,Milwaukee,code_enforcement,Socrata,public_html,,Milwaukee DNS code violations + enforcement via data.milwaukee.gov Socrata. Search portal for specific dataset IDs.
Minneapolis Regulatory Services Violations,https://opendata.minneapolismn.gov/,city,MN,Minneapolis,code_enforcement,Socrata,public_html,,Minneapolis Housing + Fire Inspections violations dashboard back to 1989 — daily refresh on opendata.minneapolismn.gov.
Indianapolis Open Data Portal,https://data.indy.gov/,city,IN,Indianapolis,code_enforcement,Socrata,public_html,,Open Indy Data Portal — Marion County code violations + service request data.
Memphis Code Enforcement (Socrata),https://data.memphistn.gov/dataset/Active-Code-Enforcement-by-Type/h4nu-tbge,city,TN,Memphis,code_enforcement,Socrata,open_api,,Memphis Data Hub Active Code Enforcement by Type dataset ID h4nu-tbge. Related: i75j-i25w + 2a5n-q5ky.
Nashville Property Standards Violations,https://data.nashville.gov/,city,TN,Nashville,code_enforcement,Socrata,open_api,,Nashville Property Standards Violations on data.nashville.gov — uses CityWorks RFS records back 2 years.
Atlanta Accela Citizen Access,https://aca-prod.accela.com/ATLANTA_GA/Cap/CapHome.aspx?module=Enforcement&TabName=Enforcement,city,GA,Atlanta,code_enforcement,HTML,public_html,,Atlanta Accela Citizen Access — search code enforcement by address or parcel. No open API published.
Fulton County Code Enforcement (ArcGIS),https://gisdata.fultoncountyga.gov/datasets/bdf41b531e304b968a61fb82b5c5647c_0,county,GA,Fulton,code_enforcement,ArcGIS_FeatureServer,open_api,,Fulton County (incl Atlanta) code enforcement layer on Fulton GIS open data.
NOLA Code Enforcement All Violations,https://data.nola.gov/resource/3ehi-je3s.json,city,LA,New Orleans,code_enforcement,Socrata,open_api,,NOLA Code Enforcement All Violations Socrata dataset 3ehi-je3s — nightly refresh; powers BlightStatus app.
NOLA Code Enforcement All Cases,https://data.nola.gov/Housing-Land-Use-and-Blight/Code-Enforcement-All-Cases/26v9-w5fr,city,LA,New Orleans,code_enforcement,Socrata,open_api,,NOLA Code Enforcement All Cases — full case-level history on data.nola.gov.
NOLA Code Enforcement All Hearings,https://data.nola.gov/Housing-Land-Use-and-Blight/Code-Enforcement-All-Hearings/44ct-56tr,city,LA,New Orleans,code_enforcement,Socrata,open_api,,NOLA Code Enforcement All Hearings dataset 44ct-56tr.
Houston Building Code Enforcement Violations,https://data.houstontx.gov/dataset/city-of-houston-building-code-enforcement-violations-don,city,TX,Houston,code_enforcement,CKAN,open_api,,Houston Dept of Neighborhoods IPS code enforcement violations on data.houstontx.gov CKAN portal.
Dallas Code Violations (Socrata),https://www.dallasopendata.com/resource/jmf9-23fh.json,city,TX,Dallas,code_enforcement,Socrata,open_api,,Dallas Code Violations dataset ID jmf9-23fh on www.dallasopendata.com.
Fort Worth Code Violations (Socrata),https://data.fortworthtexas.gov/resource/spnu-bq4u.json,city,TX,Fort Worth,code_enforcement,Socrata,open_api,,Fort Worth code violations dataset ID spnu-bq4u.
Austin Code Complaint Cases (Socrata),https://data.austintexas.gov/resource/6wtj-zbtb.json,city,TX,Austin,code_enforcement,Socrata,open_api,,Austin Development Services code complaint cases dataset ID 6wtj-zbtb.
San Antonio Open Data Portal,https://data.sanantonio.gov/dataset/?groups=public-safety,city,TX,San Antonio,code_enforcement,CKAN,public_html,,Open Data SA CKAN — search Public Safety datasets for code enforcement. Also web app1.sanantonio.gov/CodeComplaintStatus/.
Phoenix Open Data Portal,https://phoenixopendata.com/,city,AZ,Phoenix,code_enforcement,Socrata,public_html,,Phoenix Open Data — search portal for code enforcement / Neighborhood Services datasets.
Tucson Code Violations Public Map,https://cotgis.hub.arcgis.com/maps/cotgis::code-violations-public,city,AZ,Tucson,code_enforcement,ArcGIS_FeatureServer,open_api,,City of Tucson code violations layer on cotgis.hub.arcgis.com.
Denver Open Data Catalog,https://www.denvergov.org/opendata,city,CO,Denver,code_enforcement,Socrata,public_html,,Denver open data portal Socrata — search for code violation datasets via API endpoint pattern /resource/.json.
Salt Lake City Building Services Enforcement,https://www.slc.gov/buildingservices/civil-enforcement/,city,UT,Salt Lake City,code_enforcement,HTML,public_html,,SLC Civil Enforcement portal — no public open data API found; mySLC self-service.
Las Vegas Code Enforcement (Socrata),https://opendata.lasvegasnevada.gov/resource/u3ci-m9hj.json,city,NV,Las Vegas,code_enforcement,Socrata,open_api,,Las Vegas Code Enforcement dataset ID u3ci-m9hj on opendata.lasvegasnevada.gov.
Seattle Code Complaints and Violations (Socrata),https://data.seattle.gov/resource/ez4a-iug7.json,city,WA,Seattle,code_enforcement,Socrata,open_api,4110+,Seattle SDCI code complaints + violations dataset ID ez4a-iug7 (also 8s4s-3hc9). Used for vacant-bldg property hunting.
Portland Code Enforcement,https://www.portland.gov/ppd/code-enforcement/open-code-enforcement-cases,city,OR,Portland,code_enforcement,HTML,public_html,,Portland current dangerous building/housing/sewer cases — monthly updated report. PortlandMaps for ad-hoc lookups; no open API.
San Francisco DBI Inspection Complaints (Socrata),https://data.sfgov.org/resource/9c7e-yn3d.json,city,CA,San Francisco,code_enforcement,Socrata,open_api,,SF DBI inspection complaints dataset ID 9c7e-yn3d on data.sfgov.org.
San Francisco Notices of Violation (Socrata),https://data.sfgov.org/resource/nbtm-fbw5.json,city,CA,San Francisco,code_enforcement,Socrata,open_api,,SF DBI Notices of Violation dataset ID nbtm-fbw5. Building/Housing/Electrical/Plumbing/Code Enforcement divisions.
Oakland Open Data Portal,https://data.oaklandca.gov/,city,CA,Oakland,code_enforcement,Socrata,public_html,,Oakland open data portal — code enforcement complaints datasets. Older series on data.openoakland.org DKAN API.
Sacramento Open Data Portal,https://data.cityofsacramento.org/,city,CA,Sacramento,code_enforcement,Socrata,public_html,,Sacramento city open data portal — search for code enforcement violations dataset. West Sacramento on SACOG.
San Jose Open Data Portal,https://data.sanjoseca.gov/,city,CA,San Jose,code_enforcement,Socrata,public_html,,San Jose open data portal — code enforcement cases searchable; CETS form_index.asp for ad-hoc lookups.
LA Building & Safety Code Enforcement (Socrata),https://data.lacity.org/resource/u82d-eh7z.json,city,CA,Los Angeles,code_enforcement,Socrata,open_api,,LA DBS Code Enforcement Open Cases dataset ID u82d-eh7z. Closed cases at q3qu-98vb. Active dashboard 2uz8-3tj3.
San Diego Code Enforcement Violations,https://data.sandiego.gov/datasets/code-enforcement-violations/,city,CA,San Diego,code_enforcement,Socrata,public_html,,San Diego code enforcement violations (pre-2018 archived); current data via OpenDSD.
Long Beach Open Data,https://data.longbeach.gov/api/v1/console,city,CA,Long Beach,code_enforcement,API,open_api,,Long Beach API v1 console for open data — code enforcement service requests + complaints lookups.
Buffalo Code Violations (Socrata),https://data.buffalony.gov/resource/ivrf-k9vm.json,city,NY,Buffalo,code_enforcement,Socrata,open_api,,Buffalo Code Violations dataset ID ivrf-k9vm. Active subset abwd-pczc.
Rochester NY Open Data Portal,https://www.cityofrochester.gov/open-data/,city,NY,Rochester,code_enforcement,ArcGIS_Hub,public_html,,Rochester NY open data — code enforcement on Rochester GIS server. Property data via maps.cityofrochester.gov.
Syracuse Code Violations (ArcGIS),https://data.syr.gov/datasets/2cc4e180fc6540fbb4fc6fafde311d7b,city,NY,Syracuse,code_enforcement,ArcGIS_FeatureServer,open_api,,Open Data Syracuse code violations layer.
Syracuse CityLine API,https://github.com/code-for-syracuse/syracuse-cityline-api,city,NY,Syracuse,code_enforcement,REST,open_api,,Community SYRCityLine REST API for service requests + permits + violations.
Albany NY Code Violations (Socrata),https://data.albanyny.gov/resource/bf3a-b8zd.json,city,NY,Albany,code_enforcement,Socrata,open_api,,Albany NY Code Violations dataset ID bf3a-b8zd on data.albanyny.gov.
Newark Code Enforcement (CKAN),https://data.ci.newark.nj.us/dataset/code-enforcement/resource/3f1b0cc7-48ab-4cf4-9100-c90f99be98e7,city,NJ,Newark,code_enforcement,CKAN,open_api,,Newark Code Enforcement CE Violations + CE Inspections via CKAN API. From Newark eProperty portal.
Jersey City Open Data API,https://data.jerseycitynj.gov/api/explore/v2.1/console,city,NJ,Jersey City,code_enforcement,Opendatasoft,open_api,,Jersey City Opendatasoft API v2.1 — code enforcement + parking violations.
Hartford Code Enforcement (Socrata),https://data.hartford.gov/resource/cbzv-qf8c.json,city,CT,Hartford,code_enforcement,Socrata,open_api,,Hartford code enforcement dataset ID cbzv-qf8c — Building/Zoning/Blight/Housing combined records.
Providence Open Data,https://data.providenceri.gov/,city,RI,Providence,code_enforcement,Socrata,public_html,,Providence Socrata open data portal — search for code violations + housing code datasets.
Worcester Open Data,https://opendata.worcesterma.gov/,city,MA,Worcester,code_enforcement,ArcGIS_Hub,public_html,,Informing Worcester open data — code violations + complaints. MassGIS has statewide layer.
Worcester County Code Violations (MassGIS),https://gis.data.mass.gov/items/129145a9bd7f4dfeb08b9c5985292f91,city,MA,Worcester,code_enforcement,ArcGIS_FeatureServer,open_api,,MassGIS layer of Worcester code violation complaints.
Richmond VA Open Data,https://data.richmondgov.com/,city,VA,Richmond,code_enforcement,Socrata,public_html,,Richmond VA Socrata open data — search for code violations / Property Maintenance Code datasets.
Charlotte Code Enforcement Cases All,https://data.charlottenc.gov/datasets/charlotte::code-enforcement-cases-all/about,city,NC,Charlotte,code_enforcement,ArcGIS_FeatureServer,open_api,,Charlotte all code enforcement cases — housing/commercial/zoning/nuisance violations.
Raleigh Open Data,https://data.raleighnc.gov/,city,NC,Raleigh,code_enforcement,Socrata,public_html,,Open Data Raleigh — search for code enforcement datasets.
Birmingham AL Open Data,https://data.birminghamal.gov/dataset,city,AL,Birmingham,code_enforcement,CKAN,public_html,,Birmingham PEP code enforcement data via data.birminghamal.gov CKAN catalog.
Louisville Property Maintenance Violations,https://data.louisvilleky.gov/dataset/code-enforcement-board,city,KY,Louisville,code_enforcement,CKAN,open_api,,Louisville Metro Property Maintenance Inspection Violations — daily refresh.
Louisville Building Code Permit Enforcement,https://louisville-metro-opendata-lojic.hub.arcgis.com/maps/LOJIC::louisville-metro-ky-building-code-permit-enforcement-cases,city,KY,Louisville,code_enforcement,ArcGIS_FeatureServer,open_api,,Louisville Metro Building Code permit enforcement cases on LOJIC ArcGIS hub.
Kansas City Property Violations Historical (Socrata),https://data.kcmo.org/resource/nhtf-e75a.json,city,MO,Kansas City,code_enforcement,Socrata,open_api,,Kansas City property violations historical dataset ID nhtf-e75a on Open Data KC.
St Louis CSB Service Requests API,https://www.stlouis-mo.gov/government/departments/information-technology/web-development/city-api/csb-api.cfm,city,MO,St. Louis,code_enforcement,Open311,open_api,,St Louis Citizens Service Bureau (Open311 GeoReport v2) — code violation service requests. API key required.
St Louis Building Inspections,https://www.stlouis-mo.gov/data/datasets/dataset.cfm?id=11,city,MO,St. Louis,code_enforcement,CKAN,open_api,,St Louis Building Inspections existing structures — complaints + violation letters + condemnations. API params: ParcelID/StartDate/EndDate/InspectionTypeID.
Tampa Open Data,https://opendata.tampa.gov/,city,FL,Tampa,code_enforcement,ArcGIS_Hub,public_html,,Tampa open data portal — code enforcement datasets via GeoHub. Also Accela ACA for direct lookups.
Oklahoma City Records API,https://data.okc.gov/portal/page/api,city,OK,Oklahoma City,code_enforcement,REST,open_api,,Oklahoma City data.okc.gov records API — code enforcement among 311 datasets.
Mapping Inequality National Dataset (Shapefile),https://dsl.richmond.edu/panorama/redlining/data/national,national,US,,historic_preservation,Shapefile,downloadable,,Unified US-wide HOLC redlining polygons from Mapping Inequality. University of Richmond DSL.
Mapping Inequality Project Portal,https://dsl.richmond.edu/panorama/redlining/,national,US,,historic_preservation,interactive_map,public_html,,HOLC Mapping Inequality project — 1935-1940 NARA redlining records mapped by state/city. Downloads in Shapefile + GeoJSON per city.
HOLC Chicago IL 1940 (GeoJSON),https://dsl.richmond.edu/panorama/redlining/static/downloads/geojson/ILChicago1940.geojson,city,IL,Chicago,historic_preservation,GeoJSON,downloadable,,HOLC redlining polygons for Chicago 1940 — directly correlates to present-day West/South Side blight clusters.
HOLC Baltimore MD 1937 (GeoJSON),https://dsl.richmond.edu/panorama/redlining/static/downloads/geojson/MDBaltimore1937.geojson,city,MD,Baltimore,historic_preservation,GeoJSON,downloadable,,HOLC Baltimore 1937 — overlaps East Baltimore + West Baltimore present-day vacancy crisis.
HOLC Detroit MI 1939 (GeoJSON),https://dsl.richmond.edu/panorama/redlining/static/downloads/geojson/MIDetroit1939.geojson,city,MI,Detroit,historic_preservation,GeoJSON,downloadable,,HOLC Detroit 1939 — overlaps 1967 riot zones + present-day blight clusters.
HOLC St Louis MO 1937 (GeoJSON),https://dsl.richmond.edu/panorama/redlining/static/downloads/geojson/MOStLouis1937.geojson,city,MO,St. Louis,historic_preservation,GeoJSON,downloadable,,HOLC St Louis 1937 — North City redlining matches present-day vacancy patterns.
HOLC Cleveland OH 1939 (GeoJSON),https://dsl.richmond.edu/panorama/redlining/static/downloads/geojson/OHCleveland1939.geojson,city,OH,Cleveland,historic_preservation,GeoJSON,downloadable,,HOLC Cleveland 1939 — Hough/Glenville/Slavic Village blight correlates.
HOLC Philadelphia PA 1937 (GeoJSON),https://dsl.richmond.edu/panorama/redlining/static/downloads/geojson/PAPhiladelphia1937.geojson,city,PA,Philadelphia,historic_preservation,GeoJSON,downloadable,,HOLC Philadelphia 1937 — North Philly + West Philly blight clusters mapped.
HOLC Pittsburgh PA 1937 (GeoJSON),https://dsl.richmond.edu/panorama/redlining/static/downloads/geojson/PAPittsburgh1937.geojson,city,PA,Pittsburgh,historic_preservation,GeoJSON,downloadable,,HOLC Pittsburgh 1937 — Hill District + Homewood blight correlates.
HOLC Buffalo NY 1937 (GeoJSON),https://dsl.richmond.edu/panorama/redlining/static/downloads/geojson/NYBuffalo1937.geojson,city,NY,Buffalo,historic_preservation,GeoJSON,downloadable,,HOLC Buffalo 1937 — East Side present-day vacancy crisis aligns with D-grades.
HOLC Brooklyn NY 1938 (GeoJSON),https://dsl.richmond.edu/panorama/redlining/static/downloads/geojson/NYBrooklyn1938.geojson,city,NY,New York,historic_preservation,GeoJSON,downloadable,,HOLC Brooklyn 1938 — Bed-Stuy/Brownsville/East NY mapped.
HOLC Manhattan NY 1938 (GeoJSON),https://dsl.richmond.edu/panorama/redlining/static/downloads/geojson/NYManhattan1938.geojson,city,NY,New York,historic_preservation,GeoJSON,downloadable,,HOLC Manhattan 1938 — Harlem D-grade zone.
HOLC Boston MA 1938 (GeoJSON),https://dsl.richmond.edu/panorama/redlining/static/downloads/geojson/MABoston1938.geojson,city,MA,Boston,historic_preservation,GeoJSON,downloadable,,HOLC Boston 1938 — Roxbury/Dorchester/Mattapan present-day blight aligns.
HOLC Los Angeles CA 1939 (GeoJSON),https://dsl.richmond.edu/panorama/redlining/static/downloads/geojson/CALosAngeles1939.geojson,city,CA,Los Angeles,historic_preservation,GeoJSON,downloadable,,HOLC Los Angeles 1939 — South LA + East LA D-grades.
HOLC Atlanta GA 1938 (GeoJSON),https://dsl.richmond.edu/panorama/redlining/static/downloads/geojson/GAAtlanta1938.geojson,city,GA,Atlanta,historic_preservation,GeoJSON,downloadable,,HOLC Atlanta 1938 — present-day Westside + Southside blight zones.
HOLC Memphis TN 1939 (GeoJSON),https://dsl.richmond.edu/panorama/redlining/static/downloads/geojson/TNMemphis1939.geojson,city,TN,Memphis,historic_preservation,GeoJSON,downloadable,,HOLC Memphis 1939 — North Memphis + Orange Mound present-day vacancy zones.
HOLC New Orleans LA 1939 (GeoJSON),https://dsl.richmond.edu/panorama/redlining/static/downloads/geojson/LANewOrleans1939.geojson,city,LA,New Orleans,historic_preservation,GeoJSON,downloadable,,HOLC New Orleans 1939 — Treme + 9th Ward redlining maps.
HOLC Milwaukee WI 1938 (GeoJSON),https://dsl.richmond.edu/panorama/redlining/static/downloads/geojson/WIMilwaukee1938.geojson,city,WI,Milwaukee,historic_preservation,GeoJSON,downloadable,,HOLC Milwaukee 1938 — 53206 zip + N Side present-day blight match.
HOLC Birmingham AL 1937 (GeoJSON),https://dsl.richmond.edu/panorama/redlining/static/downloads/geojson/ALBirmingham1937.geojson,city,AL,Birmingham,historic_preservation,GeoJSON,downloadable,,HOLC Birmingham 1937 — D-grade Smithfield/Ensley present-day blight clusters.
HOLC Minneapolis MN 1937 (GeoJSON),https://dsl.richmond.edu/panorama/redlining/static/downloads/geojson/MNMinneapolis1937.geojson,city,MN,Minneapolis,historic_preservation,GeoJSON,downloadable,,HOLC Minneapolis 1937 — North Minneapolis blight correlates.
HOLC Newark NJ 1939 (GeoJSON),https://dsl.richmond.edu/panorama/redlining/static/downloads/geojson/NJNewark1939.geojson,city,NJ,Newark,historic_preservation,GeoJSON,downloadable,,HOLC Newark 1939 — Central Ward + Springfield Ave corridor.
HOLC Richmond VA 1937 (GeoJSON),https://dsl.richmond.edu/panorama/redlining/static/downloads/geojson/VARichmond1937.geojson,city,VA,Richmond,historic_preservation,GeoJSON,downloadable,,HOLC Richmond 1937 — Jackson Ward + Church Hill D-grades.
HOLC Cincinnati OH 1937 (GeoJSON),https://dsl.richmond.edu/panorama/redlining/static/downloads/geojson/OHCincinnati1937.geojson,city,OH,Cincinnati,historic_preservation,GeoJSON,downloadable,,HOLC Cincinnati 1937 — West End + Over-the-Rhine + Avondale D-grades.
HOLC San Francisco CA 1937 (GeoJSON),https://dsl.richmond.edu/panorama/redlining/static/downloads/geojson/CASanFrancisco1937.geojson,city,CA,San Francisco,historic_preservation,GeoJSON,downloadable,,HOLC SF 1937 — Bayview + Western Addition D-grades.
HOLC Washington DC 1937 (GeoJSON),https://dsl.richmond.edu/panorama/redlining/static/downloads/geojson/DCWashington1937.geojson,city,DC,Washington,historic_preservation,GeoJSON,downloadable,,HOLC Washington DC 1937 — Anacostia + Trinidad + Shaw D-grades.
HOLC ArcGIS Hub Layer,https://www.arcgis.com/home/item.html?id=d77c640241d84b6889ab290cd4cb755b,national,US,,historic_preservation,ArcGIS_FeatureServer,open_api,,Mapping Inequality Redlining Areas national layer on ArcGIS Hub — alternative to dsl.richmond.edu.
Pittsburgh HOLC WPRDC,https://data.wprdc.org/dataset/redlining-maps-from-the-home-owners-loan-corporation,city,PA,Pittsburgh,historic_preservation,CKAN,open_api,,Pittsburgh HOLC redlining 1937 polygons via WPRDC CKAN — alternative format to Mapping Inequality.
National Trust 11 Most Endangered,https://savingplaces.org/11most-past-listings,national,US,,historic_preservation,HTML,public_html,,National Trust for Historic Preservation — America's 11 Most Endangered Historic Places annual listings since 1988.
National Trust 11 Most 2026,https://savingplaces.org/stories/11-most-endangered-historic-places-2026,national,US,,historic_preservation,HTML,public_html,,National Trust 2026 list — each listed site receives $25k grant.
NPS National Register of Historic Places,https://www.nps.gov/subjects/nationalregister/,national,US,,historic_preservation,HTML,public_html,,NPS NRHP — federal historic property registry; weekly listing updates.
NCSHPO State Directory,https://ncshpo.org/directory/,national,US,,historic_preservation,HTML,public_html,,NCSHPO directory of all 59 State Historic Preservation Offices + Tribal HPOs.
NPS SHPO Index,https://www.nps.gov/subjects/nationalregister/state-historic-preservation-offices.htm,national,US,,historic_preservation,HTML,public_html,,NPS index of state-level SHPOs with contact info + program links.
Pennsylvania At Risk (PreservationPA),https://www.preservationpa.org/participate/at-risk/,state,PA,,historic_preservation,HTML,public_html,,Preservation Pennsylvania's annual At Risk list (since 1992). Threats: inappropriate alteration/compromised setting/deterioration/demolition.
Pennsylvania At Risk 2024 PDF,https://preservationpa.com/wp-content/uploads/2025/05/2024-PA-At-Risk-PreservationPA.pdf,state,PA,,historic_preservation,PDF,downloadable,,Pennsylvania At Risk 2024 PDF report with site descriptions.
Pennsylvania At Risk Archive,https://pahistoricpreservation.com/category/pennsylvania-at-risk/,state,PA,,historic_preservation,HTML,public_html,,PA SHPO blog category archiving all PA At Risk announcements.
NJ Preservation 10 Most Endangered,https://preservationnj.org/10-most-database-page/,state,NJ,,historic_preservation,HTML,public_html,,Preservation NJ 10 Most Endangered Historic Places — searchable annual database since program inception.
Preservation Maryland Endangered,https://www.preservationmaryland.org/our-work/endangered-maryland/,state,MD,,historic_preservation,interactive_map,public_html,75+,Preservation Maryland Endangered Maryland list since 2007 — interactive map of all years; ~75 sites listed.
Preservation Virginia Most Endangered,https://preservationvirginia.org/our-work/preservation/most-endangered-historic-places/,state,VA,,historic_preservation,HTML,public_html,200+,Preservation Virginia Most Endangered list — 200+ sites since program start; only 10% lost.
Preservation Massachusetts MER,https://www.preservationmass.org/mer,state,MA,,historic_preservation,HTML,public_html,,Preservation Mass Most Endangered Historic Resources program since 1993.
Preservation Mass MER Archive,https://www.preservationmass.org/archive,state,MA,,historic_preservation,HTML,public_html,,Preservation Massachusetts MER archive — all past years' lists.
Preservation Ohio Most Endangered,https://preserveohio.com/ohios-most-endangered-historic-sites/,state,OH,,historic_preservation,HTML,public_html,,Preservation Ohio annual Most Endangered Historic Sites list since 1993.
Indiana Landmarks 10 Most Endangered,https://www.indianalandmarks.org/10-most-endangered/,state,IN,,historic_preservation,HTML,public_html,172+,Indiana Landmarks 10 Most Endangered Historic Places since 1991 — 172 sites listed; 105 restored or saved.
Preservation Texas Most Endangered,https://www.preservationtexas.org/mep,state,TX,,historic_preservation,HTML,public_html,,Preservation Texas annual Most Endangered Places list.
Georgia Trust Places in Peril,https://www.georgiatrust.org/our-programs/places-in-peril/,state,GA,,historic_preservation,HTML,public_html,200+,GA Trust Places in Peril since 2006 — 200+ sites listed; 95% still standing.
Florida Trust 11 to Save,https://floridatrust.org/,state,FL,,historic_preservation,HTML,public_html,,Florida Trust for Historic Preservation 11 to Save annual list.
Alabama Trust Places in Peril,https://alabamatrust.co/places-in-peril/,state,AL,,historic_preservation,HTML,public_html,300+,Alabama Trust Places in Peril since 1994 — 300+ imperiled places listed.
Alabama Historical Commission Places in Peril,https://ahc.alabama.gov/placesinperil.aspx,state,AL,,historic_preservation,HTML,public_html,,AHC partner site for Places in Peril nominations + listings.
Tennessee Preservation Trust Ten in Tennessee,http://www.sitemason.com/site/baggbS/ten,state,TN,,historic_preservation,HTML,public_html,,Tennessee Preservation Trust Ten in Tennessee endangered properties list.
Preservation Kentucky Endangered,https://preservationkentucky.org/endangered-sites/,state,KY,,historic_preservation,HTML,public_html,,Preservation Kentucky annual Endangered List + Successfully Saved companion.
Louisiana Trust Most Endangered,https://www.lthp.org/most-endangered/,state,LA,,historic_preservation,HTML,public_html,190+,LTHP Louisiana's Most Endangered Places since 1999 — 190 sites listed.
Preservation NC,http://www.presnc.org/,state,NC,,historic_preservation,HTML,public_html,,Preservation North Carolina — statewide preservation nonprofit + endangered property revolving fund.
Michigan Historic Preservation Network,https://www.mhpn.org/,state,MI,,historic_preservation,HTML,public_html,,MI Historic Preservation Network — statewide preservation nonprofit. National Trust partnerships for endangered sites.
Preservation Detroit Endangered Buildings,https://preservationdetroit.org/what-we-care-about,city,MI,Detroit,historic_preservation,HTML,public_html,,Preservation Detroit (formerly Preservation Wayne) — Detroit endangered buildings list (Michigan Central Station/Lee Plaza/Vanity Ballroom etc).
Cleveland Restoration Society,https://clevelandrestoration.org/,city,OH,Cleveland,historic_preservation,HTML,public_html,,Cleveland Restoration Society — largest Ohio local preservation nonprofit; tracks endangered Northeast Ohio properties.
Preservation League NYS Seven to Save,https://www.preservenys.org/seven-to-save,state,NY,,historic_preservation,HTML,public_html,,Preservation League of NYS biennial Seven to Save program since 1999. 2025-2026 list includes Buffalo Humboldt Parkway.
Preservation Buffalo Niagara,https://www.preservationbuffaloniagara.org/,city,NY,Buffalo,historic_preservation,HTML,public_html,,Preservation Buffalo Niagara — Buffalo region preservation nonprofit (merger of Landmark Society Niagara Frontier + Preservation Coalition Erie County).
Preservation Connecticut Threatened List,https://preservationct.org/,state,CT,,historic_preservation,HTML,public_html,,Preservation Connecticut (Connecticut Trust for Historic Preservation) Most Important Threatened Places list.
Maine Preservation Most Endangered,https://www.mainepreservation.org/most-endangered,state,ME,,historic_preservation,HTML,public_html,,Maine Preservation Most Endangered Historic Places since 1996.
Preservation Iowa Most Endangered,https://preservationiowa.org/programs/iowas-most-endangered-properties/,state,IA,,historic_preservation,HTML,public_html,200+,Preservation Iowa Most Endangered Properties since 1995 — 200+ properties in 70+ counties.
Missouri Preservation Places in Peril,https://preservemo.org/we-advocate/places-in-peril/,state,MO,,historic_preservation,interactive_map,public_html,,Missouri Preservation Places in Peril — interactive map of past listings with status tracking.
Preserve Arkansas Most Endangered,https://preservearkansas.org/,state,AR,,historic_preservation,HTML,public_html,,Preserve Arkansas (formerly Historic Preservation Alliance of AR) annual Most Endangered Places list.
Mississippi Heritage Trust 10 Most Endangered,https://www.10mostms.com/,state,MS,,historic_preservation,HTML,public_html,,MS Heritage Trust Ten Most Endangered biannual list since 1999.
Preservation Action Council San Jose Endangered 8,https://www.preservation.org/e8-2023,city,CA,San Jose,historic_preservation,HTML,public_html,,PAC*SJ Endangered 8 program — San Jose buildings facing neglect or redevelopment.
California Preservation Foundation,https://californiapreservation.org/,state,CA,,historic_preservation,HTML,public_html,,California Preservation Foundation — statewide preservation org. Past partnered with PAC*SJ on advocacy.
Restore Oregon Most Endangered,https://restoreoregon.org/preservation-resources/,state,OR,,historic_preservation,HTML,public_html,,Restore Oregon statewide preservation nonprofit — Oregon's Most Endangered Places program.
Preservation Idaho,https://www.preservationidaho.org/,state,ID,,historic_preservation,HTML,public_html,,Preservation Idaho — statewide preservation nonprofit since 1972.
Washington Trust for Historic Preservation,https://preservewa.org/,state,WA,,historic_preservation,HTML,public_html,,Washington Trust — statewide preservation; Most Endangered Places list.
Colorado Preservation Endangered Places,https://www.coloradopreservation.org/endangered-places/,state,CO,,historic_preservation,HTML,public_html,144+,Colorado Preservation Inc. Most Endangered Places since 1998 — 144 sites; 57 saved; only 9 lost.
Preservation Utah Most Endangered,https://www.preservationutah.org/most-endangered,state,UT,,historic_preservation,HTML,public_html,,Preservation Utah (formerly Utah Heritage Foundation) Most Endangered list.
New Hampshire Preservation Seven to Save,https://www.nhpreservation.org/seven-to-save,state,NH,,historic_preservation,HTML,public_html,100+,NH Preservation Alliance Seven to Save since 2006 — 100+ places listed; more than half saved.
Providence Preservation Society Most Endangered,https://ppsri.org/advocacy/mep/,city,RI,Providence,historic_preservation,HTML,public_html,,Providence Preservation Society Most Endangered Places annual list — incl Superman Building since 2014.
Preserve Rhode Island,https://www.preserveri.org/,state,RI,,historic_preservation,HTML,public_html,,Preserve RI — statewide advocate; at-risk property emerging program + Preservation Easement Program.
Preservation Oklahoma Most Endangered,https://www.preservationok.org/most-endangered-places-2025,state,OK,,historic_preservation,HTML,public_html,,Preservation Oklahoma Most Endangered Places since 1993.
Preservation Oklahoma Endangered Archive,https://endangered.preservationok.org/,state,OK,,historic_preservation,HTML,public_html,,Preservation Oklahoma searchable database of past endangered listings.
Kansas Preservation Alliance Most Endangered,https://kansaspreservationalliance.org/,state,KS,,historic_preservation,HTML,public_html,,KS Preservation Alliance Most Endangered Places (paused 2014; resumed 2022 by Abandoned Atlas Foundation).
New Mexico Heritage Preservation Alliance,https://newmexicoheritage.org/,state,NM,,historic_preservation,HTML,public_html,80+,NM Heritage Preservation Alliance Most Endangered Places list — 80+ properties including night sky + Chaco Canyon.
Abandoned Atlas Most Endangered Project,https://abandonedatlas.com/projects/most-endangered-lists/,national,US,,historic_preservation,HTML,public_html,,Abandoned Atlas Foundation crowd-sourced contributions to state most-endangered lists (esp KS).
Wisconsin Trust for Historic Preservation,https://wipreservation.org/wisconsin-historic-places,state,WI,,historic_preservation,HTML,public_html,,WI Trust for Historic Preservation since 1986 — partners with National Trust for endangered sites.
DriveInMovie.com Directory,https://www.driveinmovie.com/,national,US,,community_list,HTML,public_html,,Drive-in theater directory established 1998. Searchable database of all operating drive-ins + recently closed (last 20 years) worldwide. Per-state pages.
DriveInMovie.com US Drive-ins,https://www.driveinmovie.com/united-states,national,US,,community_list,HTML,public_html,,DriveInMovie.com US state-by-state drive-in pages (recently closed marked grey on interactive map).
DriveInMovie Interactive Map,https://www.driveinmovie.com/interactive-map-of-drive-in-theaters,national,US,,community_list,interactive_map,public_html,,Worldwide drive-in interactive map — red pins operating; grey pins closed within last 20 years.
Wikipedia List of Drive-in Theaters,https://en.wikipedia.org/wiki/List_of_drive-in_theaters,national,US,,community_list,HTML,public_html,,Wikipedia comprehensive list of drive-in theaters (active + defunct).
RoadsideArchitecture Drive-ins,https://www.roadarch.com/driveins/,national,US,,community_list,HTML,public_html,,RoadsideArchitecture.com per-state drive-in theater pages with photos and history.
Abandoned Wonders Drive-ins,https://abandonedwonders.com/category/abandoned-drive-in/,national,US,,community_blog,HTML,public_html,,Abandoned Wonders site dedicated to abandoned drive-in theaters with photo essays.
Waymarking Closed Drive-ins,https://www.waymarking.com/cat/details.aspx?f=1&guid=4d78aa8a-8f93-43d2-ad93-be3f4d8c186b,national,US,,community_list,HTML,public_html,,Waymarking category logging closed drive-in theatres + sites where one historically stood.
Route 66 Road Trip Service Stations,https://www.route66roadtrip.com/route-66-service-stations.htm,national,US,,community_list,HTML,public_html,,Route 66 Road Trip — old service stations + gas stations along Mother Road across all 8 Route 66 states.
Route 66 Guide Gas Stations,https://www.route66guide.com/gas-stations.html,national,US,,community_list,HTML,public_html,,Route 66 Guide site documenting abandoned gas stations along Mother Road.
Route 66 Guide Ghosts,https://www.route66guide.com/ghosts-route66.html,national,US,,community_list,HTML,public_html,,Route 66 Guide ghosts page — abandoned motels + gas stations along Route 66. 3000+ motels estimated still crumbling.
TheRoute-66.com Landmarks,https://www.theroute-66.com/landmarks.html,national,US,,community_list,HTML,public_html,,TheRoute-66.com per-state landmarks page — abandoned/historic gas stations + motels + diners.
Route 66 Phillips 66 Gull Wing,https://www.theroute-66.com/gull-wing-stations.html,national,US,,community_list,HTML,public_html,,Phillips 66 Gull Wing 'New Look' service stations along Route 66.
NPS Phillips 66 Restorations,https://www.nps.gov/articles/000/restorations-of-phillips-66-gas-stations.htm,national,US,,community_list,HTML,public_html,,NPS article on Phillips 66 gas station restorations — survey of surviving cottage-style stations (<100 of 500+ built).
NPS Phillips 66 Walking Dead,https://www.nps.gov/articles/000/sixty-six-phillips-66-stations-from-walking-dead-to-american-restoration.htm,national,US,,community_list,HTML,public_html,,NPS sixty-six Phillips 66 stations from Walking Dead to Restoration — current status of cottage-style sites.
Wikipedia List of Historic Filling Stations,https://en.wikipedia.org/wiki/List_of_historic_filling_stations,national,US,,community_list,HTML,public_html,,Wikipedia comprehensive list of historic filling stations across US (surviving + lost).
Wikimedia Commons Abandoned Gas Stations,https://commons.wikimedia.org/wiki/Category:Abandoned_gas_stations_in_the_United_States,national,US,,community_list,HTML,public_html,,Wikimedia Commons category with photos + locations of abandoned gas stations across US.
Wikimedia Commons Former Phillips 66,https://commons.wikimedia.org/wiki/Category:Former_Phillips_66_gas_stations,national,US,,community_list,HTML,public_html,,Wikimedia Commons category of former Phillips 66 gas stations with location coordinates.
AbandonedOnline Gasoline Stations,https://abandonedonline.net/location/gasoline-stations/,national,US,,community_blog,HTML,public_html,,Abandoned Online category page covering abandoned gas stations across US.
Wikipedia Closed Churches Archdiocese NY,https://en.wikipedia.org/wiki/List_of_closed_churches_in_the_Roman_Catholic_Archdiocese_of_New_York,city,NY,New York,community_list,HTML,public_html,31,Wikipedia list of 31 closed churches in NY Archdiocese — 2014 Dolan merger of 113 parishes.
Wikipedia Churches Archdiocese NY,https://en.wikipedia.org/wiki/List_of_churches_in_the_Roman_Catholic_Archdiocese_of_New_York,city,NY,New York,community_list,HTML,public_html,,Wikipedia list of all NY Archdiocese churches incl merged/closed status.
Wikipedia Churches Brooklyn Diocese,https://en.wikipedia.org/wiki/List_of_churches_in_the_Diocese_of_Brooklyn,city,NY,New York,community_list,HTML,public_html,,Wikipedia list of current and former Catholic churches in Diocese of Brooklyn (Brooklyn + Queens).
Wikipedia Churches Archdiocese Boston,https://en.wikipedia.org/wiki/List_of_churches_in_the_Archdiocese_of_Boston,city,MA,Boston,community_list,HTML,public_html,60+,Wikipedia list of Boston Archdiocese churches — 60+ closed to fund abuse settlements.
Wikipedia Churches Archdiocese Detroit,https://en.wikipedia.org/wiki/List_of_churches_in_the_Roman_Catholic_Archdiocese_of_Detroit,city,MI,Detroit,community_list,HTML,public_html,30+,Wikipedia list of Detroit Archdiocese churches — 30+ closed in 1989.
Archdiocese of Detroit Closed Parishes,https://www.aod.org/closed-parishes,city,MI,Detroit,community_list,HTML,public_html,,Archdiocese of Detroit official closed parishes list with merger dates + successor info.
Cinema Treasures Closed Theaters,https://cinematreasures.org/theaters?status=closed,national,US,,community_list,HTML,public_html,48530,Cinema Treasures database of 48530 closed movie theaters worldwide (61695 total). Filter by status/screens/seating + by state/city.
Cinema Treasures Demolished Theaters,https://cinematreasures.org/theaters?status=demolished,national,US,,community_list,HTML,public_html,24971,Cinema Treasures 24971 demolished theaters — useful for understanding demolition resolution.
Cinema Treasures Root,https://cinematreasures.org/,national,US,,community_list,HTML,public_html,61695,Cinema Treasures full theater database including operating + closed + demolished status.
After the Final Curtain (Lambros),https://afterthefinalcurtain.net/,national,US,,community_blog,HTML,public_html,,Matt Lambros' photography project documenting abandoned theaters for 20+ years. Tags + state coverage.
After the Final Curtain Theaters Tag,https://afterthefinalcurtain.net/tag/abandoned-theaters/,national,US,,community_blog,HTML,public_html,,After the Final Curtain abandoned theaters tag — searchable per location.
NAPHA Lost Amusement Parks,http://lostamusementparks.napha.org/,national,US,,community_list,HTML,public_html,1000+,National Amusement Park Historical Association lost parks project — 1000 defunct US/Canada parks documented.
NAPHA Closed Parks State Index,https://napha.org/Resources/Lost-USA-Parks/Closed-Amusement-Parks-List,national,US,,community_list,HTML,public_html,,NAPHA Closed Amusement Parks List per-state pages with historical info + photos + maps.
Wikipedia Defunct US Amusement Parks,https://en.wikipedia.org/wiki/List_of_defunct_amusement_parks_in_the_United_States,national,US,,community_list,HTML,public_html,,Wikipedia state-by-state list of defunct US amusement parks.
Atlas Obscura Diner Category,https://www.atlasobscura.com/categories/diner,national,US,,community_list,HTML,public_html,,Atlas Obscura diner category — historic + abandoned + unique diners across US.
Atlas Obscura Abandoned Psychiatric Hospitals,https://www.atlasobscura.com/lists/abandoned-psychiatric-hospitals,national,US,,community_list,HTML,public_html,18+,Atlas Obscura 18 Abandoned Psychiatric Hospitals list.
Atlas Obscura Roadside Americana Podcast,https://www.atlasobscura.com/articles/podcast-roadside-americana,national,US,,community_blog,HTML,public_html,,Atlas Obscura roadside Americana podcast on capturing US roadside attractions.
Library of Congress Margolies Roadside,https://www.loc.gov/pictures/collection/jmar/,national,US,,community_list,HTML,public_html,11000+,Library of Congress John Margolies Roadside America Photograph Archive — 11000+ photos 1969-2008 of US roadside diners/motels/drive-ins/gas stations.
USCG Lighthouses History,https://www.history.uscg.mil/Browse-by-Topic/Assets/Land/All/Lighthouses/,national,US,,community_list,HTML,public_html,,USCG Historian's Office — comprehensive US lighthouse historical records + decommission dates.
LighthouseFriends.com,https://www.lighthousefriends.com/,national,US,,community_list,HTML,public_html,,LighthouseFriends.com per-state directory of US lighthouses incl decommission dates + status.
GSA Lighthouse Disposal Program,https://disposal.gsa.gov/s/lighthouseprogram,national,US,,community_list,HTML,public_html,,GSA Lighthouse Program — excess federally-owned historic light stations available for transfer/disposal under NHLPA.
GSA Lighthouse Gallery,https://disposal.gsa.gov/s/lighthousegallery,national,US,,community_list,HTML,public_html,,GSA Lighthouse Gallery — visual catalog of historic lighthouses pending or completed disposal.
Trains.com Lost Rail Stations,https://www.trains.com/trn/railroads/hotspots/10-historic-must-visit-rail-stations-that-no-longer-serve-passengers/,national,US,,community_blog,HTML,public_html,,Trains magazine list of 10 historic rail stations no longer serving passengers.
Wikipedia Abandoned Railway Station,https://en.wikipedia.org/wiki/Abandoned_railway_station,national,US,,community_list,HTML,public_html,,Wikipedia Abandoned railway station article + category links.
Wikipedia Demolished Railway Stations US,https://en.wikipedia.org/wiki/Category:Demolished_railway_stations_in_the_United_States,national,US,,community_list,HTML,public_html,236,Wikipedia category of 236 demolished US railway stations.
Wikimedia Commons Abandoned Train Stations US,https://commons.wikimedia.org/wiki/Category:Abandoned_train_stations_in_the_United_States,national,US,,community_list,HTML,public_html,,Wikimedia Commons category of abandoned US train stations with photos + coordinates.
Abandoned Rails,https://www.abandonedrails.com/,national,US,,community_list,HTML,public_html,,AbandonedRails.com — maps + photos + history of former US railway grades + stations.
Dynamic Depot Maps,https://www.depotmaps.com/,national,US,,community_list,interactive_map,public_html,8750+,Dynamic Depot Maps — 8750+ surviving US railroad passenger depots plotted on Google Maps.
STB Railroad Map Depot,https://www.stb.gov/resources/railroad-map-depot/,national,US,,community_list,interactive_map,public_html,,Surface Transportation Board railroad map depot — abandoned/railbanked rail lines since 2004.
FRRandP Abandoned Rail Map,https://www.frrandp.com/p/the-map.html,national,US,,community_list,interactive_map,public_html,,Forgotten Rail Roads and Places — abandoned + out-of-service US railroad lines map.
Country Grain Elevator Historical Society,http://www.country-grain-elevator-historical-society.org/,national,US,,community_list,HTML,public_html,825,Country Grain Elevator Historical Society — 825 members documenting at-risk grain elevators nationwide. Founded by Bruce Selyem.
Grain Elevator Photos Bruce Selyem,http://www.grainelevatorphotos.com/links.html,national,US,,community_list,HTML,public_html,6000+,Bruce Selyem 6000+ grain elevator photographs across US/Canada — links to related preservation orgs.
Wikipedia Abandoned Hospitals US,https://en.wikipedia.org/wiki/Category:Abandoned_hospitals_in_the_United_States,national,US,,community_list,HTML,public_html,,Wikipedia category of abandoned hospitals in US — articles per facility.
Wikipedia Defunct MA Mental Facilities,https://en.wikipedia.org/wiki/List_of_defunct_Massachusetts_State_Mental_Facilities,state,MA,,community_list,HTML,public_html,,Wikipedia comprehensive list of defunct MA state mental hospitals (Danvers/Metropolitan/Worcester/etc).
Abandoned America Healthcare,https://www.abandonedamerica.us/abandoned-government-and-social-institutions,national,US,,community_list,HTML,public_html,,Abandoned America — asylums + state schools + hospitals + TB sanatoria + retirement homes across US.
Abandoned America Schools,https://www.abandonedamerica.us/abandoned-schools,national,US,,community_list,HTML,public_html,,Abandoned America schools + research facilities collection.
Wikipedia Former School Buildings US,https://en.wikipedia.org/wiki/Category:Former_school_buildings_in_the_United_States,national,US,,community_list,HTML,public_html,,Wikipedia category of former school buildings in US.
Wikipedia Defunct Schools,https://en.wikipedia.org/wiki/Category:Defunct_schools,national,US,,community_list,HTML,public_html,,Wikipedia general category of defunct schools (US subset).
Abandoned Online Schools,https://abandonedonline.net/location/abandoned-schools/,national,US,,community_blog,HTML,public_html,,AbandonedOnline.net abandoned schools collection.
Abandoned Florida Educational,https://abandonedfl.com/class/educational/,state,FL,,community_blog,HTML,public_html,,Abandoned Florida 30+ abandoned educational sites in FL.
Forgotten New York,https://forgotten-ny.com/,city,NY,New York,community_blog,HTML,public_html,,Forgotten-NY.com — abandoned subway stations + painted ads + out-of-way NYC neighborhoods. 25+ year archive.
NYC Subway Abandoned Stations,https://www.nycsubway.org/wiki/Abandoned_and_Disused_Stations,city,NY,New York,community_list,HTML,public_html,,NYCSubway.org Wiki — comprehensive list of abandoned/disused NYC subway stations with photos + maps.
Untapped Cities NYC Abandoned,https://www.untappedcities.com/explore-abandoned-subway-stations-nyc/,city,NY,New York,community_blog,HTML,public_html,,Untapped Cities NYC abandoned subway stations + hospitals + neighborhoods coverage.
WNYC Lost Subways,https://project.wnyc.org/lost-subways/,city,NY,New York,community_list,interactive_map,public_html,,WNYC interactive Lost Subways map — abandoned + never-completed NYC subway stations + lines.
Deadmalls.com,https://www.deadmalls.com/,national,US,,community_list,HTML,public_html,450+,Deadmalls.com — non-profit documentation of 450+ failed/failing US shopping malls with photos + history.
Deadmalls.com Stories,https://www.deadmalls.com/stories.html,national,US,,community_list,HTML,public_html,,Deadmalls.com stories archive — per-mall historical narratives + decline accounts.
Deadmalls.com Old Stores List,https://www.deadmalls.com/stores.html,national,US,,community_list,HTML,public_html,,Deadmalls.com old store list — major retail brands disappeared from US malls.
EPA BRAC Sites,https://www.epa.gov/fedfac/base-realignment-and-closure-brac-sites-state,national,US,,community_list,HTML,public_html,125+,EPA Base Realignment and Closure sites by state — 125+ major closed military facilities + 225 minor.
Wikipedia BRAC,https://en.wikipedia.org/wiki/Base_Realignment_and_Closure,national,US,,community_list,HTML,public_html,,Wikipedia BRAC overview + linked closures from rounds 1988/1991/1993/1995/2005.
2005 BRAC Commission,https://en.wikipedia.org/wiki/2005_Base_Realignment_and_Closure_Commission,national,US,,community_list,HTML,public_html,800+,2005 BRAC — most aggressive round affecting 800+ installations.
Wikipedia Defunct Bowling Alleys US,https://en.wikipedia.org/wiki/Category:Defunct_bowling_alleys_in_the_United_States,national,US,,community_list,HTML,public_html,,Wikipedia category of defunct US bowling alleys.
HalfWorcester Defunct Mass Lanes,https://halfworcester.com/defunct-lanes/defunct-massachusetts-lanes/,state,MA,,community_list,HTML,public_html,,HalfWorcester.com per-region defunct Massachusetts bowling lanes.
Phoenix Golf Mecca Closed Courses,http://phoenixgolfmecca.com/Closed-/-Defunct-Courses-Clubs/,state,AZ,Phoenix,community_list,HTML,public_html,,Phoenix Golf Mecca closed/defunct courses + clubs in Phoenix metro area.
Colorado AvidGolfer Lost Courses,https://coloradoavidgolfer.com/sympathy-scorecard/,state,CO,,community_list,HTML,public_html,,Colorado AvidGolfer Sympathy Scorecard — defunct CO golf courses.
Trippy Abandoned Hospitals Asylums,https://blog.trippy.com/afflicted-11-abandoned-american-hospitals-and-asylums-open-for-exploration/,national,US,,community_blog,HTML,public_html,11,Trippy.com 11 abandoned American hospitals + asylums open for exploration.
History of Massachusetts Abandoned Mental Hospitals,https://historyofmassachusetts.org/abandoned-mental-hospitals-ma/,state,MA,,community_blog,HTML,public_html,,History of Massachusetts blog comprehensive abandoned MA mental hospitals.
Abandoned Southeast Hospital Tag,https://abandonedsoutheast.com/tag/abandoned-hospital/,national,US,,community_blog,HTML,public_html,,Abandoned Southeast — abandoned hospitals + asylums in southeastern US.
Untapped Cities Abandoned Hospitals,https://www.untappedcities.com/12-abandoned-hospitals-and-asylums-outside-of-nyc/,national,US,,community_blog,HTML,public_html,12,Untapped Cities 12 abandoned hospitals + asylums outside NYC.
Wikipedia Sanatorium,https://en.wikipedia.org/wiki/Sanatorium,national,US,,community_list,HTML,public_html,,Wikipedia sanatorium history + facility examples.
Roadside America Story Index,https://www.roadsideamerica.com/story/,national,US,,community_list,HTML,public_html,,RoadsideAmerica.com story index — diners + gas stations + roadside attractions across US.
National Trust Tuberculosis Sanatoriums,https://savingplaces.org/stories/tuberculosis-sanitariums-reminders-of-the-white-plaque,national,US,,community_list,HTML,public_html,,National Trust for Historic Preservation article surveying TB sanatoria across US.
HUD NSP Data Portal,https://www.huduser.gov/portal/datasets/NSP.html,national,US,,national,HTML,public_html,309,HUD Neighborhood Stabilization Program — NSP1/NSP2/NSP3 grantee documents + amounts. NSP3 = 309 grantees (55 states/territories + 254 local govts) receiving $3.92B + $1B add'l.
HUD NSP Targeting Tool,https://www.huduser.gov/portal/datasets/NSP_target.html,national,US,,national,HTML,public_html,,HUD NSP foreclosure + abandonment risk scores 1-20 per census tract. USPS-vacancy + foreclosure risk inputs. Powerful targeting overlay.
HUD NSP Mapping App,https://www.huduser.gov/portal/maps/nsp/home.html,national,US,,national,interactive_map,public_html,,HUD interactive NSP map — grantee areas + risk scores per census tract.
HUD NSP2 Data Methodology,https://www.huduser.gov/portal/NSP2datadesc.html,national,US,,national,HTML,public_html,,Documentation for NSP2 dataset including target areas + variable definitions.
HUD CDBG Entitlement Program,https://www.hudexchange.info/programs/cdbg-entitlement/,national,US,,national,HTML,public_html,1200+,HUD CDBG Entitlement program — annual block grants to ~1200 metro cities (>50k) + qualified urban counties (>200k).
HUD CDBG Grantee Areas (ArcGIS),https://hudgis-hud.opendata.arcgis.com/datasets/HUD::community-development-block-grant-grantee-areas/about,national,US,,national,ArcGIS_FeatureServer,open_api,,HUD CDBG Grantee Areas downloadable ArcGIS feature layer — entitlement boundaries per grantee.
HUD CDBG Program,https://www.hud.gov/hud-partners/community-cdbg,national,US,,national,HTML,public_html,,HUD CDBG main program page with state + entitlement formula explanations.
HUD HOME Investment Partnerships,https://www.hudexchange.info/programs/home/,national,US,,national,HTML,public_html,149,HUD HOME — formula grants to states + ~149 PJ consortia FY2025 for affordable housing.
HUD Choice Neighborhoods,https://www.huduser.gov/portal/choice_neighborhood_eval.html,national,US,,national,HTML,public_html,,HUD Choice Neighborhoods Evaluation — distressed public housing transformation. Replaced HOPE VI in 2012.
HUD Choice Neighborhoods Grantees (ArcGIS),https://hudgis-hud.opendata.arcgis.com/datasets/HUD::choice-neighborhood-program-grantees/about,national,US,,national,ArcGIS_FeatureServer,open_api,,HUD Choice Neighborhoods grantee boundaries — feature layer.
HUD HOPE VI Archive,https://archives.hud.gov/progdesc/hopevia.cfm,national,US,,national,HTML,public_html,,HUD HOPE VI — historical revitalization grants for distressed public housing 1992-2010.
HUD Aggregated USPS Vacant Data,https://www.huduser.gov/portal/datasets/usps.html,national,US,,national,HTML,public_html,,HUD-USPS partnership since 2005 — quarterly aggregated address vacancy data per census tract (90+ day vacancies + no-stat). Restricted to gov/nonprofit users.
HUD USPS Vacant Address Login,https://www.huduser.gov/apps/public/usps/login,national,US,,national,REST,public_html,,Login portal for HUD aggregated USPS vacant address data.
HUD Open Data Site,https://hudgis-hud.opendata.arcgis.com/,national,US,,national,ArcGIS_Hub,open_api,,HUD-eGIS Open Data storefront — all HUD geospatial datasets + APIs in one place.
HUD Data Catalog,https://data.hud.gov/datasets,national,US,,national,HTML,public_html,,HUD Data central catalog of all open datasets.
HUD PD&R Datasets Landing,https://www.huduser.gov/portal/pdrdatas_landing.html,national,US,,national,HTML,public_html,,HUD Policy Development + Research datasets — housing + community development data hub.
HUD Opportunity Zones,https://www.hud.gov/opportunity-zones,national,US,,national,HTML,public_html,8764,HUD Opportunity Zones — 8764 OZ 1.0 census tracts of economically distressed communities through end of 2028.
HUD OZ ArcGIS Layer,https://hudgis-hud.opendata.arcgis.com/datasets/ef143299845841f8abb95969c01f88b5_13/about,national,US,,national,ArcGIS_FeatureServer,open_api,,HUD Opportunity Zones downloadable ArcGIS feature layer of 8764 designated census tracts.
HUD Opportunity Zones Map,https://www.hud.gov/opportunity-zones/resources/map,national,US,,national,interactive_map,public_html,,HUD OZ interactive map for tract lookup by address.
HUD FHA Single Family REO For Sale,https://catalog.data.gov/dataset/fha-single-family-reo-properties-for-sale,national,US,,national,CSV,downloadable,,HUD FHA Single Family REO properties for sale — foreclosure-disposed inventory.
HUD FHA REO ArcGIS,https://hudgis-hud.opendata.arcgis.com/datasets/fha-single-family-reo-properties-for-sale,national,US,,national,ArcGIS_FeatureServer,open_api,,HUD FHA single family REO ArcGIS feature layer.
HUD HomeStore Foreclosure Sales,https://www.hud.gov/helping-americans/homes-for-sale,national,US,,national,HTML,public_html,,HUDHomeStore — HUD-owned single family homes for sale post-FHA foreclosure.
HUD CoC GIS Tools,https://www.hudexchange.info/programs/coc/gis-tools/,national,US,,national,HTML,public_html,,HUD Continuum of Care GIS shapefiles per year — funding status + boundaries.
HUD GIS Boundary Files,https://catalog.data.gov/dataset/hud-gis-boundary-files,national,US,,national,Shapefile,downloadable,,HUD GIS boundaries — census tract + block group splits by jurisdiction.
Center for Community Progress,https://communityprogress.org/,national,US,,research,HTML,public_html,300+,National nonprofit dedicated to vacant property reuse. Connects 300+ US land banks + land banking programs.
National Land Bank Network (NLBN),https://communityprogress.org/nlbn/,national,US,,research,HTML,public_html,300+,CCP National Land Bank Network — central hub of 300+ US land banks with research + technical assistance.
CCP National Land Bank + CLT Map,https://communityprogress.org/resources/land-banks/national-lb-clt-map/,national,US,,research,interactive_map,public_html,,CCP interactive map of land banks + community land trusts + conservation land trusts nationwide.
CCP State of Land Banking 2023,https://communityprogress.org/publications/2022-update-from-the-national-land-bank-network/,national,US,,research,HTML,public_html,,CCP 2023 State of Land Banking survey — comprehensive land bank field data.
CCP Publications,https://communityprogress.org/publications/,national,US,,research,HTML,public_html,,Center for Community Progress publications — state-level land bank profiles + research reports.
CCP NY State Land Banks,https://communityprogress.org/publications/new-york-state-land-banks/,state,NY,,research,HTML,public_html,,CCP NY State land banks profile + analysis.
CCP NJ Land Banks 101,https://communityprogress.org/publications/land-banks-in-new-jersey/,state,NJ,,research,HTML,public_html,,CCP NJ Land Banks 101 — primer on NJ's 2019 land bank legislation.
CCP GA Land Banks Resource Guide,https://communityprogress.org/wp-content/uploads/2022/09/2022-09-Resource-Guide-for-Georgia-Land-Banks.pdf,state,GA,,research,PDF,downloadable,,CCP Resource Guide for Georgia Land Banks Sept 2022.
NY Land Bank Association,https://nylandbanks.org/,state,NY,,state_program,HTML,public_html,,NY Land Bank Association — statewide land bank trade group; 25+ NY land banks.
NY State Land Bank Program (ESD),https://esd.ny.gov/doing-business-ny/new-york-state-land-bank-program,state,NY,,state_program,HTML,public_html,,Empire State Development NY State Land Bank Program — state-level oversight + grant funding.
NY HCR Land Bank Initiative,https://hcr.ny.gov/land-bank-initiative,state,NY,,state_program,HTML,public_html,,NY Homes + Community Renewal Land Bank Initiative — state grants + technical assistance.
Ohio Land Bank Association,https://www.ohiolandbanks.org/,state,OH,,state_program,HTML,public_html,,Ohio Land Bank Association — supports OH county land banks via policy advocacy + technical assistance.
Cuyahoga County Land Bank,https://cuyahogalandbank.org/,county,OH,Cuyahoga,state_program,HTML,public_html,,Cuyahoga County Land Reutilization Corporation — first OH county land bank July 2009.
Lucas County Land Bank,https://lucascountylandbank.org/,county,OH,Lucas,state_program,HTML,public_html,,Lucas County Land Bank — second OH county land bank.
Cleveland Land Bank,https://www.clevelandohio.gov/city-hall/departments/community-development/programs-services/cleveland-land-bank,city,OH,Cleveland,state_program,HTML,public_html,,City of Cleveland Land Bank — vacant lot disposition program.
PA Housing Alliance Land Banks Map,https://housingalliancepa.org/resources/map-of-pa-land-banks/,state,PA,,state_program,interactive_map,public_html,,Housing Alliance of PA — map of all PA land banks (as of Feb 2024).
PA DCED Blight + Land Banks,https://dced.pa.gov/local-government/blight-and-land-banks/,state,PA,,state_program,HTML,public_html,,PA Dept of Community + Economic Development — blight + land bank resources for PA local govts.
Philadelphia Land Bank,https://www.phila.gov/departments/philadelphia-land-bank/,city,PA,Philadelphia,state_program,HTML,public_html,,Philadelphia Land Bank — vacant property + tax-delinquent inventory.
Pittsburgh Land Bank,https://www.pittsburghpa.gov/City-Government/Boards-Authorities-Commissions/List-of-Boards-Authorities-Commissions/Pittsburgh-Land-Bank,city,PA,Pittsburgh,state_program,HTML,public_html,,City of Pittsburgh Land Bank board + properties.
Michigan State Land Bank Authority,https://www.michigan.gov/leo/bureaus-agencies/landbank,state,MI,,state_program,HTML,public_html,50+,Michigan State Land Bank Authority — coordinates 50+ MI county land banks under Land Bank Fast Track Act 258 of 2003.
Michigan Land Bank ePropertyPlus,https://public-mlb.epropertyplus.com/,state,MI,,state_program,interactive_map,public_html,,Michigan State Land Bank — public property search tool.
GALBA,https://www.galbaonline.com/,state,GA,,state_program,HTML,public_html,,Georgia Association of Land Bank Authorities — statewide trade group since 2012.
NJ Land Bank Law,https://nj.gov/dca/dlgs/lfns/2025/2025-17.pdf,state,NJ,,state_program,PDF,public_html,,NJ DCA Land Bank Law guidance — 2019 enabling legislation for NJ municipal land banks with required Community Advisory Boards.
Knox County Land Bank,https://knoxadf.com/land-bank/,county,TN,Knox,state_program,HTML,public_html,33,Knox County TN Land Bank — 33 parcels back on tax rolls + 41.5 acres redeveloped + $1.46M value returned.
EPA EnviroAtlas Root,https://www.epa.gov/enviroatlas,national,US,,national,HTML,public_html,500+,EPA EnviroAtlas — free 500+ data layers on environment + people + health relationships.
EPA EnviroAtlas Brownfields Featured,https://www.epa.gov/enviroatlas/enviroatlas-brownfields,national,US,,national,HTML,public_html,,EPA EnviroAtlas Brownfields Featured Collection — curated map layers assessing brownfields + Superfund + RCRA hazardous sites in any US location.
EPA EnviroAtlas Data Download,https://www.epa.gov/enviroatlas/forms/enviroatlas-data-download,national,US,,national,Shapefile,downloadable,500+,EPA EnviroAtlas national data download — full 500+ layers available as shapefiles + CSV.
EPA EnviroAtlas Interactive Map,https://enviroatlas.epa.gov/enviroatlas/,national,US,,national,interactive_map,public_html,,EPA EnviroAtlas interactive map — view + assess brownfields anywhere in conterminous US.
Lincoln Institute Land Policy Data,https://www.lincolninst.edu/data/,national,US,,research,HTML,public_html,,Lincoln Institute Land Policy data — Atlas of Urban Expansion + Fiscally Standardized Cities + Place Database + State Property Tax Visualization Tool.
Lincoln Institute Place Database,https://www.policymap.com/blog/lincoln-institute-land-policy-unveils-place-database,national,US,,research,interactive_map,public_html,105,Lincoln Institute Place Database — analysis of household income + spending + vacant lots + structurally deficient bridges + zoning maps for 105 cities.
Fed Communities,https://fedcommunities.org/,national,US,,research,HTML,public_html,,Federal Reserve System Community Development hub — research + data + stories on LMI communities + vacant property impacts.
Federal Reserve Stable Communities,https://www.federalreserve.gov/consumerscommunities/stablecommunities.htm,national,US,,research,HTML,public_html,,Federal Reserve Board Data Tools + Video Reports on neighborhood stabilization.
Atlanta Fed Foreclosure Resource Center,https://www.atlantafed.org/community-development/data-and-tools/foreclosure-resource-center.aspx,national,US,,research,HTML,public_html,,Federal Reserve Bank of Atlanta foreclosure resource center — data + tools for vacant property impacts.
USDA RD/FSA Resales,https://www.resales.usda.gov/resales/public/home,national,US,,national,HTML,public_html,,USDA Rural Development / FSA Resales — single + multi-family + farm + ranch properties for sale by US Federal Govt; foreclosure + REO.
USDA RD Resale SFH Search,https://properties.sc.egov.usda.gov/resales/public/searchSFH,national,US,,national,REST,public_html,,USDA RD Single Family Housing foreclosure + REO search portal.
USDA RD Resale Properties (data.gov),https://catalog.data.gov/dataset/usda-rural-development-resale-properties-foreclosure,national,US,,national,CSV,downloadable,,USDA RD Resale Properties Foreclosure dataset on data.gov.
Vacant Property Research Network,https://vacantpropertyresearch.com/,national,US,,research,HTML,public_html,,VPRN at Virginia Tech — research on vacant property strategies. Case studies: Philly + Cleveland + Baltimore.
VPRN Data Resources,https://vacantpropertyresearch.com/category/data/,national,US,,research,HTML,public_html,,VPRN information + data resources — academic + practitioner studies on vacant property strategies.
Reclaiming Vacant Properties Conference,https://reclaimingvacantproperties.org/about/,national,US,,research,HTML,public_html,,Reclaiming Vacant Properties Conference — biennial CCP-hosted conference since 2007 Pittsburgh.
EPA NSP Vacant Properties Cost Report,https://www.epa.gov/sites/default/files/2021-01/documents/nvpc_vacantpropertiestruecosts.pdf,national,US,,research,PDF,downloadable,,National Vacant Properties Campaign report on true cost of vacant properties to communities.
Cleveland Fed Vacant Foreclosed Analysis,https://www.clevelandfed.org/-/media/project/clevelandfedtenant/clevelandfedsite/publications/cd-reports/special-reports/sr-200811-spatial-analysis-of-impact-of-vacant-abandoned-foreclosed-properties/sr-200811-spatial-analysis-of-impact-of-vacant-abandoned-foreclosed-properties-pdf.pdf,national,US,,research,PDF,downloadable,,Federal Reserve Bank of Cleveland spatial analysis of vacant + abandoned + foreclosed property impacts.
Fannie Mae HomePath REO,https://www.homepath.fanniemae.com/,national,US,,national,HTML,public_html,,Fannie Mae HomePath REO foreclosure inventory — homes owned by Fannie Mae post-foreclosure.
Freddie Mac HomeSteps,https://www.homesteps.com/,national,US,,national,HTML,public_html,,Freddie Mac HomeSteps REO inventory — homes owned by Freddie Mac post-foreclosure.
NEOCANDO USPS Vacancy Guide,https://neocando.case.edu/resources/neocando/new%20docs/11-%20USPS%20Vacancy%20Indicators.pdf,national,US,,research,PDF,downloadable,,Case Western NEOCANDO documentation of USPS vacancy indicators methodology + use cases.
HUD Difficult Development Areas 2026,https://hub.arcgis.com/datasets/HUD::difficult-development-areas-2026/explore,national,US,,national,ArcGIS_FeatureServer,open_api,,HUD 2026 Difficult Development Areas — high-cost / low-rent census tracts targeted for housing investment.
HUD Public Housing Buildings Layer,https://hudgis-hud.opendata.arcgis.com/datasets/52a6a3a2ef1e4489837f97dcedaf8e27_0,national,US,,national,ArcGIS_FeatureServer,open_api,,HUD Public Housing Buildings nationwide ArcGIS feature layer.
